Date,Open,High,Low,Close,Volume
2020-01-02,117.75172424316406,118.1897412973987,116.85705428801036,118.04994756154863,297200.0
2020-01-03,117.48145294189452,117.73308307709652,116.50291105556585,116.58678302716356,514700.0
2020-01-06,117.82630157470705,117.82630157470705,116.60545077166644,116.65204395127977,253700.0
2020-01-07,117.5373764038086,117.86355703731356,117.22983161641623,117.5560122499212,255900.0
2020-01-08,118.0499496459961,118.46000938234222,117.53738208576831,117.55601793278184,216100.0
2020-01-09,118.36682891845705,118.7396098914866,118.14315606851588,118.54389437023669,169600.0
2020-01-10,118.068603515625,118.61844993090388,117.89153095670883,118.51593498734246,359100.0
2020-01-13,119.14966583251952,119.14966583251952,117.92881504479382,118.33887483740038,269900.0
2020-01-14,119.53174591064452,120.0629635432953,118.7489123450212,118.94462073642704,232900.0
2020-01-15,119.79270935058594,120.39848468806832,119.31742051505756,119.31742051505756,228000.0
2020-01-16,121.13469696044922,121.13469696044922,120.44506397275006,120.44506397275006,203300.0
2020-01-17,120.82714080810548,121.45155893835869,120.6687112387784,121.45155893835869,247900.0
2020-01-21,120.39845275878906,120.78986949961212,120.20273727817332,120.49163909494214,194100.0
2020-01-22,120.5009994506836,121.30247609901808,120.3425698390888,120.8178586738732,240100.0
2020-01-23,120.6501235961914,120.82718196074964,119.3826723894842,120.32393575856896,249700.0
2020-01-24,119.37332153320312,121.05083226160862,118.627766739627,120.9390029531851,226500.0
2020-01-27,117.81696319580078,118.38545252106688,116.73590630707184,117.40691056707148,1117300.0
2020-01-28,118.95394897460938,119.21489351131184,118.29226615362664,118.52525336285456,159000.0
2020-01-29,118.52523803710938,119.46650823153816,118.52523803710938,119.2614783762958,184800.0
2020-01-30,118.82347106933594,118.88870720041676,117.5466986636622,117.9474369289317,367000.0
2020-01-31,116.79181671142578,118.54387779643903,116.49359339673832,118.40409117252668,288100.0
2020-02-03,118.394775390625,118.60911963107333,117.46282659861146,117.49078392473906,482800.0
2020-02-04,120.41710662841795,120.99491031432594,119.7274594204174,119.97908956961363,369900.0
2020-02-05,120.99490356445312,121.33972003901248,120.3518566748303,121.33972003901248,211200.0
2020-02-06,120.7805633544922,121.37700998402804,120.7246344845028,121.32108111403868,161100.0
2020-02-07,119.73677825927734,120.2679959029242,119.48516232109638,120.25866731382924,267500.0
2020-02-10,120.64077758789062,120.64077758789062,119.69018576499656,119.70882872398973,403900.0
2020-02-11,121.46090698242188,122.0107534437869,121.04153280376062,121.23723411761014,247500.0
2020-02-12,122.17849731445312,122.31828395080407,121.62863669718124,122.09461111223192,189000.0
2020-02-13,122.607177734375,122.83085055820952,121.20925458133108,121.6006713577342,129400.0
2020-02-14,122.70036315917967,122.91470736781672,122.24370319951932,122.7283204811581,191600.0
2020-02-18,122.68175506591795,122.97998554564396,122.02939366703232,122.5699257462267,204400.0
2020-02-19,123.362060546875,123.8653208722645,123.17567362726832,123.17567362726832,168700.0
2020-02-20,123.69757080078124,124.00511563748168,122.04803152267628,123.1756817034998,147200.0
2020-02-21,122.29965209960938,123.40867358341582,121.96414992148652,123.23160101434932,150400.0
2020-02-24,118.62776947021484,119.28945229770402,117.59330568225424,118.46001839351298,332000.0
2020-02-25,114.63902282714844,119.2987596741945,114.33147801952066,119.08441543387576,583600.0
2020-02-26,113.17585754394533,116.25128412751492,112.91491303372536,115.08634819960112,300600.0
2020-02-27,108.7397689819336,112.85898031664904,108.57201794019296,110.73413852807018,424200.0
2020-02-28,107.70532989501952,108.05015353426772,104.46214472080432,105.43137239229156,813500.0
2020-03-02,110.724853515625,110.724853515625,106.34469625351116,108.3670237875821,503000.0
2020-03-03,108.39496612548828,112.70989375826105,107.22071571921536,111.0230615412789,442600.0
2020-03-04,111.65679168701172,111.66611316655656,109.0193817922683,110.24955401458078,275600.0
2020-03-05,108.07811737060548,109.8954149201964,106.97841736079492,109.26168937030208,389100.0
2020-03-06,105.6457290649414,106.71747173407633,103.38109292797864,104.8815312427263,857100.0
2020-03-09,95.78571319580078,100.52933711063268,95.42225366936492,98.1901432246891,848900.0
2020-03-10,99.26187133789062,99.2805071858996,94.39709733393994,98.71201783385447,717700.0
2020-03-11,92.99917602539062,97.35137542179748,91.9460763910116,96.54057736758716,640000.0
2020-03-12,83.25098419189453,88.69356152135605,83.17642658486511,86.45688308190697,1222600.0
2020-03-13,89.29002380371094,89.29002380371094,81.93694738929887,88.10645180308873,1092600.0
2020-03-16,77.361083984375,82.47748170613514,76.17750484145284,79.52320525429707,1235000.0
2020-03-17,80.11964416503906,80.66017620713914,74.40679313599179,78.12527418507513,1047100.0
2020-03-18,72.0955581665039,77.07216123721014,69.14128224130017,75.24554248222032,1210500.0
2020-03-19,76.0936279296875,77.2306067077286,69.70977948550234,71.5643557769499,869500.0
2020-03-20,73.71715545654297,79.5138786647801,73.50281119448987,77.14672764124437,850000.0
2020-03-23,72.19807434082031,74.00605727975166,69.90548115661312,73.44688231416522,1109700.0
2020-03-24,79.66299438476562,79.69095171388152,76.00043495626333,76.00043495626333,841200.0
2020-03-25,82.00216674804688,84.9564496254053,78.87081844695732,80.80927351148028,796300.0
2020-03-26,86.56428527832031,86.90042157259907,82.52131777254408,82.79209462758223,1094600.0
2020-03-27,83.9032211303711,85.82666236688056,82.40928584358484,83.8565327586781,984900.0
2020-03-30,85.43449401855469,85.611901258378,82.39059639004914,84.20199668487213,622700.0
2020-03-31,84.53813934326172,86.0600847104497,83.24028247446422,85.24776123241733,604500.0
2020-04-01,79.43074798583984,81.68099359788499,78.62775642602372,80.93402238570638,646200.0
2020-04-02,80.0656509399414,81.84904087002256,78.02082328943118,78.82381464425968,399500.0
2020-04-03,77.88079071044922,80.56053509659205,76.77901211350847,79.58947539050484,510800.0
2020-04-06,84.1646499633789,84.47277608703165,80.9993724624053,81.04606082913254,2012800.0
2020-04-07,84.57550811767578,88.6371478154327,84.47279938146832,87.32061244603508,791200.0
2020-04-08,88.6557846069336,88.97324979343136,85.28509006423985,85.59321615369961,531900.0
2020-04-09,91.9518051147461,93.09092584103868,90.28046261140328,90.9340570546568,629100.0
2020-04-13,89.9443359375,92.07319477944031,88.5250919604425,91.48495971742396,623800.0
2020-04-14,92.3159637451172,93.44575264479094,91.20484592185753,92.44668265095407,567000.0
2020-04-15,89.2347183227539,90.01903890086464,88.68383250930572,89.37477633209292,567400.0
2020-04-16,89.21601867675781,89.89762318101722,87.77810401371497,89.61751437568306,508600.0
2020-04-17,92.71743774414062,92.9695363964598,91.48494040510874,92.43732179832428,572200.0
2020-04-20,91.63434600830078,93.1843088256515,90.78467317513824,91.04611096995748,487400.0
2020-04-21,88.87055969238281,90.56991240304043,88.13292759220103,89.54283234691027,493400.0
2020-04-22,90.51387786865234,91.05542442334038,89.76690678656347,90.85001414322792,308800.0
2020-04-23,91.17683410644533,92.67076952033102,90.77533829612172,91.05544717917444,473200.0
2020-04-24,92.4560089111328,92.96955252634592,90.85003286390726,91.83042459707004,283200.0
2020-04-27,96.01344299316406,96.56432871469994,93.40839009922392,93.45507134545088,414700.0
2020-04-28,96.51763153076172,98.50643180748152,95.55590398517852,98.12360718395172,335700.0
2020-04-29,100.75668334960938,101.38226754998269,98.4130684680929,99.17871064022074,374500.0
2020-04-30,97.84349060058594,99.63621243621012,97.84349060058594,99.46814431889264,369900.0
2020-05-01,94.5008316040039,96.10681468064324,93.333693568498,95.9667566916535,302900.0
2020-05-04,95.05170440673828,95.20109433946874,92.72676080151018,93.43638257200011,281000.0
2020-05-05,96.04146575927734,98.00225644905048,95.77068885053237,96.64837902897156,432100.0
2020-05-06,95.75198364257812,97.03116205454891,95.4812068303542,96.71370400661684,303700.0
2020-05-07,97.67545318603516,98.49711583806231,97.06853995363475,97.06853995363475,386300.0
2020-05-08,100.75668334960938,100.89673419771955,98.721194581224,99.24407007722029,741900.0
2020-05-11,100.66331481933594,101.363597611509,99.26274923498984,99.63623481554446,2464500.0
2020-05-12,97.4513702392578,101.2982530502494,97.4513702392578,100.9807948905115,506200.0
2020-05-13,94.27674865722656,97.08721920713607,92.86684383254398,96.75108286318996,432400.0
2020-05-14,95.21044921875,95.25713046387214,90.86869449827525,92.21323973394354,328100.0
2020-05-15,96.37759399414062,96.63903178091442,93.96861931833278,94.54752236307864,1463900.0
2020-05-18,101.1395034790039,101.49431084276274,99.757609045019,99.86965685003764,351400.0
2020-05-19,99.94435119628906,101.95182976259228,99.9350120986846,100.71933245364124,329600.0
2020-05-20,102.17591857910156,102.68012299675384,101.42894748843646,101.7557517928801,681600.0
2020-05-21,102.41869354248048,102.81085019118316,101.10215849143518,102.25062538965862,1318300.0
2020-05-22,102.82018280029295,102.9415625771418,101.64370580479093,102.68012482784007,884400.0
2020-05-26,105.41590118408205,106.48966952398597,105.24783303415234,106.2469028354998,414700.0
2020-05-27,107.61946868896484,107.75018758234935,104.0246848736,107.06857581800548,412900.0
2020-05-28,106.32160186767578,108.62786048624515,105.92943810025596,108.62786048624515,1395200.0
2020-05-29,106.5830535888672,106.75112176158828,104.81834133711872,105.7427127252618,694800.0
2020-06-01,108.16099548339844,108.73989842187184,106.60170102449922,106.77910825737612,450300.0
2020-06-02,109.10405731201172,109.22544422147205,107.72216992829289,108.655880315428,571700.0
2020-06-03,111.58773803710938,112.03591506452256,110.41126087377026,110.47662032041993,377900.0
2020-06-04,111.1862335205078,111.89584827875454,110.14047533264888,111.02750446592458,867700.0
2020-06-05,114.36083221435548,115.78940772784098,113.90330907219372,114.78099896880047,569200.0
2020-06-08,116.8445053100586,116.8445053100586,115.4065906062911,115.8080863165875,417600.0
2020-06-09,114.61295318603516,115.56533467281058,113.93134145019908,115.24787655176716,371200.0
2020-06-10,112.642822265625,114.89306775256078,112.11994672035812,114.75300976760856,849200.0
2020-06-11,105.29451751708984,109.23477650159506,105.0424188462626,108.52516173441356,320200.0
2020-06-12,107.17127990722656,109.24411816083068,104.48219648624143,109.12273837183088,368000.0
2020-06-15,109.46820068359376,109.85102535079434,104.0713559390364,104.48219077727224,275400.0
2020-06-16,111.60640716552734,113.38979751588305,109.4495383400552,113.38979751588305,227400.0
2020-06-17,110.50460815429688,112.03589241507372,110.35521821657532,111.93318371629591,294500.0
2020-06-18,110.82209777832033,111.55039080391768,109.43086405132482,109.71098004131406,260100.0
2020-06-19,110.2058334350586,112.46541081265929,109.53356083129268,112.20397304978246,256000.0
2020-06-22,111.11151885986328,111.16753919484844,109.08536934326968,110.00040139169862,341200.0
2020-06-23,111.3636245727539,112.50275228085032,111.19555643346682,112.17595509991553,284100.0
2020-06-24,107.82487487792967,110.54196830537728,106.60170946938976,110.36456105844634,280100.0
2020-06-25,109.4962158203125,109.53356509126816,106.63906426683182,107.4140456109606,218300.0
2020-06-26,106.87248992919922,109.33748477840476,106.86315083071842,108.93598902746965,448300.0
2020-06-29,109.23922729492188,109.40787893629656,106.52207228709564,107.94623614330024,655400.0
2020-06-30,110.87889099121094,111.18808685216008,109.02373012226832,109.02373012226832,338200.0
2020-07-01,110.87889099121094,111.89080081883934,110.4197865345258,111.21619426708708,342600.0
2020-07-02,111.5160140991211,113.43676838975216,111.31925505420963,113.06198619299782,287600.0
2020-07-06,113.17443084716795,114.23318401419442,112.6497400243409,113.62416379576938,320600.0
2020-07-07,111.62847137451172,113.53985449495435,111.58162091068444,112.47172968476248,353100.0
2020-07-08,112.8277587890625,113.08073983364363,111.42233078078308,111.91891419996824,333900.0
2020-07-09,111.7877426147461,113.04326203191854,110.02627540007865,112.9870400501262,343000.0
2020-07-10,113.1650619506836,113.23064830505828,111.2162000658697,111.78774136043891,270200.0
2020-07-13,111.05691528320312,115.4605938083432,110.93511410115156,114.30813974594687,1079900.0
2020-07-14,112.74343872070312,112.74343872070312,109.6702372268908,110.78520527413112,241600.0
2020-07-15,115.76978302001952,115.99465663944513,113.85840014515952,114.61733610106243,222300.0
2020-07-16,115.05770111083984,115.13265183328676,114.23317882853952,114.87030643378247,241900.0
2020-07-17,115.76978302001952,115.98528511820832,114.71102986830164,115.39500795106272,200900.0
2020-07-20,116.53807067871094,116.82853061846264,115.32003754027389,115.58238291937184,357100.0
2020-07-21,117.1845932006836,118.08406631543096,116.81918247120426,117.11900684278672,294300.0
2020-07-22,117.6062240600586,117.9435273868198,116.59432122815213,116.78170878818516,263700.0
2020-07-23,117.00655364990234,119.0584806501394,115.8447352661424,117.86855485241058,545100.0
2020-07-24,115.3106918334961,116.35070921086368,114.82347989872916,115.88223317235132,408200.0
2020-07-27,116.87540435791016,116.9690981393614,115.10456543948555,115.65737090228934,252600.0
2020-07-28,115.70418548583984,117.02529106587548,115.62923476831786,116.34131304921776,194100.0
2020-07-29,118.1121597290039,118.29018288577768,116.37880006292713,116.37880006292713,176900.0
2020-07-30,117.93415832519533,118.20587528030742,116.10709751979536,116.7067462661197,203300.0
2020-07-31,117.29702758789062,118.03722055359042,115.488709873808,117.82171844018345,677100.0
2020-08-03,119.1334457397461,119.26461844513442,117.44692931564428,117.7748610791151,268100.0
2020-08-04,119.57383728027344,119.6019447013442,118.44949039879872,118.88048753476517,164300.0
2020-08-05,121.24156188964844,121.26030492946316,120.13596558533554,120.41705399555504,628300.0
2020-08-06,120.9604949951172,121.38212048723392,120.29525286112094,121.1853542993121,384300.0
2020-08-07,121.26968383789062,121.56951532386644,120.12661561367626,120.4357971755546,228200.0
2020-08-10,121.44771575927734,121.97240660084462,120.97923975119896,121.56952409633874,440500.0
2020-08-11,120.70753479003906,122.64701810682598,120.33274539051844,122.10359849684012,213300.0
2020-08-12,121.9255828857422,122.30972238605376,121.34466285462234,122.06611998381292,355900.0
2020-08-13,122.19727325439452,122.89998722638887,121.72879727306496,121.79439077289224,261500.0
2020-08-14,122.07545471191406,122.50645886925211,121.71942271767948,121.88806719440883,326100.0
2020-08-17,123.36846160888672,123.50901297951548,122.1879072980668,122.45025270047124,180200.0
2020-08-18,122.90936279296876,123.90254397311188,122.40341497762545,123.41532490506576,195900.0
2020-08-19,122.40340423583984,123.48089327777014,122.35655377820105,123.15296866780336,236300.0
2020-08-20,122.59076690673828,123.0592427946088,121.34461932939274,121.71002995006178,213300.0
2020-08-21,122.21600341796876,122.89060990373544,121.89744321545416,122.384647891035,464300.0
2020-08-24,123.21853637695312,123.64017615961824,122.30969191119895,123.56521829373892,250700.0
2020-08-25,123.509033203125,123.51839757733272,122.34720744741423,123.43407531919968,248700.0
2020-08-26,123.9868392944336,124.26792770712495,123.36844764586272,123.68700784176266,205600.0
2020-08-27,124.68020629882812,125.26111194894102,123.79946915397788,124.29605255747812,255100.0
2020-08-28,125.52345275878906,125.64526108615664,124.9238040880404,125.3735370169139,188800.0
2020-08-31,125.5796890258789,126.23555263760711,124.95193283345658,125.49536676796124,564400.0
2020-09-01,126.79773712158205,126.9757603188917,125.11122037964212,125.64528997157112,313200.0
2020-09-02,127.38800048828124,127.69718206781268,125.37354510583792,127.48168711043373,264100.0
2020-09-03,122.5814208984375,126.21679890785012,121.89745000277794,126.20742023876812,275600.0
2020-09-04,121.56950378417967,123.7151172521124,117.8498037577946,123.19042649821186,248500.0
2020-09-08,117.48441314697266,119.50823294020556,117.03468018072752,118.97417057505407,278600.0
2020-09-09,119.74246215820312,120.23904554833145,118.63685857044769,119.47074523469637,249200.0
2020-09-10,118.40262603759766,121.54141378735586,118.16838803913248,120.6700409987539,244500.0
2020-09-11,118.00910186767578,119.51759516372624,116.79106855332626,119.2365138519732,333800.0
2020-09-14,121.45708465576172,121.63510781198656,119.32082822619162,119.32082822619162,201800.0
2020-09-15,122.45024871826172,123.15296265829603,121.99113713060868,122.693851070643,239400.0
2020-09-16,122.84375762939452,124.46468032685743,122.74069235402112,122.9749303165288,337900.0
2020-09-17,121.76629638671876,122.05674923874108,120.05167239597786,120.76375081696018,467400.0
2020-09-18,121.28842163085938,122.82502218810436,119.77992848711418,122.3940323166066,587300.0
2020-09-21,119.58318328857422,119.95796552483728,117.08152312021129,119.95796552483728,543500.0
2020-09-22,120.35147094726562,120.52949409907644,118.50568167436896,119.72371487813132,191400.0
2020-09-23,117.0252914428711,120.62319038541207,116.94096205637082,120.10786399117588,273200.0
2020-09-24,116.6973648071289,118.37450245783891,114.7297600511714,116.41627637102758,715500.0
2020-09-25,119.08658599853516,119.40515336420032,116.4256460127916,116.4256460127916,405200.0
2020-09-28,121.71945190429688,121.99116172531896,120.82935026014982,120.96052298353196,252900.0
2020-09-29,121.17904663085938,122.05306263590845,120.7937212706233,121.81811024654826,256800.0
2020-09-30,121.91207885742188,123.03984729101803,121.00985550633273,121.5173606226809,573500.0
2020-10-01,124.28981018066406,124.28981018066406,122.4759846734964,122.9646753034042,390200.0
2020-10-02,124.0454559326172,124.69391241487595,121.48917305120712,121.98727091835978,314500.0
2020-10-05,126.8272933959961,126.9494732239934,124.9570816063134,125.18262671602488,929500.0
2020-10-06,126.188232421875,129.06404735333692,125.69013450709792,127.56034633566846,1049400.0
2020-10-07,128.65049743652344,128.93244310102196,127.52272911888151,127.52272911888151,487400.0
2020-10-08,129.83465576171875,130.16359476984132,129.07341248387502,129.8628488949461,362900.0
2020-10-09,130.8402862548828,131.21620433746676,130.29519499688715,130.718106424883,287300.0
2020-10-12,131.64849853515625,132.0056306853873,130.98122757135923,131.610898129683,233400.0
2020-10-13,131.57334899902344,131.96806732517766,131.0188647556418,131.1974308808833,200700.0
2020-10-14,130.93429565429688,132.55075516204303,130.7369293054789,131.8741053641083,202200.0
2020-10-15,131.43235778808594,131.62031681068646,128.33098372393775,129.16741356381112,281300.0
2020-10-16,130.8684539794922,132.02441548228873,130.8684539794922,131.83645647749827,332100.0
2020-10-19,129.54335021972656,132.15601972817657,129.34599823676763,131.54514923187625,280600.0
2020-10-20,129.2801971435547,130.77449086024708,129.27080421074697,130.27639295468296,268100.0
2020-10-21,128.3591766357422,130.27638160747995,128.19941074979357,129.84407729029053,211200.0
2020-10-22,129.9380340576172,130.17298639238527,127.90805678388875,128.92303825057675,1376900.0
2020-10-23,130.7086944580078,130.7086944580078,129.17680053086073,130.65230818786682,321000.0
2020-10-26,128.02085876464844,129.68432569275697,126.41377811539851,129.37418681867874,269700.0
2020-10-27,127.34416961669922,128.68809013223668,127.21259687853224,128.28397898656416,173100.0
2020-10-28,123.77289581298828,125.22021032778387,123.69770933972002,124.75030562512232,332700.0
2020-10-29,124.95704650878906,125.62430305807582,123.4063526132996,123.93264350861068,245400.0
2020-10-30,122.50418090820312,124.76911103112592,121.29181855484244,124.16763349112206,1463000.0
2020-11-02,124.02664947509766,124.7221136037735,122.53235594897686,123.81989025685225,205300.0
2020-11-03,127.18444061279295,127.72012465191614,125.11686226781264,125.7747261493486,231600.0
2020-11-04,129.21441650390625,130.63352372137314,127.52275649411958,128.13362694804144,201100.0
2020-11-05,132.8326873779297,133.08643998896534,131.15043447891972,131.5169596547016,263600.0
2020-11-06,132.47557067871094,133.45296637621638,132.11843843329703,133.20862103692923,246000.0
2020-11-09,133.34019470214844,137.77609729661737,133.34019470214844,137.73849688087142,372300.0
2020-11-10,133.91343688964844,134.18597528619466,131.25377475903878,133.62208395080975,317100.0
2020-11-11,134.99424743652344,135.16342061783212,133.83828566894604,135.16342061783212,372800.0
2020-11-12,133.58450317382812,135.07879662927607,132.73868047763006,134.4397331415447,350200.0
2020-11-13,135.5581512451172,135.8024965954939,134.35519602111927,134.61834158009648,178800.0
2020-11-16,137.71971130371094,137.80430507794776,136.36639734058105,137.16522700558568,950200.0
2020-11-17,138.8662567138672,139.27038228540866,136.63891262487735,137.5411361206203,355500.0
2020-11-18,138.32115173339844,140.2101779571535,138.21778645782433,139.1669888656387,615400.0
2020-11-19,140.10682678222656,140.21020641914075,138.17082116397614,138.17082116397614,427200.0
2020-11-20,140.25718688964844,140.6800983326011,139.53352949770786,139.9752411475613,283300.0
2020-11-23,142.75704956054688,143.42432057906274,141.2815561826673,141.59169502166586,307800.0
2020-11-24,144.48634338378906,144.93744800870107,143.3021740254036,144.4581502410044,361600.0
2020-11-25,145.0972137451172,145.407352655708,143.3491671929237,144.37355628707195,309500.0
2020-11-27,146.4317169189453,146.4881031948807,145.6986666510755,145.88662568431172,155400.0
2020-11-30,144.82469177246094,147.1648089296761,143.14242424799218,146.61971754042895,330600.0
2020-12-01,145.8114471435547,146.817050253682,145.24757001313833,146.817050253682,878000.0
2020-12-02,145.47312927246094,145.67049560852644,143.37735777029636,144.69309988323283,700800.0
2020-12-03,146.8076629638672,147.71926507676642,145.7738666744981,145.7738666744981,622200.0
2020-12-04,149.44850158691406,149.48608765486463,147.19295032032034,147.3997095449336,985300.0
2020-12-07,150.04054260253906,150.31309531849885,149.12892647323443,149.42967231976232,1207200.0
2020-12-08,151.45974731445312,151.65709933729752,149.47674810860036,149.47674810860036,259900.0
2020-12-09,149.1665802001953,152.32434101585827,147.9354319240917,152.15516783162033,823400.0
2020-12-10,150.9992218017578,151.22478129082816,147.5595148803139,147.72868808220613,725000.0
2020-12-11,150.41648864746094,151.46907052573286,149.01616755984003,150.35069510989263,761400.0
2020-12-14,150.95220947265625,152.7190560640341,150.85823711929203,151.9014263220206,1060800.0
2020-12-15,153.5554656982422,153.5554656982422,151.61006759073194,152.30551740697575,1255900.0
2020-12-16,153.22653198242188,153.92199616320406,152.2773295659806,153.92199616320406,1189600.0
2020-12-17,155.6512908935547,155.70767718579538,154.03481692764555,154.12880364161947,936100.0
2020-12-18,155.1531219482422,156.81658851087977,154.3730784679133,156.20571817031447,7784000.0
2020-12-21,156.2715606689453,156.35614010291155,153.30175848213597,153.86565005596097,642700.0
2020-12-22,157.8034210205078,158.1323457505367,156.56286556228142,156.91999777122936,804800.0
2020-12-23,158.188720703125,159.166116142256,157.65302247661594,158.71501165806885,1252600.0
2020-12-24,157.89596557617188,158.97252842108932,157.4426797492847,158.679781024356,275200.0
2020-12-28,156.3189239501953,159.57694252421663,156.3189239501953,159.57694252421663,631600.0
2020-12-29,154.6474151611328,157.57491850122614,153.57085211271968,156.7816645518058,1059400.0
2020-12-30,155.75228881835938,156.51722761592296,155.20457621224858,155.43121193623992,655000.0
2020-12-31,155.5161895751953,156.46999621333973,154.19409991104024,155.88450142059915,429900.0
2021-01-04,153.221435546875,156.59278622255854,151.2949597391261,156.41335665812295,596800.0
2021-01-05,155.4784393310547,155.6956367126336,152.93812480884225,152.96645427558306,433600.0
2021-01-06,158.83091735839844,160.4079869660455,155.8750844333911,155.960072843514,1010800.0
2021-01-07,162.14553833007812,162.3910795308217,160.10573074235148,160.2096102327365,367900.0
2021-01-08,162.4005584716797,163.77930724172984,160.35131202161446,163.01438280756938,353700.0
2021-01-11,162.4005584716797,163.1277150861217,160.35131202161446,160.71960950508796,731700.0
2021-01-12,164.71421813964844,164.8936476999592,162.92938970816996,162.92938970816996,660300.0
2021-01-13,163.87371826171875,165.19580785414936,163.5148591967608,165.19580785414936,931300.0
2021-01-14,165.6680145263672,166.46128283401765,164.81810169423264,165.02586072603415,813100.0
2021-01-15,163.7509765625,165.24305760005873,162.19279823849857,165.11084861747494,578200.0
2021-01-19,165.4508056640625,165.62079686451543,164.23259543455572,165.3091583384329,869400.0
2021-01-20,166.73513793945312,167.3584150303232,165.80967506524192,166.42349939401808,824900.0
2021-01-21,165.59246826171875,168.08556207366445,165.2713769724572,167.63226180989432,509100.0
2021-01-22,166.56517028808594,166.6312675778828,164.31760306040883,164.64813273849043,426000.0
2021-01-25,166.20631408691406,168.37833130067156,163.71321995199833,166.78237063826236,379600.0
2021-01-26,164.4875946044922,167.51897768653834,164.41205895501537,167.51897768653834,359100.0
2021-01-27,160.26632690429688,163.5432220932946,159.59582921054132,161.92838479024053,506200.0
2021-01-28,162.26832580566406,163.5054270590966,160.86123336406183,161.3995219819534,655500.0
2021-01-29,159.71861267089844,163.0332903562846,158.44372887898842,162.09837461490392,429100.0
2021-02-01,163.14657592773438,163.62820564292943,159.9641078694793,161.51284770191853,471800.0
2021-02-02,166.13075256347656,166.44239111003787,164.22315346469136,165.15806910437533,344200.0
2021-02-03,166.4613037109375,167.38676670794945,165.27140830507906,167.02790753352227,390600.0
2021-02-04,169.41709899902344,169.59652856157044,167.34897587780344,167.34897587780344,432200.0
2021-02-05,171.7779998779297,171.83467322637918,169.9837329055839,171.1075165564561,330500.0
2021-02-08,174.90380859375,175.18710326261166,173.00564785418712,173.10008901693988,500400.0
2021-02-09,175.62152099609375,176.4242276895148,174.24275776508443,174.83770541808354,565500.0
2021-02-10,175.57427978515625,177.63297883209955,173.77056033235627,177.00024902261478,426200.0
2021-02-11,176.31088256835938,177.160809783569,174.28996565752908,176.78305955135428,511300.0
2021-02-12,177.18911743164062,177.36854696863637,175.20596858337728,175.70647497094637,342000.0
2021-02-16,176.25425720214844,178.5868130951355,175.52710047513972,178.49237191667177,440700.0
2021-02-17,174.75270080566406,175.46096626604125,172.54291602761478,175.46096626604125,341100.0
2021-02-18,172.68458557128906,173.7705869863666,171.277492821496,173.23231266027497,346700.0
2021-02-19,175.53652954101562,176.42422462381143,173.55338033861224,174.09166904572413,419800.0
2021-02-22,172.7412109375,175.17764569028043,172.4484635386634,174.34660966026942,557200.0
2021-02-23,171.42855834960938,172.24070326121486,165.3280403661259,170.46531335917112,582100.0
2021-02-24,173.6667022705078,174.1766615217695,170.50312488089932,171.89132647310186,350000.0
2021-02-25,167.34901428222656,174.48832973549833,166.8296165897898,173.676184546334,543800.0
2021-02-26,168.03836059570312,170.02149543875245,164.88422155268717,168.5766349067811,708200.0
2021-03-01,173.22283935546875,173.67613962965316,170.78641882779218,171.47579318144648,362200.0
2021-03-02,170.3047637939453,173.761102220351,170.26699598155483,173.65722272415752,351300.0
2021-03-03,166.67848205566406,171.1830546989095,166.66904370309575,170.78642774556127,433800.0
2021-03-04,162.0983428955078,167.50004841374638,158.96309540719778,166.20628816808653,1012400.0
2021-03-05,164.4970245361328,164.69533080546066,155.92228854062952,164.20427710351655,581800.0
2021-03-08,163.60931396484375,167.17897057130094,163.23157816689897,165.39414226807236,405600.0
2021-03-09,167.67947387695312,168.73714561933295,165.66799548645878,166.9051111826241,457500.0
2021-03-10,169.3982391357422,171.1641766506338,168.60497075878956,169.70987771067007,467100.0
2021-03-11,173.4778289794922,173.70447912967694,170.8336348661316,171.57968260442803,495800.0
2021-03-12,174.19557189941406,174.33721925726138,171.6269274726443,172.87346745080276,575800.0
2021-03-15,176.0937042236328,176.13147204608737,173.67616011495514,174.8282732307624,641200.0
2021-03-16,173.75169372558594,176.59419401393387,172.5617984902371,176.5375350807645,677400.0
2021-03-17,174.87545776367188,175.21542576248615,171.18304476591115,172.6090140447084,436600.0
2021-03-18,169.5209503173828,174.26161056419986,169.04877340382683,173.4494656964957,385700.0
2021-03-19,170.72032165527344,171.72133462893683,168.09501858520184,169.1432521426548,361300.0
2021-03-22,170.60702514648438,171.9857741437225,169.51157086806174,171.40971753262963,426200.0
2021-03-23,166.02687072753906,170.1253635377037,165.33749635764642,169.97427785244787,428700.0
2021-03-24,162.24000549316406,168.01944684236767,162.1361259861171,167.62281992719656,475700.0
2021-03-25,164.64431762695312,165.0044491308052,159.14764135817256,160.92932632149603,385400.0
2021-03-26,167.14627075195312,167.14627075195312,163.6208166018858,165.8289649700209,553500.0
2021-03-29,163.53550720214844,167.30735832160894,162.91002021115747,166.0184826102289,370900.0
2021-03-30,165.46885681152344,165.76264226307984,162.3509075916041,163.12803055708162,356000.0
2021-03-31,167.6580352783203,168.80474708580758,166.19856548232977,166.19856548232977,277800.0
2021-04-01,170.34951782226562,170.4821955887303,169.05117007466202,169.05117007466202,444400.0
2021-04-05,170.8043975830078,172.42497503153933,169.88512510847784,172.26386736064524,565700.0
2021-04-06,171.60995483398438,172.64294699448334,170.73807034854377,170.73807034854377,333400.0
2021-04-07,169.8756561279297,171.74263102299113,169.47762285305038,171.60995326469805,403300.0
2021-04-08,171.67630004882812,171.72368806542303,169.73352151556887,170.98448128107827,234900.0
2021-04-09,171.90371704101562,172.06482469430523,170.62431317088345,171.52464191101535,300300.0
2021-04-12,171.75210571289062,172.23544320251858,170.3589819971242,171.88478347340214,293600.0
2021-04-13,172.67140197753906,173.03153357453456,171.0982122715826,171.99854126407135,232900.0
2021-04-14,172.93670654296875,175.10695284385835,172.47234168460065,173.0693842826152,251300.0
2021-04-15,174.49093627929688,174.61414220111106,173.12624270494868,174.41511836285653,252500.0
2021-04-16,174.14979553222656,175.2586056540473,173.23052300664332,175.23966201697772,433700.0
2021-04-19,172.26388549804688,174.23510841073082,171.19297705787724,173.42008369164796,1421800.0
2021-04-20,169.34494018554688,172.28280887995302,168.16978403131003,171.68576621533754,541500.0
2021-04-21,172.66189575195312,172.66189575195312,168.21716935773222,169.30702129038164,723200.0
2021-04-22,172.27333068847656,174.9269001400303,171.58151202736966,173.00306554133164,604900.0
2021-04-23,175.34388732910156,175.760878663708,172.77560767866072,172.77560767866072,316000.0
2021-04-26,177.32460021972656,177.66577366904093,175.79879874651385,176.1873602089424,332800.0
2021-04-27,177.4951629638672,178.12064997204857,176.6801383819069,177.78896283313293,267200.0
2021-04-28,177.4098663330078,177.8458157504751,176.31052820268977,177.11608093594458,185800.0
2021-04-29,176.4337615966797,178.821975795546,174.87005835431236,178.821975795546,247700.0
2021-04-30,174.43408203125,176.39583272226105,174.04552061987255,174.8416015375406,289700.0
2021-05-03,174.03607177734375,175.92200479845403,174.03607177734375,175.92200479845403,446700.0
2021-05-04,171.8279266357422,173.2779102083074,169.87566192814677,173.059942696696,427300.0
2021-05-05,170.67172241210938,172.64294514710454,169.95147379118063,172.64294514710454,230000.0
2021-05-06,169.65768432617188,170.42532094119352,167.32633010574443,170.42532094119352,859600.0
2021-05-07,171.85633850097656,172.6145032635286,170.150471400432,170.26420551432832,263200.0
2021-05-10,168.21714782714844,171.64782531312864,168.17924610024423,171.64782531312864,637600.0
2021-05-11,168.13186645507812,168.77629707000912,163.99039762144707,164.89072636405555,377400.0
2021-05-12,162.79635620117188,167.71493515180785,162.51204252075237,166.6724564772011,524300.0
2021-05-13,164.31265258789062,166.27438910610408,161.81071874127008,163.66820741334135,1183000.0
2021-05-14,168.55833435058594,168.77630183404878,165.37405399325837,165.8952931587475,344100.0
2021-05-17,168.22665405273438,168.40671982913432,166.31230554555657,167.56326524030683,340700.0
2021-05-18,167.74331665039062,170.06518452542724,167.6485406306788,168.36880367459193,231100.0
2021-05-19,166.6819305419922,166.8146083216912,163.93358444709358,164.7865254258387,267800.0
2021-05-20,168.8521728515625,169.16491644920086,166.5776923642943,167.04205738983475,299900.0
2021-05-21,169.07958984375,170.81388698324247,168.75737449607368,170.3021195856002,249600.0
2021-05-24,170.58644104003906,171.2213999463931,169.3733830606177,170.03677188361505,182000.0
2021-05-25,169.5913543701172,172.00799856442038,169.37338685071023,171.2972217108484,244800.0
2021-05-26,171.9131622314453,172.074284320569,170.12200576715472,170.14096385895522,214200.0
2021-05-27,173.1452178955078,173.40110158116113,171.66680453091595,172.82300256441275,308500.0
2021-05-28,173.24948120117188,174.18771182513984,173.0504717862885,174.01711786587674,585000.0
2021-06-01,174.3488006591797,174.6520578883906,172.99357879327155,174.60468434001928,385800.0
2021-06-02,174.31089782714844,174.7847490334996,173.533789368344,174.7563191179818,321400.0
2021-06-03,172.5481719970703,173.2873786654589,171.24033814032583,173.20207446465244,297400.0
2021-06-04,173.95077514648438,174.07396662283372,172.97464284967313,173.5716855171266,588200.0
2021-06-07,175.76087951660156,176.03570682804047,173.9507646056806,174.21612009975604,413600.0
2021-06-08,177.17295837402344,177.5425617265563,175.09748783257325,176.29160209521078,889600.0
2021-06-09,176.1684112548828,177.6468247917127,176.0546915861396,177.5710068589532,413400.0
2021-06-10,176.2821044921875,177.06869915823546,175.1922526013635,176.64223600359955,205000.0
2021-06-11,177.96900939941406,177.98796749452515,176.58537213288537,176.90758744582607,346100.0
2021-06-14,177.5994110107422,178.71770728071672,177.16347603660887,178.21542620224704,461800.0
2021-06-15,176.68014526367188,178.09222699578737,175.6471531546699,177.7415817475991,264900.0
2021-06-16,176.30105590820312,177.01183262593037,174.64257690017288,176.46216356225992,208500.0
2021-06-17,175.84619140625,176.6612160866602,173.79915065627202,175.96938289065258,219500.0
2021-06-18,173.43899536132812,175.6661015845979,172.79456472868222,174.19716010504484,312700.0
2021-06-21,176.13052368164062,176.39587923724017,173.52434168423605,174.43412802892215,291000.0
2021-06-22,177.2582550048828,177.46675069500574,175.30599032536028,176.03572524079053,168000.0
2021-06-23,177.8647918701172,178.4997652478071,177.37199699958845,177.37199699958845,179100.0
2021-06-24,179.88043212890625,179.88043212890625,178.75957033505594,179.13952004622325,174700.0
2021-06-25,180.4694061279297,180.9253487637966,179.8329822731985,180.12744552749075,478000.0
2021-06-28,180.10841369628906,181.15329716088848,179.12053573406547,181.15329716088848,269200.0
2021-06-29,179.9564208984375,180.93480515200213,179.5574693624924,180.36488059814573,337900.0
2021-06-30,179.13949584960938,179.79492133287337,179.04451568172286,179.54795550338784,256000.0
2021-07-01,180.08941650390625,180.3933878811345,179.05404117675937,179.794953291062,531100.0
2021-07-02,179.52902221679688,180.63089694286248,178.92109383244275,180.63089694286248,240100.0
2021-07-06,178.5030975341797,179.80444052272534,177.02127335863668,179.6049719959459,243700.0
2021-07-07,177.1922607421875,179.08254478268404,175.90041131883456,178.73109054424918,197900.0
2021-07-08,175.39697265625,176.46085803823385,172.77528461374573,174.1906242367119,258500.0
2021-07-09,178.62657165527344,178.67406898876374,175.97637408451806,176.62230593285335,178500.0
2021-07-12,178.5791473388672,178.64564653177388,177.5057680385405,178.64564653177388,163700.0
2021-07-13,175.74842834472656,177.97116463929007,175.57744082521637,177.97116463929007,1315900.0
2021-07-14,173.2597198486328,176.89779587096473,173.2597198486328,176.63182815340838,879200.0
2021-07-15,172.74681091308594,173.8391774451461,170.9135176401561,172.89879662886204,330100.0
2021-07-16,171.3789520263672,174.25711420742883,171.07499511811614,173.78216976178626,561100.0
2021-07-19,169.65017700195312,170.77103903703767,167.37043476184112,168.68128618755165,804500.0
2021-07-20,174.4185791015625,175.11200837043174,169.56464669024305,170.16308128020736,4322700.0
2021-07-21,176.7838134765625,176.83131081763082,174.96002863393707,174.96002863393707,2059600.0
2021-07-22,175.56796264648438,176.67933089182804,174.6560629483246,176.34686398764956,371200.0
2021-07-23,177.2682342529297,177.3157315893582,175.49194692489033,176.4798248495034,374700.0
2021-07-26,177.24928283691406,178.05667974322577,176.57485530890776,177.21127916240818,298100.0
2021-07-27,175.45394897460938,176.69830085836205,173.60165440562955,176.54631518705526,297000.0
2021-07-28,177.51524353027344,178.43663692934658,175.35899165360345,176.27089138150475,383200.0
2021-07-29,178.38914489746094,179.76648095442343,178.0566779725385,178.25616102632293,243700.0
2021-07-30,177.11630249023438,179.15855796385046,176.80283739301862,177.1067943243411,194100.0
2021-08-02,176.7173309326172,178.87358287151056,176.61284257009405,178.0946814824647,244000.0
2021-08-03,177.4297332763672,177.8286993512856,174.97903277940603,177.2967494161123,223900.0
2021-08-04,176.45132446289062,177.6291917006182,176.2138522814727,176.45132446289062,187400.0
2021-08-05,178.71205139160156,178.9780190560941,176.74578940809255,176.74578940809255,186000.0
2021-08-06,178.48411560058594,179.8424642423864,178.06617666649376,179.3770134710841,174300.0
2021-08-09,178.37960815429688,178.9210517177156,177.11626882795835,178.4081181524028,546300.0
2021-08-10,178.06617736816406,179.32951683467658,177.87618799519137,178.79758137632305,251600.0
2021-08-11,178.4081268310547,178.50310701746864,176.5083491729367,178.50310701746864,1073000.0
2021-08-12,178.60760498046875,178.62660681643547,177.65771610029006,178.26564440383825,129200.0
2021-08-13,177.5912322998047,178.52211934865127,177.43924659962244,178.52211934865127,186200.0
2021-08-16,176.0998992919922,176.92629798138017,175.0265202169726,176.74583126885088,633800.0
2021-08-17,174.31410217285156,174.8650394594588,172.55681645120387,174.73205559677112,200500.0
2021-08-18,172.936767578125,175.2070014268675,172.89877840026395,174.21912336678523,158800.0
2021-08-19,171.33145141601562,172.73729738410196,170.448061721159,171.24596489602703,230200.0
2021-08-20,173.67770385742188,173.72520120695754,171.40746969351557,171.41697785991636,330100.0
2021-08-23,176.41336059570312,176.48935344395534,174.60857755571266,174.87454527751854,166900.0
2021-08-24,178.37960815429688,178.54110200223593,176.85979479822566,176.85979479822566,206200.0
2021-08-25,179.31053161621094,179.9849446181266,178.04717764058282,178.51261392507703,317000.0
2021-08-26,177.77171325683594,179.9089634191262,177.6197420386311,179.20605486423233,276200.0
2021-08-27,181.2768096923828,181.78024969288296,178.40815540497027,178.40815540497027,1324100.0
2021-08-30,181.1057891845703,182.0556779169,180.48835281206496,182.02718241446223,783100.0
2021-08-31,180.6593780517578,181.12481435154908,180.04194155030012,180.9538413012147,224200.0
2021-09-01,181.64724731445312,182.2741774567852,180.27940500178465,181.0773226802773,221300.0
2021-09-02,182.5971221923828,183.14805944239976,181.7612298942132,181.8657182432535,206300.0
2021-09-03,182.4356384277344,182.83458997966616,181.82771018276887,182.4071429236073,167400.0
2021-09-07,180.92532348632807,182.559133405256,180.7353486224383,182.41664138672385,283400.0
2021-09-08,179.2820281982422,180.4883766115828,178.28464199894856,180.4788829409023,201400.0
2021-09-09,179.2820281982422,180.79234800320336,179.0445559838463,179.1680316793076,177600.0
2021-09-10,177.80020141601562,180.241422902108,177.57223735105458,180.1654300490694,178200.0
2021-09-13,178.06617736816406,178.8070895414642,176.2233906059007,178.8070895414642,258300.0
2021-09-14,176.0998992919922,178.91157676074317,175.76743238555923,178.59811169031744,203400.0
2021-09-15,177.876220703125,178.04720827141082,175.7579721511937,176.41339792366853,327900.0
2021-09-16,178.31312561035156,178.9115601888385,177.00227443620025,177.67670185752306,224200.0
2021-09-17,177.90464782714844,178.91154202186735,177.04026012773645,178.31310750414644,385700.0
2021-09-20,174.27609252929688,175.330469636127,171.92986612485643,174.3140817023947,521900.0
2021-09-21,175.10252380371094,176.14740743586648,173.8296761021069,175.36849154750416,752300.0
2021-09-22,177.25877380371094,178.20866273369296,175.3779977807099,175.94792244220622,216100.0
2021-09-23,179.61448669433594,180.269912347365,178.113660509148,178.38913640391735,215600.0
2021-09-24,179.09796142578125,179.59260613437624,177.8994143201669,178.62234542146066,267600.0
2021-09-27,179.7257843017578,180.4106725330323,178.37503654414675,178.90772416521602,256300.0
2021-09-28,175.2835235595703,178.54624233123482,174.97912235452668,178.43209913666763,290700.0
2021-09-29,174.5796356201172,176.7008792540604,174.36085628935373,175.96844094788472,331300.0
2021-09-30,173.4666748046875,175.64498978242923,173.24789550033373,175.1884024688847,295900.0
2021-10-01,175.79718017578125,176.5391399601672,172.40128954949913,174.57009730611162,882700.0
2021-10-04,173.0196075439453,175.39768781395097,172.1730115484093,175.09330108700829,950100.0
2021-10-05,174.1706085205078,175.46428479575206,173.18131897874142,173.656935042954,216700.0
2021-10-06,174.30374145507812,174.5986210265964,171.73540367101552,172.5059137150226,192000.0
2021-10-07,177.2239990234375,178.35596721772265,175.98739474779882,175.98739474779882,618900.0
2021-10-08,175.78768920898438,177.75673204369096,175.77816759892116,177.6520959355419,182600.0
2021-10-11,174.75083923339844,177.2715982582201,174.62717442720577,175.69254963548534,159500.0
2021-10-12,176.08255004882812,176.83401691655575,175.10278228367352,175.492790873785,196900.0
2021-10-13,177.82330322265625,177.90891061472135,175.9779109155763,176.7103635818668,199900.0
2021-10-14,180.4677276611328,180.8577362461926,179.58307439537893,179.7257678974155,229100.0
2021-10-15,180.4962921142578,181.970704781494,180.4011630977974,181.85654705881151,176800.0
2021-10-18,181.2001953125,181.2001953125,179.42138153964032,179.8018830618839,357700.0
2021-10-19,182.11338806152344,182.6746115337087,181.1241130345299,182.0372877495008,151100.0
2021-10-20,182.94094848632807,183.23582808927023,181.9611661552885,182.35117476579524,169200.0
2021-10-21,183.9873046875,184.01584048834272,182.6270497984991,182.7221642964249,200000.0
2021-10-22,182.94094848632807,183.9397304925129,181.7804442643537,183.50217189287267,151900.0
2021-10-25,184.3392333984375,184.57704138618823,182.67457748418207,183.48313044839384,208300.0
2021-10-26,183.2358245849609,185.34756078360053,182.92191628357955,185.2048672749825,209600.0
2021-10-27,179.8399200439453,183.1311891585582,179.78284844614743,183.1311891585582,213300.0
2021-10-28,182.8648681640625,182.8648681640625,179.98263599864,180.45825205913417,210600.0
2021-10-29,182.998046875,183.47366295315345,182.28462275776985,182.313158561287,391600.0
2021-11-01,186.1370544433593,186.1846189421112,183.41654509638164,183.78752496321016,235300.0
2021-11-02,185.9944000244141,186.3463512352916,185.01463218225567,186.30830834005445,319200.0
2021-11-03,188.08709716796875,188.6007705703604,185.49974499606896,186.01341839846063,219600.0
2021-11-04,187.9349365234375,189.56153531704047,187.36419144676785,188.86713993499103,324700.0
2021-11-05,189.15249633789065,190.44617248862272,187.9539346820563,189.29517533756183,374400.0
2021-11-08,190.2368927001953,190.79811609607464,189.475904198086,190.3129930018711,151700.0
2021-11-09,189.8754119873047,190.7790794457617,188.34392795215828,190.31298507505272,213000.0
2021-11-10,186.4034118652344,189.80880933736464,185.3094864576269,188.5626978549664,253200.0
2021-11-11,187.60194396972656,188.1156027750308,186.76485530885728,187.5734081758011,173300.0
2021-11-12,188.7624969482422,188.819568550901,187.68760004933503,187.88736517329068,137700.0
2021-11-15,188.3629608154297,189.65663688930823,187.8492874178312,189.456871786987,201600.0
2021-11-16,189.50445556640625,189.7517706811854,188.0205358484321,188.23931516206943,169200.0
2021-11-17,187.05026245117188,189.1429699767911,186.61268933875715,189.1429699767911,199500.0
2021-11-18,186.0419464111328,187.85880291805813,184.75777747354425,187.7922097145672,984500.0
2021-11-19,184.5580444335937,185.81366317856325,184.2631648235876,185.38561166356567,582900.0
2021-11-22,182.00875854492188,185.3570998220486,181.45704214874496,185.2048991924858,286500.0
2021-11-23,181.0860290527344,182.69361343605743,178.86965677720028,181.71384564882177,310800.0
2021-11-24,182.17996215820312,182.237033757568,179.0218648566248,179.8304178866906,149200.0
2021-11-26,177.72817993164062,179.41186460291846,175.8352375779189,178.21331753155778,236000.0
2021-11-29,178.06112670898438,180.4392067932121,176.46304934476584,180.14432718511176,766100.0
2021-11-30,173.79962158203125,177.5950283324473,172.40130924830433,177.03380488276093,345400.0
2021-12-01,168.78660583496094,177.0718283007328,168.78660583496094,176.57719811880338,372100.0
2021-12-02,173.0196075439453,173.4476590896163,169.10053590366402,169.48102294100488,441900.0
2021-12-03,169.11007690429688,174.1421038927024,167.16956940136654,173.50476547966906,466700.0
2021-12-06,171.3834686279297,172.42982963946517,167.16951781210193,169.33832562269498,323600.0
2021-12-07,175.78768920898438,177.01477219123348,174.23717629222477,174.6842565257119,213700.0
2021-12-08,177.7186737060547,178.146725196873,174.97912094138024,176.35840441830516,475600.0
2021-12-09,173.70448303222656,177.68062598386246,173.6474114322929,176.87208746038695,556700.0
2021-12-10,172.93399047851562,175.49280702846306,171.82105071607424,175.08376969725083,206500.0
2021-12-13,170.83177185058594,172.90546540649146,169.76639652771345,172.79130768286214,635500.0
2021-12-14,169.1861114501953,171.26931169677394,167.99707153910225,169.0529395607388,418800.0
2021-12-15,171.64984130859375,171.89717096092406,166.6368437338529,169.2051821916314,564500.0
2021-12-16,168.05413818359375,172.87689088799638,167.083877580613,172.68663289610635,319800.0
2021-12-17,169.5570831298828,170.70808009465642,165.42874024154,166.87460225302763,392100.0
2021-12-20,167.00782775878906,167.39782189097804,164.93413422081943,167.33124319119943,533000.0
2021-12-21,172.1254425048828,172.1634999164042,168.7010157150922,168.86272342743388,285500.0
2021-12-22,173.5047149658203,173.5047149658203,171.55470093290148,171.9351879357518,248800.0
2021-12-23,174.845947265625,175.25498456310777,173.21934871412918,173.9232510873141,255300.0
2021-12-27,176.24720764160156,176.24720764160156,174.145845675583,175.0436893365367,603500.0
2021-12-28,174.87176513671875,177.27878715370548,174.6329736748063,176.1612302862417,333500.0
2021-12-29,174.9481658935547,175.04367372573037,173.44854863913366,174.881297293826,281700.0
2021-12-30,175.13916015625,177.0017301098144,174.24130218512923,174.98633016655498,319300.0
2021-12-31,174.66162109375,176.18033123802516,174.65207468250549,175.07233539736868,253600.0
2022-01-03,175.56900024414062,176.02747568685223,173.53449269418368,175.30155502133624,570200.0
2022-01-04,174.15536499023438,176.2758340243353,172.7321628408707,175.95108118209296,316300.0
2022-01-05,168.09963989257812,174.38463281131385,168.09963989257812,174.03121154296466,292000.0
2022-01-06,168.83509826660156,170.22964672024577,166.1988459569258,168.35751537592074,317700.0
2022-01-07,167.23997497558594,170.27740977210843,166.73373827194442,168.76824607221872,273700.0
2022-01-10,166.9725341796875,166.9725341796875,162.65518060485635,165.89319214231128,733500.0
2022-01-11,169.33177185058594,169.51325566309043,165.9695845509375,166.79102762486662,669900.0
2022-01-12,168.47213745117188,171.117936050393,167.36414169770427,170.38246892625156,410700.0
2022-01-13,165.55886840820312,169.56101492351308,165.1863543774641,169.1885008927741,273500.0
2022-01-14,165.2819061279297,165.38697496322536,162.42596932478722,164.0497484909856,398600.0
2022-01-18,160.5442657470703,163.86823857426168,160.43919692848254,163.3333480704232,492400.0
2022-01-19,158.71990966796875,162.15851260382004,158.56707963200327,161.6618222742694,880400.0
2022-01-20,156.27467346191406,162.59786624596498,156.11229702867683,159.77058370598115,446400.0
2022-01-21,152.79786682128906,157.19163511921124,152.66414419872655,155.52009504984323,708600.0
2022-01-24,155.57740783691406,155.77798449009174,146.41735687540523,150.04698977595794,908600.0
2022-01-25,152.15792846679688,154.67956582139252,150.0756592576894,153.1035333655985,524700.0
2022-01-26,150.17115783691406,156.29377368861185,148.9485468636002,155.0807091257541,1426800.0
2022-01-27,147.6399688720703,153.32320185778647,147.13371764365036,151.7758235169165,551300.0
2022-01-28,151.2313995361328,151.24094594704036,145.68188869216016,147.94562692446635,418100.0
2022-01-31,156.8477783203125,156.96239354941324,151.15498388864847,151.15498388864847,501400.0
2022-02-01,158.85360717773438,159.16881361154978,154.96609031002183,157.5354738317194,395800.0
2022-02-02,157.4686279296875,159.49357467896098,155.99767907071342,159.49357467896098,339500.0
2022-02-03,153.3614044189453,156.43703917820432,153.02710516447846,154.96609039427145,360600.0
2022-02-04,155.62513732910156,156.74269400100536,152.7596402875817,153.68615216364685,320300.0
2022-02-07,156.06454467773438,157.91756872340886,155.26220887692912,155.69203058631237,529300.0
2022-02-08,158.34739685058594,158.5670809198991,155.3386301882844,155.7493445167688,247200.0
2022-02-09,162.072509765625,162.072509765625,159.68459550405225,159.68459550405225,298600.0
2022-02-10,159.92337036132812,164.3266843864493,158.85358954687334,159.8087551525424,341400.0
2022-02-11,156.9528350830078,161.58537999097211,155.88303958643715,160.0953238284212,462000.0
2022-02-14,156.22691345214844,158.73900413042497,155.32905528236108,157.0292492135729,707700.0
2022-02-15,160.5824737548828,160.8690264171744,158.11814417865304,158.50976566462913,301800.0
2022-02-16,160.34368896484375,161.0218631413057,158.71990991058308,159.78014460286832,410600.0
2022-02-17,155.7206573486328,159.19745978958736,155.31948951790784,158.8249457628662,255400.0
2022-02-18,153.66708374023438,156.74271888573224,153.11308580862635,155.58696181597384,394000.0
2022-02-22,151.326904296875,154.59358402040377,150.37173853727947,152.75010652555454,633800.0
2022-02-23,148.0602264404297,152.91246983168136,147.77368839688205,152.60682439367335,412900.0
2022-02-24,152.40625,152.75011026485896,143.3990436623619,143.4276974698774,651200.0
2022-02-25,156.0072479248047,156.08366294563288,151.45110250881473,152.8360901464725,363100.0
2022-02-28,156.93374633789062,158.01307379818945,154.53627081416752,154.53627081416752,502700.0
2022-03-01,154.25927734375,157.43043480882704,153.19904271833852,156.52301563530145,1603100.0
2022-03-02,157.28712463378906,157.92708386543487,154.3547736895413,154.93742531457272,410700.0
2022-03-03,154.10646057128906,157.4495411727657,153.36143234607684,157.33492593032528,328300.0
2022-03-04,151.02127075195312,153.77215302059628,149.84642085583428,153.0271248352844,442200.0
2022-03-07,145.56723022460938,151.46061474622556,145.45261501759484,150.97347096707318,704500.0
2022-03-08,146.29319763183594,149.78910796267823,144.6789650956161,145.83470755342572,761900.0
2022-03-09,151.08810424804688,151.87134712212935,149.08226501199175,149.16822642753584,483000.0
2022-03-10,150.59146118164062,150.75383763771725,148.0698237569845,149.1491513267496,373500.0
2022-03-11,147.5922088623047,151.77582474069752,147.44892526170798,151.62300930460185,278000.0
2022-03-14,144.36375427246094,148.13665615889605,143.69514114664648,147.5253506474838,464300.0
2022-03-15,146.94268798828125,147.03821038827886,144.36374350973705,144.640735150255,417400.0
2022-03-16,152.32981872558594,152.4635413379396,147.80234272541753,148.82436242526242,420400.0
2022-03-17,155.27174377441406,155.4054663979656,151.1167814589159,151.77583359127306,293500.0
2022-03-18,157.85069274902344,158.0799377848385,154.34523605888842,154.54582728706075,378400.0
2022-03-21,156.68539428710938,158.45245687932302,155.434129398154,157.84115133912064,255600.0
2022-03-22,158.99691772460938,159.46493967485895,157.15344000981992,157.15344000981992,180400.0
2022-03-23,156.40419006347656,159.08102262221013,156.40419006347656,157.87644797078002,221700.0
2022-03-24,158.41180419921875,158.48828720845245,155.73495722660945,157.1689808275456,200800.0
2022-03-25,158.000732421875,158.79422727168418,156.4424220287136,158.72729916485588,274400.0
2022-03-28,158.85157775878906,158.89938146298636,156.27033819620237,158.20147947451937,459400.0
2022-03-29,163.31617736816406,163.90890248342882,160.26648469743043,160.26648469743043,1109100.0
2022-03-30,160.36207580566406,163.15363984755203,159.6450640439162,162.5800246030971,434400.0
2022-03-31,158.3735809326172,161.05042809020642,158.28754301164966,160.2091295181415,546000.0
2022-04-01,159.81716918945312,160.1422110800533,158.20150005583352,158.90895704212005,899300.0
2022-04-04,160.95481872558594,161.20337757902925,159.7693538963664,160.28561059120526,514800.0
2022-04-05,156.92999267578125,161.70051691952975,156.66230941036488,160.81142919960624,476900.0
2022-04-06,154.23402404785156,155.62024397995503,152.83823462207303,155.62024397995503,811000.0
2022-04-07,153.65084838867188,155.1422305846752,151.18432606926552,154.09060745280502,800900.0
2022-04-08,152.70440673828125,154.51127610065373,152.1785951063434,153.47877723820602,381200.0
2022-04-11,151.63368225097656,153.5935177605131,151.0505119693612,151.69104087086578,217300.0
2022-04-12,151.63368225097656,155.429066535193,151.0696363718726,153.41187240576724,407500.0
2022-04-13,154.98928833007812,155.20918248350026,151.8153232241052,151.8153232241052,230600.0
2022-04-14,153.04856872558594,155.49596688441164,152.95297589642024,155.01795897565214,268400.0
2022-04-18,151.5284881591797,152.76174199125032,150.60115176494813,152.71395287645558,275900.0
2022-04-19,155.3717041015625,155.63938737957164,151.7483957659512,151.7483957659512,443000.0
2022-04-20,154.79806518554688,156.30857178882445,154.63554426203277,156.00263975328565,261600.0
2022-04-21,150.8019561767578,156.85353868901325,150.32394821769478,156.44244425864352,346300.0
2022-04-22,146.9969940185547,150.7732683520217,146.777114454343,150.26656652339483,506500.0
2022-04-25,148.49794006347656,148.58397798681702,144.85552209895857,145.60121327653025,571500.0
2022-04-26,143.41189575195312,147.56101456707935,143.41189575195312,147.37936926798344,500800.0
2022-04-27,143.15379333496094,145.54383253763572,142.42721208125715,143.5553181704933,558900.0
2022-04-28,146.06008911132812,146.8535839560397,141.49033486840068,144.6929935535197,618600.0
2022-04-29,141.58592224121094,147.4749675020846,141.3755976332182,145.29525300801532,612600.0
2022-05-02,143.26853942871094,143.51709830434262,139.69303480920837,141.5955116495897,583800.0
2022-05-03,143.76565551757812,144.55915035364595,142.43679418672787,142.97216068151027,434300.0
2022-05-04,147.58013916015625,147.81914308551126,141.21308567530707,144.1480462930926,539500.0
2022-05-05,140.9358673095703,145.85935812469629,139.3584468527472,145.84978862925843,461300.0
2022-05-06,137.91481018066406,140.25706015528897,136.1079412149746,140.1996869636009,620900.0
2022-05-09,130.8881378173828,136.1271007626691,130.29539805134416,135.58217929587184,866800.0
2022-05-10,130.7925262451172,134.02386448963796,127.87667498195296,133.2686037982451,595600.0
2022-05-11,127.30305480957033,133.05825885195762,127.12140949155372,130.4005363584273,506500.0
2022-05-12,129.0908203125,130.63956133649862,125.53444014894114,126.37573877315982,627200.0
2022-05-13,134.4349365234375,135.25711069124614,131.03152262476468,131.3565644942686,549800.0
2022-05-16,132.77146911621094,134.9607387171349,132.57069939455127,133.85175697042197,1066400.0
2022-05-17,136.61463928222656,136.61463928222656,133.57451632297244,135.19974011432703,578000.0
2022-05-18,131.49996948242188,135.61084012971443,130.7255990580473,134.83645511769717,723300.0
2022-05-19,132.36036682128906,133.9951600383589,130.25713526120524,130.25713526120524,850100.0
2022-05-20,132.169189453125,134.2341871618901,128.67016798899144,134.03341741757518,735200.0
2022-05-23,133.440673828125,133.93780607916682,131.1366724784949,133.29726271981806,681300.0
2022-05-24,130.4005126953125,131.92058847739702,128.25904724028712,131.75806758751668,438900.0
2022-05-25,133.10606384277344,133.91868303513988,129.7695783353226,129.7695783353226,432000.0
2022-05-26,136.53817749023438,137.0639744867529,133.42155678464698,133.85176095799977,478500.0
2022-05-27,140.3430938720703,140.35264877657931,137.39856405520473,137.39856405520473,330500.0
2022-05-31,138.42152404785156,139.96071010031875,137.61847426073226,139.86511727098193,472400.0
2022-06-01,137.32211303710938,139.85554914785126,135.65864024378735,139.17678607862328,358400.0
2022-06-02,141.45208740234375,141.45208740234375,137.18825102171283,137.40813054508254,405900.0
2022-06-03,139.530517578125,140.66817883225664,138.87086427361876,139.8746838853611,388400.0
2022-06-06,140.03717041015625,141.45208409630112,139.38708676055566,141.29911808899226,666400.0
2022-06-07,142.0543670654297,142.22645747422138,138.37371543251845,138.62227425894903,1442800.0
2022-06-08,140.438720703125,142.33164256460583,139.9320334762275,141.3278230176346,397200.0
2022-06-09,136.8441162109375,140.01809602114986,136.82499180827554,139.5783222857952,343400.0
2022-06-10,132.51333618164062,134.97028893433398,131.9588453275458,134.20548804778844,795000.0
2022-06-13,125.35279846191406,129.18643150568778,124.85568070367312,128.48852940492588,657000.0
2022-06-14,124.9990692138672,126.57648949126,123.79449452500236,126.08892667169076,760700.0
2022-06-15,127.26482391357422,128.9091723248795,124.89390871564446,126.30880807386852,492600.0
2022-06-16,121.00292205810548,124.415898244104,120.16163076219472,124.06217705871356,698000.0
2022-06-17,122.9723129272461,123.94743850767254,121.01247768497709,121.55740638107888,651700.0
2022-06-21,124.87478637695312,126.6721008533334,124.43502725250538,124.90346568560648,617600.0
2022-06-22,124.8078842163086,126.09849698615211,122.99144517289258,123.02969397967576,493100.0
2022-06-23,126.9102554321289,127.15928161532511,124.439095497076,125.46396268825222,670600.0
2022-06-24,131.2204132080078,131.26830679277657,128.18414700656524,128.18414700656524,431600.0
2022-06-27,131.0767364501953,132.0153892523281,129.8507367777981,131.71846951191347,583100.0
2022-06-28,128.41404724121094,132.90617972967155,128.2990996970311,131.9962599390687,417100.0
2022-06-29,127.25506591796876,128.42359922406058,126.11526583947996,128.42359922406058,636200.0
2022-06-30,125.56932830810548,127.1114082913654,123.66327459740812,125.339447856818,511600.0
2022-07-01,127.41787719726562,127.6094368967679,124.6976914651558,125.28195804843212,360500.0
2022-07-05,128.8641815185547,128.8737690042008,124.15174232758832,125.5405831598723,516600.0
2022-07-06,127.7914581298828,129.51552511968367,126.60376428911506,128.61517821306143,379800.0
2022-07-07,131.0575714111328,131.24913111277357,128.82586508010056,128.82586508010056,362700.0
2022-07-08,130.73194885253906,131.8813219446858,129.20901452499606,130.1955611021369,353500.0
2022-07-11,128.24160766601562,130.20512763222743,127.9734211415161,129.69748780977693,608500.0
2022-07-12,127.44662475585938,129.31435761244728,126.81446452283888,127.96385207926518,304500.0
2022-07-13,127.26464080810548,128.05962755290125,124.98505523002802,125.37774755185757,409800.0
2022-07-14,125.59808349609376,125.96204267209164,123.87401634769442,125.31073653551496,388100.0
2022-07-15,128.27032470703125,128.28948506066908,125.41604584783664,127.06348549906598,512400.0
2022-07-18,128.14581298828125,130.74149301652898,127.82016002977596,129.869879555469,439500.0
2022-07-19,132.29318237304688,132.36980919899568,129.69751623874194,129.82202204272016,267700.0
2022-07-20,134.76431274414062,135.06123249426412,132.31231331916925,132.31231331916925,561100.0
2022-07-21,135.75086975097656,135.75086975097656,133.29887013469525,134.17048371214432,241900.0
2022-07-22,133.29888916015625,136.31601014001387,132.532635516935,135.76047661405525,277900.0
2022-07-25,133.56707763671875,133.90231817759124,132.17825110966797,133.71075841783818,313800.0
2022-07-26,131.7089080810547,132.7625086087555,131.50777546263024,132.7625086087555,241500.0
2022-07-27,135.10916137695312,135.60722845749058,132.61885520441228,133.00197473401144,280000.0
2022-07-28,137.10140991210938,137.23550320391794,133.75863587442552,135.49229041040647,442900.0
2022-07-29,138.4998016357422,138.7967214044873,136.56501478076163,137.0343485341438,250600.0
2022-08-01,138.6051483154297,139.18941492552983,136.45964158332592,137.47492119086118,374700.0
2022-08-02,138.59556579589844,140.15680597383903,137.6569129610651,137.88679338829894,1110200.0
2022-08-03,140.9901123046875,141.28703208394322,139.46719269265745,139.7258063712325,343700.0
2022-08-04,140.7506866455078,141.07633971804185,139.97486007238166,140.8752070735659,256600.0
2022-08-05,141.7180633544922,141.9479291945593,138.91166276474632,139.05532891478825,240100.0
2022-08-08,142.94407653808594,144.69687680728117,142.51304881765412,142.51304881765412,332400.0
2022-08-09,140.63572692871094,142.2544337249687,140.05146023802155,142.2544337249687,366500.0
2022-08-10,145.30984497070312,145.49181719950008,143.48999114710915,143.48999114710915,297900.0
2022-08-11,145.31942749023438,148.08750719872262,145.15660099150804,146.77530772276492,414600.0
2022-08-12,148.0491943359375,148.0683400772163,145.76000674205932,146.21976760400466,248000.0
2022-08-15,148.47059631347656,148.60468955650103,146.61245126444248,146.6603302251126,526700.0
2022-08-16,148.58558654785156,149.33267977598615,146.8519467591015,148.0970923959448,244800.0
2022-08-17,145.9803466796875,147.13929273209598,145.04167900632893,146.9573058440964,365500.0
2022-08-18,146.54542541503906,146.87107840834454,145.54930607814288,146.15271847983945,185000.0
2022-08-19,143.3750762939453,145.2715425499915,142.89616964034275,144.78306302474255,370700.0
2022-08-22,140.2047119140625,141.55521752477046,139.9365253661864,141.45944496628368,217300.0
2022-08-23,140.40585327148438,142.08202660775171,140.1568270658076,140.5399465537829,892400.0
2022-08-24,141.5264892578125,142.29274282792602,140.0227299627172,140.47290338709374,212500.0
2022-08-25,144.16046142578125,144.1891946529654,142.30231606923823,142.57050259967,267900.0
2022-08-26,139.36184692382812,144.21796778032615,139.36184692382812,144.21796778032615,204900.0
2022-08-29,138.15496826171875,139.35223464933915,137.60900777373112,138.06875397435826,336300.0
2022-08-30,136.40219116210938,138.92123012163057,135.6742437239377,138.92123012163057,308100.0
2022-08-31,135.75086975097656,137.5132572633655,135.37732316279417,137.20675000379504,363900.0
2022-09-01,133.93104553222656,134.2566985710203,131.86216514152704,134.22796533907217,338800.0
2022-09-02,133.08815002441406,136.03821662945015,132.56134980653786,135.68383039882005,282300.0
2022-09-06,132.12078857421875,133.7299081421078,131.22044160001133,133.7299081421078,251500.0
2022-09-07,135.0612335205078,135.2911139489966,131.89087417983094,131.89087417983094,213300.0
2022-09-08,136.71824645996094,136.71824645996094,133.5287270993773,133.94057971504964,443800.0
2022-09-09,139.71621704101562,139.87904354313386,137.92511090264418,138.0687770471395,124600.0
2022-09-12,141.3349151611328,141.58395594978614,140.10891541952645,140.5399284417198,236800.0
2022-09-13,135.64553833007812,138.44235189599922,135.21452519354543,137.38876585281636,251300.0
2022-09-14,136.24896240234375,136.4309492951066,134.41953521677553,135.9807758072427,273600.0
2022-09-15,135.13784790039062,137.58984711846492,134.6014748983204,135.2336350572181,346400.0
2022-09-16,132.71463012695312,133.37552375001488,131.57482977588415,133.10733715153668,325400.0
2022-09-19,133.79693603515625,133.91186894902458,131.29704285302674,131.29704285302674,288000.0
2022-09-20,131.64186096191406,132.84870044630935,130.85644704860613,132.63798035323018,258200.0
2022-09-21,129.61131286621094,133.95020628394664,129.57299214678645,132.4272719108765,216500.0
2022-09-22,126.23979949951172,129.5346796848363,125.86625288635408,129.25690563539484,554400.0
2022-09-23,123.51403045654295,124.92688380107737,121.76479253724486,124.64816431538246,865300.0
2022-09-26,121.44761657714844,124.95571294552448,121.30344652560576,122.84124329887644,1012200.0
2022-09-27,122.14923858642578,124.35982659188716,121.03433862386164,123.341037557214,547800.0
2022-09-28,125.9552993774414,126.4742998691072,122.53369305316522,122.87969826947172,939300.0
2022-09-29,122.97581481933594,124.4271214683545,121.52452283590598,124.23488493283172,535200.0
2022-09-30,122.16847229003906,125.2921252916605,122.05313477017329,122.58175590356537,479200.0
2022-10-03,125.27289581298828,126.01296538265048,122.20691530848411,123.60054947670784,507300.0
2022-10-04,130.77052307128906,130.7801436968226,127.90637778955283,127.90637778955283,320300.0
2022-10-05,130.16500854492188,130.6551911417673,127.50270578236388,128.80983493130586,375100.0
2022-10-06,129.38650512695312,131.20302885736783,128.68488872991148,129.3480666207211,415000.0
2022-10-07,125.22483825683594,127.85832327015378,124.63855203606616,127.85832327015378,370900.0
2022-10-10,123.84083557128906,125.63813279175392,122.9181500612562,125.50357601587297,553600.0
2022-10-11,123.2160873413086,125.18639437007802,121.22656105998648,123.08153057505832,608700.0
2022-10-12,123.10076141357422,123.73510676163708,121.69752127934328,123.35064836936196,351200.0
2022-10-13,125.22483825683594,125.85918361024352,118.92948051936834,120.15011209354572,409500.0
2022-10-14,121.75518035888672,127.17592609755648,121.66867539169836,126.3589648867072,282600.0
2022-10-17,125.83036041259766,126.25325734628936,124.06189565860444,124.3790683588732,494300.0
2022-10-18,127.64686584472656,129.47301009745829,126.47429348562544,128.6368223119958,352100.0
2022-10-19,125.16717529296876,127.11825585342856,124.1291596058058,126.31091520749796,565700.0
2022-10-20,124.00422668457033,127.08942661380334,123.5044380816881,125.29212936739287,288100.0
2022-10-21,126.41664123535156,126.53197142481608,122.8220394520848,123.97539267629055,436400.0
2022-10-24,126.7049789428711,126.99331907658728,124.67700671203812,126.64731384924556,423800.0
2022-10-25,130.4341583251953,130.70327190048732,126.85877549278456,126.85877549278456,319000.0
2022-10-26,130.4725799560547,132.9234490319932,130.11696877733942,130.11696877733942,260400.0
2022-10-27,130.66481018066406,132.63511739390876,130.44375575803912,131.6835993156013,1123600.0
2022-10-28,132.95228576660156,133.10606912759977,129.75174106057025,130.53024916043947,343400.0
2022-10-31,132.62550354003906,133.5674009359225,131.85660142141276,132.087261791089,1356000.0
2022-11-01,133.06761169433594,134.7591992799823,132.5966703315405,134.57658337784204,273900.0
2022-11-02,128.6560821533203,133.77887574608002,128.59841704953843,132.58707649408788,422500.0
2022-11-03,127.88716888427734,129.02130293494668,125.95531474577864,127.10866071899562,416900.0
2022-11-04,128.77137756347656,129.97278245291753,126.50312454558852,129.52105304124075,516500.0
2022-11-07,129.51145935058594,130.1746372588753,128.11783247993108,129.61718357749567,652400.0
2022-11-08,129.92474365234375,131.73166158176252,128.3100622677826,130.03046788577973,514500.0
2022-11-09,126.42623901367188,129.0981771099122,126.07062784211216,128.80021636376495,439700.0
2022-11-10,135.1339874267578,135.1339874267578,132.0007150259392,132.0007150259392,1879000.0
2022-11-11,137.05630493164062,137.88287225877087,135.39354965023372,135.44160878919516,304100.0
2022-11-14,135.19171142578125,137.24851629144635,135.15325825132638,136.1047763336327,353100.0
2022-11-15,137.60414123535156,138.76710789652472,136.50846030339898,137.81558971920123,355200.0
2022-11-16,134.6919403076172,136.69108033679038,134.39399416205228,136.69108033679038,378000.0
2022-11-17,133.1829376220703,133.53854875007983,131.80852290400415,132.4044149921468,274100.0
2022-11-18,133.7692108154297,134.99946283955717,132.72158933544443,134.71112275055205,277400.0
2022-11-21,132.7408447265625,133.42324926311855,132.0680608165991,132.89462809615108,387700.0
2022-11-22,134.5765838623047,134.5765838623047,132.5005525445859,133.31751379428457,351700.0
2022-11-23,135.3262481689453,135.80681011935664,134.124843292917,134.124843292917,225800.0
2022-11-25,135.6434326171875,135.92215211981667,134.9706340956081,135.04752577423395,138600.0
2022-11-28,133.0483856201172,135.21091457687584,132.69277444021617,134.5477513492305,443800.0
2022-11-29,133.31752014160156,134.2690235416665,133.00034745305032,133.50012138750492,248500.0
2022-11-30,137.43112182617188,137.43112182617188,132.32754122354606,133.53856681239432,369600.0
2022-12-01,137.5176239013672,138.69980231690656,136.61416499341786,137.77713148814993,409600.0
2022-12-02,137.82516479492188,138.33455930124543,135.5376998290724,135.5376998290724,261400.0
2022-12-05,133.68270874023438,136.83519369979877,133.30787103667598,136.71025757566974,389200.0
2022-12-06,131.53941345214844,133.93261716837475,130.63595466773563,133.93261716837475,278400.0
2022-12-07,131.1645965576172,132.45249922835774,130.77053218854937,131.270320786743,326600.0
2022-12-08,132.5389862060547,133.5962284122427,131.52019717041216,132.02959168823344,315800.0
2022-12-09,131.10694885253906,132.6351327316621,131.10694885253906,131.91428961899004,344200.0
2022-12-12,133.12525939941406,133.12525939941406,130.90506564881343,131.45291328368168,434500.0
2022-12-13,134.28823852539062,137.95011840271331,133.22139036174968,137.43111792621198,453400.0
2022-12-14,133.6635284423828,135.36470744872372,132.5966801620998,134.24019407203446,299400.0
2022-12-15,130.15542602539062,131.7989547165666,129.79019416833148,131.7989547165666,375700.0
2022-12-16,128.81944274902344,129.69406906940063,127.73336798491572,128.97322610184338,1328500.0
2022-12-19,126.743408203125,128.8674985454231,126.3493585369034,128.76177432629356,444700.0
2022-12-20,127.40662384033205,128.07940785901496,125.91687837108226,126.38783451695618,1047600.0
2022-12-21,129.53070068359375,130.0400952897183,128.1466796157874,128.4734582941333,503500.0
2022-12-22,127.70304107666016,128.26331338653557,125.48127563811732,128.20535672340043,543700.0
2022-12-23,128.12808227539062,128.12808227539062,126.5438695364326,127.5291770752181,339000.0
2022-12-27,127.33596801757812,128.18602358118346,126.68874602042338,128.03146266425873,798500.0
2022-12-28,125.4522933959961,127.76099375727568,125.3460346036468,127.18141240424929,494600.0
2022-12-29,128.64971923828125,128.84292779582668,126.11884632366564,126.3796660845572,631100.0
2022-12-30,128.34059143066406,128.54345448755333,126.8916159206414,127.24902516306317,466800.0
2023-01-03,127.6064453125,130.39813745503744,126.64046166816536,129.72193711221067,478000.0
2023-01-04,129.5384063720703,130.10833315728397,128.03145957799052,128.56275350477443,308900.0
2023-01-05,127.71271514892578,128.86222340372356,127.0751623509848,128.55311627546675,240200.0
2023-01-06,130.41746520996094,130.78454376414385,127.5484921958558,128.794619529928,228200.0
2023-01-09,131.10328674316406,132.59089490377775,130.6589278309221,131.4123938101567,292700.0
2023-01-10,132.72613525390625,132.72613525390625,130.51403938689486,130.6975786216612,219400.0
2023-01-11,134.79335021972656,134.79335021972656,132.9000305454861,133.23811597458734,246000.0
2023-01-12,136.3968963623047,136.53213349157787,133.75011044085196,135.38261052288493,204900.0
2023-01-13,137.3339080810547,137.44016688323129,135.30535104824094,135.30535104824094,217500.0
2023-01-17,137.49810791015625,137.9617906704082,136.59008092933863,137.23730293972272,332400.0
2023-01-18,135.4405517578125,139.1209465001431,135.4405517578125,138.2129196602502,215000.0
2023-01-19,133.81773376464844,134.77406302673725,133.08359138772985,134.52289780693494,408500.0
2023-01-20,136.77362060546875,136.77362060546875,133.69213042299702,134.377985295668,289600.0
2023-01-23,138.92779541015625,139.28520469485684,136.59977094446094,136.96683476073028,220000.0
2023-01-24,138.23228454589844,139.00505977660603,137.14071815989703,138.15500407487914,204700.0
2023-01-25,138.49305725097656,138.6282943587817,135.68205631447444,136.73497484951,171000.0
2023-01-26,139.90342712402344,140.067642591396,138.13567510737676,139.94205998821727,248900.0
2023-01-27,141.11090087890625,141.75810819011943,138.9953942143373,139.3431489364547,238600.0
2023-01-30,139.02439880371094,141.11092753049746,138.9084854543598,140.00003722015316,267800.0
2023-01-31,142.25074768066406,142.3183736115667,139.44940097801214,139.44940097801214,221900.0
2023-02-01,144.77197265625,145.86353895588218,141.2847709035429,142.1348412777514,337200.0
2023-02-02,147.82447814941406,148.79046180836065,146.3465243304051,146.53006358396348,408500.0
2023-02-03,145.9601287841797,147.9017505262217,145.48679151086293,145.61237409637843,277400.0
2023-02-06,144.15371704101562,145.34188738717188,143.69970360592936,144.7816151749433,178800.0
2023-02-07,145.5930633544922,146.0180985376726,142.5695296793837,143.97987235632397,291300.0
2023-02-08,143.96051025390625,145.80554215376756,143.66105774717497,145.16798954862114,195200.0
2023-02-09,141.8257293701172,145.5737359831426,141.59388798323005,145.35156386638056,207300.0
2023-02-10,141.42965698242188,141.85469210845827,140.52163007493309,141.16883729331056,298800.0
2023-02-13,143.16844177246094,143.4002684126311,140.9563309825664,141.58422919242207,163200.0
2023-02-14,143.8832550048828,144.6656993665096,141.97061159426846,142.52121458440803,201000.0
2023-02-15,146.1147003173828,146.12436958855602,143.207094464578,143.207094464578,549100.0
2023-02-16,144.2599639892578,146.2112546732621,143.5837785264061,144.17302901683493,242700.0
2023-02-17,143.64175415039062,143.9798542963498,142.57918106546387,143.69971080632888,189600.0
2023-02-21,139.7488555908203,142.33769948776393,139.59429466628077,141.9512971764151,226200.0
2023-02-22,140.28016662597656,141.1592154090498,139.5846571206596,140.20288615430326,1041200.0
2023-02-23,140.94667053222656,141.53592111747622,139.0147033333411,141.39101473371582,197000.0
2023-02-24,139.47837829589844,139.69089587756267,138.28055326649456,138.9181060114873,200900.0
2023-02-27,139.88409423828125,141.44898308199882,139.5942961865488,140.6472295991681,211000.0
2023-02-28,139.82615661621094,141.06261471488122,139.82615661621094,139.82615661621094,163200.0
2023-03-01,139.980712890625,140.7341790587329,139.2465557854738,139.90343241956998,229400.0
2023-03-02,140.57960510253906,140.83075555541066,138.2322718129851,138.7925293817186,163900.0
2023-03-03,142.75306701660156,142.96558460532933,140.66653873076967,141.02396271530702,190700.0
2023-03-06,140.97567749023438,143.00423461717753,140.60859893118337,142.93662341615092,179900.0
2023-03-07,139.35281372070312,141.41036387293673,139.1402961115643,140.95635032066224,203500.0
2023-03-08,139.29483032226562,139.90340469890077,138.5027314454492,139.52667168949324,198300.0
2023-03-09,135.43087768554688,139.78747250882972,135.30530985919373,139.35276816151114,222900.0
2023-03-10,131.19024658203125,134.84166386242538,129.9827669327014,134.84166386242538,383400.0
2023-03-13,129.59637451171875,131.52834187865645,127.51950074841596,129.1809938631617,468100.0
2023-03-14,131.7794952392578,133.46031219190672,130.56236107752406,132.88071607313356,305500.0
2023-03-15,129.82821655273438,129.82821655273438,127.75135728297266,129.22931131470398,390400.0
2023-03-16,131.84713745117188,132.41706436982415,128.04115882604785,128.91053837179734,538800.0
2023-03-17,128.93948364257812,131.04533550366136,128.39853519818672,130.6975808265898,298700.0
2023-03-20,130.21461486816406,131.16127483363118,129.32591157041537,129.74127751555923,282500.0
2023-03-21,133.0159454345703,133.31539800721092,131.90507013482463,132.20452270746526,275700.0
2023-03-22,129.4707794189453,133.50859849075889,129.4707794189453,132.92900244072675,193200.0
2023-03-23,129.07473754882812,131.94371032304315,127.9059055236244,130.2822171763684,219900.0
2023-03-24,129.63099670410156,129.76667449389967,126.97558641980028,128.01254921587787,320800.0
2023-03-27,130.8521270751953,131.61773438222076,130.05743222112957,130.9684181122696,228900.0
2023-03-28,130.82305908203125,131.4820613664899,130.18342877927626,130.62922096281656,235500.0
2023-03-29,132.77101135253906,132.8485436446499,131.68558883853257,132.17015457339585,295800.0
2023-03-30,133.18771362304688,134.41851457156778,132.57717093148264,134.11808622071112,376600.0
2023-03-31,135.8721923828125,135.94003866549085,133.76917943631338,133.88547044916925,251600.0
2023-04-03,135.45550537109375,136.2889590001538,134.2828498232711,135.8431520315891,245300.0
2023-04-04,133.5269012451172,135.74622006887526,132.8678990991534,135.74622006887526,402300.0
2023-04-05,131.97628784179688,133.0132653877579,131.00715658214108,132.81944209338064,186400.0
2023-04-06,132.07322692871094,132.43180081712106,130.8424259015638,131.6758795028787,259800.0
2023-04-10,133.3815460205078,133.39123200994467,130.9684037514178,131.36575113488104,303600.0
2023-04-11,134.35069274902344,134.92247673461875,133.50753836256794,133.74013522568873,198800.0
2023-04-12,133.3621826171875,135.6784062466007,133.18773126237147,135.62994671538667,149000.0
2023-04-13,134.86431884765625,135.1744331822722,133.38154910220098,133.96301902501983,154500.0
2023-04-14,133.9630126953125,135.67837920150708,133.06172770303198,134.8255389430113,173200.0
2023-04-17,135.26168823242188,135.29076099390122,133.96304080599543,134.16656492412372,377700.0
2023-04-18,135.10662841796875,136.19205098559556,134.53484437164914,135.8334770561703,289400.0
2023-04-19,135.27137756347656,135.62026549761552,134.17625422814004,134.37977835129328,146700.0
2023-04-20,134.31190490722656,135.2325766955667,133.91455752046,134.22468663825933,275200.0
2023-04-21,134.34100341796875,134.57360030090925,133.34279915881373,134.4379224828039,233700.0
2023-04-24,134.03086853027344,134.78678979950573,133.35247954349714,134.22469184252796,298900.0
2023-04-25,130.78427124023438,133.17802683058125,130.77458525044185,132.9938895101283,194300.0
2023-04-26,129.97023010253906,131.44331416897327,129.7182612282935,130.88121610694213,286000.0
2023-04-27,131.8988037109375,131.98602199729902,129.9023803894328,130.55171151085253,219000.0
2023-04-28,132.96482849121094,133.15865181856728,131.16224345003022,131.36576755580614,476100.0
2023-05-01,133.0617218017578,134.13745806637175,132.6740604342844,132.6740604342844,206900.0
2023-05-02,130.65830993652344,132.6159448295554,129.35966254736803,132.6159448295554,309800.0
2023-05-03,130.7067413330078,132.88728688536534,130.6001362922706,130.84241913142145,193900.0
2023-05-04,129.2627410888672,130.18341289168902,128.46804630283393,130.16402612457907,326300.0
2023-05-05,132.23797607421875,132.54810521918066,131.18162640126388,131.18162640126388,149400.0
2023-05-08,132.39303588867188,133.05203811637497,131.74371965098643,132.87760156943156,296100.0
2023-05-09,132.17013549804688,132.72253266642494,131.3851414869056,131.7727881037404,225100.0
2023-05-10,132.72254943847656,133.92427776295872,131.60805418341073,133.68199489987725,202300.0
2023-05-11,132.00538635253906,132.39303297350278,131.3269825841965,132.2961139243765,175000.0
2023-05-12,131.58865356445312,132.73223624748047,130.64859497161373,132.44149388482805,148200.0
2023-05-15,133.2652587890625,133.61414669844524,131.5402060114957,131.8018756404758,196000.0
2023-05-16,130.97811889648438,132.39305742104716,130.96843290489142,132.39305742104716,208400.0
2023-05-17,133.7013702392578,133.83704803947333,131.1040904794264,131.75340672244147,310900.0
2023-05-18,134.9612579345703,135.232613592797,133.20713214825685,133.3428099773702,250300.0
2023-05-19,134.00181579589844,135.59119085430962,133.6044683343524,135.5039725689282,278200.0
2023-05-22,135.51365661621094,136.12421418066796,134.00181387352958,134.25378273471887,286900.0
2023-05-23,134.37977600097656,136.62815336894627,134.37977600097656,135.1841569124997,201100.0
2023-05-24,133.1586456298828,134.01148597594047,132.557788906672,133.75951714086492,208000.0
2023-05-25,132.45120239257812,133.56571250759364,131.46268410661156,133.43001989921885,265600.0
2023-05-26,134.61236572265625,134.84496261711922,132.9357722899188,132.9357722899188,390200.0
2023-05-30,134.66078186035156,135.81405039360084,134.00177972007714,135.3682435198271,233100.0
2023-05-31,133.5753631591797,134.45727615364834,132.48994088153796,133.86610549433928,331900.0
2023-06-01,134.99029541015625,135.53302137250654,132.81945071183685,133.50752566968973,276100.0
2023-06-02,138.98313903808594,139.08974408468217,136.68628754101644,136.68628754101644,379400.0
2023-06-05,137.91708374023438,138.8765291259866,136.9091936159035,138.41135020612396,398300.0
2023-06-06,140.47560119628906,140.98923968350897,137.65542511816065,137.65542511816065,335400.0
2023-06-07,141.44473266601562,142.54954193137948,141.0764727694093,141.17337704208572,201600.0
2023-06-08,141.42535400390625,141.60949135665174,139.991043511227,141.11523961068224,273400.0
2023-06-09,140.67913818359375,141.94869813755017,140.31086346555188,141.56105143586572,279200.0
2023-06-12,141.81300354003906,142.03589962775555,140.52405696711836,141.04738143127278,189400.0
2023-06-13,143.5574188232422,143.85784714894456,142.2587716911859,142.6561190583656,383400.0
2023-06-14,142.82089233398438,144.41026726794243,141.76454263746356,143.84816927098788,1190900.0
2023-06-15,144.38121032714844,144.57503367442357,142.09405933864576,142.09405933864576,489100.0
2023-06-16,143.5574188232422,145.07894721760334,142.9371754059881,145.07894721760334,243800.0
2023-06-20,142.55921936035156,142.99532548539688,141.7354518447782,142.82087416271676,332100.0
2023-06-21,141.75486755371094,142.62707998188347,141.35752009270595,142.14251423561583,288800.0
2023-06-22,141.0958251953125,141.4737858182416,140.25268567980228,141.2702765223869,248000.0
2023-06-23,139.2932586669922,140.26239011350697,139.12850809561735,139.62277459751417,229200.0
2023-06-26,139.57431030273438,141.00862065403436,139.3707861992945,139.3707861992945,302600.0
2023-06-27,141.9680633544922,142.3557099973217,139.6809126711463,140.22362388621625,192900.0
2023-06-28,142.6173553466797,142.95654240449645,141.25087676340314,141.8129746512992,223200.0
2023-06-29,143.72303771972656,144.2092455504172,142.83813590677713,142.83813590677713,226500.0
2023-06-30,144.72462463378906,145.30806512776508,144.4912395334674,145.1233186159649,210800.0
2023-07-03,145.29832458496094,145.62894229922884,144.4717802992912,144.58846541306028,149600.0
2023-07-05,144.0730743408203,144.70513843811096,143.77162793017763,144.70513843811096,283900.0
2023-07-06,142.03103637695312,142.49779176363273,140.4848989575302,142.49779176363273,416700.0
2023-07-07,143.34375,144.61761173173224,141.99209325988735,142.02126453329493,216100.0
2023-07-10,145.5608673095703,145.5608673095703,143.16871883594035,143.19789011165324,399600.0
2023-07-11,147.52516174316406,147.80715570894023,145.73590594989636,145.83315343485805,205000.0
2023-07-12,148.64346313476562,149.62559764113573,148.30311170772694,149.62559764113573,276600.0
2023-07-13,150.31597900390625,150.49100665918576,148.97404096190232,149.401906125317,399400.0
2023-07-14,148.89627075195312,150.4910317298858,148.33226792784612,150.45214163486108,245000.0
2023-07-17,150.28684997558594,150.8022291115201,148.4198136050137,148.86711651950296,355400.0
2023-07-18,151.9302215576172,152.14415418069197,150.5104882261104,150.5104882261104,339800.0
2023-07-19,152.5525360107422,153.1651476362774,152.06632830019075,152.4941934595371,288700.0
2023-07-20,150.82168579101562,152.32891830353415,150.54941057340667,152.32891830353415,280600.0
2023-07-21,150.6077117919922,151.90102613948247,150.41321682891265,151.83294993482815,253700.0
2023-07-24,150.6660614013672,151.541229424679,150.0631685336583,150.6466089365718,254900.0
2023-07-25,150.7730255126953,151.60930343216228,150.4229553408747,150.4229553408747,206900.0
2023-07-26,151.50234985351562,151.97882398996623,150.57855802300747,150.5882768371385,187000.0
2023-07-27,149.53807067871094,152.89290155127455,149.14911037152964,152.82484017456588,256900.0
2023-07-28,151.77459716796875,151.84265853016072,151.045285619144,151.28838946875226,163100.0
2023-07-31,153.2818603515625,153.32075044297983,152.23164982869773,152.23164982869773,220900.0
2023-08-01,152.56227111816406,152.74703244196866,151.3759229906767,152.42613353818436,230500.0
2023-08-02,149.90756225585938,150.97721029763127,149.16851705250556,150.86052519726238,367400.0
2023-08-03,149.479736328125,150.2187668875221,148.59483451710798,149.22691359835673,188600.0
2023-08-04,149.25607299804688,150.90917651959566,149.03240673094734,149.97565103236153,236900.0
2023-08-07,149.703369140625,149.98537795592216,148.49758336948386,149.67419786150924,158700.0
2023-08-08,148.39060974121094,148.48784238750224,146.69860144660757,147.94329208704585,189500.0
2023-08-09,146.961181640625,148.39063383031564,146.6013777610779,148.3809001775884,215600.0
2023-08-10,146.6888885498047,149.00322742008947,146.11515211064903,147.78770800830085,254600.0
2023-08-11,146.57217407226562,147.13617680399295,145.95956243919028,146.02762380380668,198400.0
2023-08-14,146.78611755371094,146.8055700184237,145.2010903698729,145.87204460469098,231300.0
2023-08-15,144.90936279296875,145.93040204138202,144.7926628425412,145.88177829852748,197700.0
2023-08-16,143.33404541015625,145.3469527106633,143.33404541015625,144.65653114498517,223100.0
2023-08-17,141.58370971679688,144.0050149349489,141.57397606507178,143.89804863115896,857100.0
2023-08-18,142.29356384277344,142.682524112943,140.22231405130668,140.45569911613836,334600.0
2023-08-21,142.5755615234375,142.99370792074092,141.51563214744047,142.6436377333246,215000.0
2023-08-22,141.9921112060547,143.27569191185904,141.8073498925347,142.9839643030318,358700.0
2023-08-23,143.80081176757812,143.90777806823533,141.87541835574845,142.26439346626705,186400.0
2023-08-24,141.80734252929688,144.20920980457686,141.7392663276895,143.98555841250464,248900.0
2023-08-25,142.51719665527344,143.0909181721521,140.6501608939502,142.21575025955352,226600.0
2023-08-28,143.55770874023438,144.2383966403301,143.14929600017695,143.14929600017695,232600.0
2023-08-29,145.86231994628906,145.95956742807292,143.08121111913118,143.44100009354298,214900.0
2023-08-30,146.6888885498047,147.1264725704719,145.60950671862105,145.74564429922603,261000.0
2023-08-31,146.95143127441406,147.81688050924743,146.9319936469408,147.0389599495779,326900.0
2023-09-01,148.41978454589844,149.07130115927572,147.92384313786084,148.3128182459181,425900.0
2023-09-05,146.27073669433594,147.89466878729786,146.2610178810426,147.89466878729786,334600.0
2023-09-06,145.7456512451172,147.1361983962895,145.05522965764868,146.29020159348912,309500.0
2023-09-07,144.86073303222656,145.0552131576825,143.8883175670645,144.7440479245295,318400.0
2023-09-08,144.72462463378906,145.26917502998754,144.43289696785834,145.0746948653289,196900.0
2023-09-11,145.37611389160156,145.99845920370916,145.18163376367093,145.71646524389217,227200.0
2023-09-12,145.07467651367188,146.07626333095646,145.03577158293027,145.1135666065299,125800.0
2023-09-13,144.0341796875,145.2788703454437,143.68410951258565,145.0746713988421,175100.0
2023-09-14,145.46360778808594,145.89147291362514,144.60789237488817,145.04547631223303,166000.0
2023-09-15,144.1411590576172,145.17191721114767,143.5479849529404,145.17191721114767,293800.0
2023-09-18,143.35350036621094,144.03418829201857,143.2659865267251,144.00501701218994,177500.0
2023-09-19,142.945068359375,143.82996996269137,142.2449280620128,143.42155726221043,198100.0
2023-09-20,141.7295684814453,144.1508885779295,141.7295684814453,143.34378187910144,229500.0
2023-09-21,138.95816040039062,140.82521110198329,138.95816040039062,140.82521110198329,255400.0
2023-09-22,138.85122680664062,139.99868501142066,138.74426048956695,139.6097246790903,282500.0
2023-09-25,139.27908325195312,139.5902633684134,138.09273502424648,138.09273502424648,283800.0
2023-09-26,137.47036743164062,139.41519833182826,137.43147734230507,138.54974917476005,274200.0
2023-09-27,138.6956329345703,139.42494458807823,137.51900360490876,138.50113795666135,322300.0
2023-09-28,140.13278198242188,140.75719813426744,138.34733855903795,138.64978803906786,228500.0
2023-09-29,139.84005737304688,141.52792940753793,139.5961446269599,141.46939273043748,242800.0
2023-10-02,138.10342407226562,139.8888674737381,137.51802742392033,139.6839741806407,382500.0
2023-10-03,135.39111328125,137.73267006952568,134.90328770975466,137.25459565004843,545100.0
2023-10-04,136.18136596679688,136.38624433632512,134.40567403220527,135.76182830281817,394800.0
2023-10-05,136.08380126953125,136.51309010397745,134.94229135280108,135.93745957017606,285000.0
2023-10-06,137.84974670410156,138.4448945108965,135.0203642773912,135.03988146914415,439000.0
2023-10-09,138.73756408691406,139.04977954123817,136.84479883501794,136.92285269859894,223000.0
2023-10-10,140.24984741210938,141.11817630668375,139.0010151791767,139.0010151791767,191500.0
2023-10-11,140.42544555664062,141.2840232266842,139.36198950722505,140.542533803535,238600.0
2023-10-12,137.6643829345703,140.60108753057168,136.8448246559551,140.60108753057168,214800.0
2023-10-13,136.3765106201172,138.2204906178662,135.85941672410456,138.1131684005473,240000.0
2023-10-16,138.65953063964844,138.93271175877925,136.84481898413406,137.24483951116648,412800.0
2023-10-17,139.9864044189453,141.06937764847495,137.55704290286087,137.55704290286087,1620500.0
2023-10-18,136.64967346191406,138.80586867155807,136.53260010859034,138.80586867155807,306800.0
2023-10-19,134.71791076660156,137.36191701067852,134.36667576183524,136.63017865801993,615900.0
2023-10-20,132.9324493408203,134.85448301034305,132.84464432337074,134.74716080437594,377300.0
2023-10-23,131.8104705810547,133.66420173044372,131.07873225041357,132.1812078785798,511200.0
2023-10-24,133.0983123779297,134.00567558164488,132.20071521240445,132.8641507701718,510200.0
2023-10-25,130.22988891601562,132.17143972971218,130.07379607319905,132.10313701508724,376600.0
2023-10-26,130.29818725585938,131.52750209256092,129.5664490438878,130.532333955849,533100.0
2023-10-27,128.85423278808594,130.87382258649927,128.59080285359633,130.8250370597786,590200.0
2023-10-30,129.9079132080078,130.73722243957738,128.77616946239425,130.03475259071297,718600.0
2023-10-31,131.06895446777344,131.33238441163226,129.61524397566112,130.02501561763424,373000.0
2023-11-01,131.8299560546875,131.8299560546875,130.0737961951475,131.02992999002524,416000.0
2023-11-02,135.06915283203125,135.078903984498,133.6154272026784,133.64469554733435,291900.0
2023-11-03,138.29852294921875,139.09856387865082,136.57161658946458,136.59113377700618,363900.0
2023-11-06,136.8545684814453,138.54244052504507,136.01550803488803,138.37658164328116,354700.0
2023-11-07,137.43997192382812,137.92779749594337,136.23017403282552,136.70823356565526,243500.0
2023-11-08,136.59112548828125,137.76190358644484,136.10330004010882,137.53750804871586,286300.0
2023-11-09,134.70814514160156,137.30336557255316,134.5325202144601,137.19604336353706,429300.0
2023-11-10,136.3082275390625,136.39603256886255,134.38619359919025,135.06914642083788,459700.0
2023-11-13,136.2203826904297,136.58138367007197,135.1959610890793,135.58621551937924,421700.0
2023-11-14,142.2304229736328,142.40604792140982,139.3815234117657,139.3815234117657,661900.0
2023-11-15,142.7670135498047,144.62074450702227,142.2987052351739,142.45479808188225,324300.0
2023-11-16,141.09864807128906,142.5035879451781,140.49374919285202,142.16211901490863,256000.0
2023-11-17,142.58163452148438,142.64993723639662,141.63525187393194,142.02552120074628,241700.0
2023-11-20,143.56704711914062,143.81095988345265,142.2011415938949,142.9133626972549,260400.0
2023-11-21,142.41580200195312,142.94264708160753,142.17188921026482,142.64996364138582,450800.0
2023-11-22,143.37191772460938,143.95731430503804,142.83530667375865,143.254844363425,540000.0
2023-11-24,143.90855407714844,144.33784299330566,143.05974228481873,143.254869550184,142000.0
2023-11-27,143.98658752441406,144.3768419997549,142.98166810752014,143.48901083526638,251100.0
2023-11-28,143.79144287109375,144.4939127514291,143.06945580317904,143.89876507190198,191600.0
2023-11-29,145.0695343017578,146.63056680508987,144.96221210756457,144.99148044350352,383800.0
2023-11-30,145.77203369140625,146.06473199738625,145.09883205382854,145.6549454366617,313100.0
2023-12-01,149.41119384765625,149.50876490275533,145.18662322261451,145.37199929495108,324800.0
2023-12-04,150.25025939941406,150.56247487651524,148.6794606374755,148.6794606374755,1489900.0
2023-12-05,148.60140991210938,149.74291986081104,148.1233504226574,149.74291986081104,803200.0
2023-12-06,148.38674926757812,151.0112527024742,148.27942706769292,149.5672934663156,774100.0
2023-12-07,149.28436279296875,149.41120219423263,147.8891889280806,148.57214169016757,867400.0
2023-12-08,150.42587280273438,150.95273271030763,148.98191340699395,148.98191340699395,1248200.0
2023-12-11,151.0990447998047,151.27466969699267,150.11364278490512,150.35755550131847,319200.0
2023-12-12,151.13809204101562,151.66493700294,150.0356017050278,150.9917354663546,228600.0
2023-12-13,155.3334197998047,155.46024432079312,150.39661267707464,151.16738539096772,734000.0
2023-12-14,159.03111267089844,159.8213875973026,157.1090790138957,157.51885064657736,701800.0
2023-12-15,157.9091339111328,159.45064952317497,157.38227398887437,159.3433421956915,3464400.0
2023-12-18,158.3189239501953,159.08968184564975,157.7042589319904,158.396977832448,444200.0
2023-12-19,160.53359985351562,160.77751258963437,159.06037228676917,159.12867499876336,413400.0
2023-12-20,157.4642791748047,161.57894046747603,157.4642791748047,160.25637877452482,486600.0
2023-12-21,160.24658203125,160.24658203125,158.52233225039626,159.1983151805028,307200.0
2023-12-22,161.13807678222656,162.0197994727317,160.2171733926757,160.77559925820492,288700.0
2023-12-26,162.67620849609375,163.18564735120384,161.21647685013448,161.62794152007507,503100.0
2023-12-27,163.06805419921875,163.65586933650812,162.4704476241865,163.06805419921875,890000.0
2023-12-28,162.99948120117188,163.53829429343034,162.58801659223798,162.62719729123944,258300.0
2023-12-29,161.0792999267578,163.0484552097124,160.96174287964405,162.78395185370644,382700.0
2024-01-02,159.32566833496094,160.66782772196223,158.46354350016702,159.73713292917827,811300.0
2024-01-03,155.3775634765625,157.51326295527855,155.18161512726795,157.4936651305971,515300.0
2024-01-04,155.27960205078125,156.3180626127575,154.99550083899513,155.36776984594644,393500.0
2024-01-05,155.42652893066406,156.68052057866507,154.15295440758402,154.476236282744,287700.0
2024-01-08,158.40478515625,158.40478515625,155.16204012427588,155.7008532658945,261800.0
2024-01-09,157.4348907470703,158.07169300150986,156.42581950645015,156.8862712316373,703800.0
2024-01-10,157.99331665039062,158.1500544056862,156.35724954230037,157.49366927480645,321800.0
2024-01-11,157.2291717529297,157.7679849014306,155.4167540481648,157.74840202426557,394500.0
2024-01-12,156.72950744628906,159.09054443212224,156.4355998841557,158.27740665468244,196700.0
2024-01-16,155.4559326171875,156.14172197634008,154.6428097119267,155.57350462236963,388900.0
2024-01-17,154.2803192138672,154.37829339466674,153.19287158154114,153.61414262046588,394600.0
2024-01-18,155.27960205078125,155.54412038503833,153.6043391988351,155.3383805808914,242200.0
2024-01-19,157.0528106689453,157.20956336830466,154.66238432437578,155.83801462081075,332400.0
2024-01-22,159.39425659179688,160.20739443637152,158.18925193119725,158.18925193119725,384500.0
2024-01-23,159.0611572265625,160.5502779315272,158.4733420946986,160.4816930216805,309600.0
2024-01-24,157.93453979492188,160.79520940479867,157.82677417833784,160.72662449026302,443200.0
2024-01-25,158.70848083496094,159.88409622176405,157.8169666450373,159.44324232030797,293600.0
2024-01-26,158.94361877441406,159.98207933993737,158.71828114320692,159.25710925232605,281100.0
2024-01-29,161.61813354492188,161.61813354492188,158.81624255163777,159.03177377794887,512200.0
2024-01-30,160.59927368164062,161.43200941609257,160.29557463340296,160.95195982286285,318900.0
2024-01-31,157.1213836669922,161.1380703793797,157.01361806294898,159.8155088193137,348900.0
2024-02-01,159.17872619628906,159.22771328574026,156.2592780398804,158.33619908351542,423100.0
2024-02-02,159.27670288085938,159.9722687362217,157.08220979826652,158.1108788978807,420800.0
2024-02-05,157.2977294921875,158.15985438078516,155.95557002142434,158.15985438078516,397900.0
2024-02-06,158.639892578125,158.72807531556663,157.15078676230723,157.60143209251828,481600.0
2024-02-07,159.16893005371094,159.9036915274806,157.8561598082783,159.34526563201064,353600.0
2024-02-08,161.25567626953125,161.48099896216888,158.89463887016998,159.34528425544525,398800.0
2024-02-09,163.17584228515625,163.45995845519204,161.7650977203547,161.82387625242777,257000.0
2024-02-12,164.84127807617188,165.61523518117303,163.43054863753352,163.43054863753352,389500.0
2024-02-13,159.9820556640625,161.70629040931126,158.73785547781972,160.20737831316245,307400.0
2024-02-14,163.30320739746094,163.46975155628186,161.20668835588828,161.98063061732233,405700.0
2024-02-15,165.98748779296875,166.1736297352865,164.17508534930124,164.28285095018214,449900.0
2024-02-16,164.47879028320312,166.05607870841334,164.0575342500847,164.7335021905241,400300.0
2024-02-20,162.50965881347656,163.25421176965278,161.74550803118058,162.9505127342225,199300.0
2024-02-21,161.60833740234375,161.69650518815158,160.50129204022383,161.25565131035262,328600.0
2024-02-22,163.78321838378906,164.05754307788865,162.66638157811772,163.02887405848506,221900.0
2024-02-23,164.34164428710938,164.94904230206362,163.46972796454992,164.17510015232386,425700.0
2024-02-26,164.85108947753906,165.25274772466832,163.724446241416,164.13591087546388,236900.0
2024-02-27,166.2618408203125,166.51655276185755,165.64463636919965,165.80138907880945,235400.0
2024-02-28,165.59567260742188,166.47738056285706,164.89030026356843,165.40953060713233,261600.0
2024-02-29,166.48715209960938,167.45702765780436,165.3311196313311,166.68308549882732,395000.0
2024-03-01,168.01544189453125,168.19177745697536,166.0070910570605,167.13373418479244,339300.0
2024-03-04,168.03504943847656,168.89715937489677,167.770531130749,168.45630549452414,278800.0
2024-03-05,165.9091339111328,167.59418795641298,165.36049949623754,166.75166093377288,260800.0
2024-03-06,167.56478881835938,168.11342324985952,166.67328963328612,167.89789203181726,240400.0
2024-03-07,168.83839416503906,169.1812888483468,168.2212046633507,168.4171380757718,607200.0
2024-03-08,168.3583526611328,171.03288025575827,167.67256332256582,169.65152508923063,510400.0
2024-03-11,167.27088928222656,168.22118190007677,166.8202290407553,167.7999109190537,441000.0
2024-03-12,167.73135375976562,168.21138834955534,166.42837496835307,167.5060161474559,329800.0
2024-03-13,168.12322998046875,168.90697857657267,167.69216750517353,167.77054385966005,369200.0
2024-03-14,165.71319580078125,168.40732116226977,164.42002340062206,168.20159632415275,343400.0
2024-03-15,165.53684997558594,166.26181995497893,165.07639829186812,165.07639829186812,205900.0
2024-03-18,165.18417358398438,166.23242549329947,164.91965527279785,166.1932447928971,270600.0
2024-03-19,166.0364990234375,166.4283807876175,164.45921042591996,164.45921042591996,352600.0
2024-03-20,169.0245361328125,169.60254493150026,165.7719996302086,165.9189459523288,309500.0
2024-03-21,170.7291717529297,171.60108806055615,170.09236953802787,170.3177071419019,260300.0
2024-03-22,169.07009887695312,170.88732362548626,168.89329559810838,170.77927218116685,273300.0
2024-03-25,169.23707580566406,169.92468404504388,169.12902436705372,169.12902436705372,232300.0
2024-03-26,169.25672912597656,170.53369661197223,169.20761210951346,170.2979439259947,286300.0
2024-03-27,171.81065368652344,171.81065368652344,169.82644325124423,170.7104895403723,308100.0
2024-03-28,172.16429138183594,173.0778049672369,172.0365901324493,172.06605734562936,334700.0
2024-04-01,170.6417694091797,172.35094287250465,170.46495112546492,172.35094287250465,382300.0
2024-04-02,168.17623901367188,168.75578087014824,167.48863072195022,168.6575468317852,310500.0
2024-04-03,169.0013427734375,169.4335485397976,167.52792219997843,167.73419268675357,303900.0
2024-04-04,167.13502502441406,170.96592805787893,166.91892211024066,170.46495539847177,464400.0
2024-04-05,168.67718505859375,169.32549369510423,167.0858956675306,167.27251634615436,402600.0
2024-04-08,169.5710906982422,169.84612804433843,168.7361462621857,169.64967493832842,267300.0
2024-04-09,169.8461151123047,170.38637235400554,168.45127868090162,169.93451675501663,177100.0
2024-04-10,166.37864685058594,167.82260013266614,165.59281959004304,166.24112820412157,288100.0
2024-04-11,167.34127807617188,167.6752497920676,165.6321049014687,167.26269385094787,260900.0
2024-04-12,164.27658081054688,166.6242303858561,163.5791551260482,166.25095903456867,230800.0
2024-04-15,161.28062438964844,165.62230204290873,160.86806841228812,165.0623950096563,567600.0
2024-04-16,160.7010955810547,161.66372627301587,159.56164660535563,160.72073039937263,321900.0
2024-04-17,159.375,161.76193425394538,159.20801412526558,161.7226496315884,269600.0
2024-04-18,159.11961364746094,161.11364173878147,158.64810824526936,159.6598558979725,276400.0
2024-04-19,158.95262145996094,160.12152254523758,157.82299000735927,158.67756915873235,411800.0
2024-04-22,160.63232421875,161.48690343220306,158.88386617949516,159.75809519912258,459100.0
2024-04-23,163.33358764648438,163.99171373172487,160.89753639257168,161.06452226598407,414900.0
2024-04-24,162.96031188964844,164.17834497792558,162.01733110190625,163.54968612329432,245000.0
2024-04-25,162.24325561523438,162.6066945753344,160.04294207260654,161.10380672770873,313900.0
2024-04-26,163.55950927734375,163.98189765692416,162.40042556243966,162.97996741989172,205200.0
2024-04-29,164.40426635742188,164.9248737722672,163.62827143346303,164.0604772092009,280100.0
2024-04-30,161.00558471679688,163.5791545805833,161.00558471679688,163.2844674615185,207200.0
2024-05-01,161.6636962890625,164.78734050111365,160.69123337989524,161.16273872347168,364700.0
2024-05-02,164.1685333251953,164.50250507471196,161.37884550833462,163.5595092655009,2149200.0
2024-05-03,165.4945831298828,167.25287328570548,165.05255998620055,166.74208332559738,196800.0
2024-05-06,167.85206604003906,167.9404676717065,166.63403304623546,166.63403304623546,1665600.0
2024-05-07,167.56723022460938,168.6084451771356,167.4002443349034,167.94050161831169,170200.0
2024-05-08,166.68316650390625,166.91890421160917,166.07415744112745,166.39829678921896,157900.0
2024-05-09,168.1958770751953,168.3039285241151,166.5653029211471,166.88944227949625,173400.0
2024-05-10,167.56723022460938,169.0013663779831,167.28237546885478,168.86384770478926,144200.0
2024-05-13,167.77349853515625,169.29603618203657,167.72438151653242,168.60842789812244,212300.0
2024-05-14,169.3942413330078,169.75769525027695,168.63788127580327,169.14867124844608,182400.0
2024-05-15,171.3489990234375,171.4668678776568,170.1506157108423,171.11324632658918,194600.0
2024-05-16,170.19972229003906,171.2605868781717,170.19972229003906,171.09358602705802,196600.0
2024-05-17,170.34706115722656,170.53369682697627,169.7675193320947,170.20954250400192,237400.0
2024-05-20,170.90696716308594,171.2311214841572,170.18007429264654,170.3667099613005,213000.0
2024-05-21,170.33724975585938,170.53370284047796,169.97379581148493,170.3667169691317,151200.0
2024-05-22,169.35498046875,170.49442941815795,168.57897049918006,169.90505513717852,191300.0
2024-05-23,166.75192260742188,170.0916851066593,166.2018479574889,170.0916851066593,171500.0
2024-05-24,168.20570373535156,168.47090865586475,167.03678764283535,167.4788108321003,183900.0
2024-05-28,167.53773498535156,168.9816883065733,166.72244049192366,168.9816883065733,221800.0
2024-05-29,165.6026611328125,165.99558231455336,165.16063791821324,165.56337650884367,237100.0
2024-05-30,165.98574829101562,166.69299142280946,165.4356736303783,165.85806202306006,356500.0
2024-05-31,166.61439514160156,167.2332365842837,164.3060452155689,166.47687648638433,230900.0
2024-06-03,165.64195251464844,167.89136808825336,164.48285382162024,167.70473240975147,171100.0
2024-06-04,163.9033203125,165.16063811877652,163.69703481828424,164.95435262456076,299300.0
2024-06-05,166.2804412841797,166.3099085000081,164.04084295075128,164.89542218659844,167300.0
2024-06-06,165.56338500976562,166.49654850814673,165.26869785543178,165.94647381387622,209000.0
2024-06-07,164.1685333251953,165.41601868163872,163.71667773177106,164.32568680305556,192500.0
2024-06-10,165.1311798095703,165.28834829093398,163.05856730037252,163.26485280571373,178600.0
2024-06-11,164.62034606933594,164.87574853090229,162.96029002278408,163.99168729906145,223300.0
2024-06-12,166.96800231933594,169.0307969585619,166.5063293761607,167.8520635883219,227200.0
2024-06-13,165.4062042236328,166.93855932607596,164.51232541773757,166.93855932607596,179000.0
2024-06-14,163.46128845214844,164.11941453559447,162.64599390412764,164.02118049813276,213200.0
2024-06-17,164.65968322753906,164.94453797455242,162.59688820452087,163.02909401798456,245900.0
2024-06-18,164.91505432128906,165.49459615502732,164.49268094740128,164.59089999350087,528000.0
2024-06-20,164.45338439941406,165.40619759593088,163.80507573176993,164.88559017784348,343400.0
2024-06-21,164.78736877441406,164.78736877441406,163.25501361589804,164.40427998478506,268500.0
2024-06-24,165.3177947998047,166.50634569376163,164.86593921958678,164.86593921958678,281200.0
2024-06-25,164.64984130859375,165.33744960211027,164.18816830622006,165.33744960211027,174400.0
2024-06-26,164.5417938232422,164.69896229345363,163.6380976021419,164.1488876361239,195300.0
2024-06-27,165.63211059570312,165.63211059570312,164.20780706202214,164.3944427297944,293200.0
2024-06-28,166.34364318847656,167.43755605542185,165.18075268292134,166.37322221946536,289000.0
2024-07-01,165.23989868164062,167.0236633173072,164.83583734493212,166.65903066779074,266600.0
2024-07-02,165.7523651123047,165.91004978461746,165.00337043763798,165.15120545704548,311200.0
2024-07-03,166.10714721679688,166.9645331817451,165.86077055674158,165.9494625453284,171600.0
2024-07-05,165.50596618652344,165.84103479188505,164.81611463500363,165.72277882237765,241100.0
2024-07-08,166.10714721679688,167.07293951367495,165.8903345529372,166.34365918636166,231600.0
2024-07-09,165.2300262451172,166.17610408033732,164.904807289999,166.06769776196458,245300.0
2024-07-10,166.65899658203125,166.68856057255965,165.12160892401394,165.73261811178108,204700.0
2024-07-11,170.47291564941406,170.87697693645913,168.7285799153368,168.93552786592537,377200.0
2024-07-12,172.2862548828125,173.2126183683752,171.4584179877958,171.62595228957744,284800.0
2024-07-15,174.30654907226562,175.34133401894914,172.7395971734338,173.2126361350809,423400.0
2024-07-16,178.7906036376953,178.99756663802185,175.31176658025535,175.31176658025535,487500.0
2024-07-17,175.98191833496094,179.2636420342436,175.98191833496094,176.8984322421609,547600.0
2024-07-18,173.26190185546875,177.95292259544644,172.63117827332508,175.9917591733633,1400300.0
2024-07-19,172.75929260253906,173.71523511135234,172.1088547029605,173.22248186093873,530300.0
2024-07-22,175.17381286621094,175.32163285357424,172.03004414208348,173.7448311836908,1582100.0
2024-07-23,175.9622039794922,176.71118357148018,174.6022000784463,174.6317640730223,1045200.0
2024-07-24,171.59640502929688,176.1001774264056,171.5372770390951,174.84857982913095,906600.0
2024-07-25,173.45899963378906,176.27754892250198,171.82307021597154,171.8624838607711,852600.0
2024-07-26,176.19871520996094,176.88858184759096,174.90770399333763,175.6961122666026,633100.0
2024-07-29,175.30189514160156,177.1940657535051,174.8288412103992,176.87869646603687,452500.0
2024-07-30,175.35118103027344,176.977275932751,174.2572831472029,175.7552423427955,382500.0
2024-07-31,176.8393096923828,179.5987312264474,175.48917043965693,177.00684401269177,626800.0
2024-08-01,171.99061584472656,177.6474140981326,170.7587325961434,176.70133618429762,492100.0
2024-08-02,166.50132751464844,167.65436836601216,164.55002876908182,167.65436836601216,497200.0
2024-08-05,161.60336303710938,163.6630831957267,157.079891492668,157.63177276550135,645900.0
2024-08-06,163.27871704101562,165.45669312047144,161.2880046486345,162.6184294608532,540900.0
2024-08-07,161.67236328125,166.26482771853992,161.4851146182819,165.91989438805788,278200.0
2024-08-08,166.0085906982422,166.0775833811906,162.94366444268536,163.60395208775543,318900.0
2024-08-09,166.05787658691406,166.55062992990193,165.08221955424816,166.1268692729989,287100.0
2024-08-12,164.8259735107422,166.5506100048755,164.52046888066045,166.4027900347188,337200.0
2024-08-13,167.7529296875,168.0781486603861,165.70307421568398,165.7720668937069,236400.0
2024-08-14,167.6248016357422,168.48220254016928,166.73785177614033,168.38364587237518,283000.0
2024-08-15,171.48797607421875,172.00044365107834,170.11812267728732,170.49261994933497,438600.0
2024-08-16,171.83291625976562,172.35523350880155,170.8769737388578,170.9065377312458,177400.0
2024-08-19,173.75466918945312,173.75466918945312,171.92162628083184,172.21728127337803,183300.0
2024-08-20,172.03988647460938,173.66596627483398,171.5274188556195,173.54771030031193,176300.0
2024-08-21,174.3656768798828,174.3656768798828,172.2566933409395,172.88741696835328,189600.0
2024-08-22,172.68045043945312,174.77958410022174,172.42422416254732,174.32624449285748,251000.0
2024-08-23,177.12509155273438,177.40103218922553,173.8039392250562,174.07003020940013,314400.0
2024-08-26,176.68162536621094,178.3766979530855,176.52394069821386,177.82481665273335,246700.0
2024-08-27,175.98191833496094,176.27755828074345,175.1540813738586,175.6763986615905,191000.0
2024-08-28,174.6416015625,175.8734846034256,173.85319340878067,175.30188906791994,305000.0
2024-08-29,175.78477478027344,177.31231273408108,174.97666733794006,175.71579715065653,200300.0
2024-08-30,176.9181365966797,177.0659565612259,174.8288525260635,176.70132395692107,190500.0
2024-09-03,172.01028442382812,176.08043076215057,171.4485535823862,175.63695587940492,338500.0
2024-09-04,171.34017944335938,173.07466565963657,170.6601774779167,171.13321643914912,272000.0
2024-09-05,170.58131408691406,172.0300098246354,169.82248491963952,171.57668526206044,252000.0
2024-09-06,167.68394470214844,171.8920621631275,167.18134174152357,170.85727720877034,261400.0
2024-09-09,168.76797485351562,169.92101556332713,168.423041590586,168.5117485972135,200500.0
2024-09-10,168.77786254882812,169.22135256903002,166.86599228982735,169.22135256903002,149100.0
2024-09-11,169.8816375732422,169.98017921359096,165.7622120431368,168.1372866288173,161500.0
2024-09-12,171.66539001464844,172.23698562370586,169.4775642494287,170.53204844857987,290200.0
2024-09-13,174.8190155029297,174.96683547815417,172.82828795662846,172.82828795662846,324700.0
2024-09-16,175.7749481201172,175.9424824283961,174.53321528588964,174.95697588254157,433000.0
2024-09-17,176.68162536621094,178.06132861709136,176.1395937184945,176.79003169575424,367700.0
2024-09-18,176.74072265625,180.2195592123361,176.05087115064163,176.74072265625,517400.0
2024-09-19,180.26885986328125,180.96857614408887,178.84972799737727,180.52508615776625,461000.0
2024-09-20,179.076416015625,179.68742531302684,178.29785735831837,179.5297406434916,349600.0
2024-09-23,179.16510009765625,180.07176435102164,178.4358198114628,179.598725400926,401700.0
2024-09-24,179.4213104248047,180.07174832181016,178.4456686169322,179.72681503283084,383300.0
2024-09-25,177.92335510253906,179.64799165404247,177.6277151523912,179.5888636640129,305500.0
2024-09-26,179.05670166015625,180.33786328417548,178.37669968076554,179.7465532922781,378600.0
2024-09-27,179.61695861816406,181.00036974134144,178.9351291795801,180.1505557433752,383200.0
2024-09-30,179.83436584472656,179.95293964082816,178.05568351294545,178.97466058883572,389400.0
2024-10-01,177.68017578125,179.6564860887272,176.53391218418096,179.6564860887272,274600.0
2024-10-02,177.8284149169922,178.4311901869981,176.54381015228515,177.18610499561285,308900.0
2024-10-03,177.04776000976562,177.630767941367,176.11889173742372,176.88965156382417,607100.0
2024-10-04,179.61695861816406,179.65647818823325,177.8481525270476,179.18216795715108,557400.0
2024-10-07,178.1742401123047,179.03393020716993,177.1663177085679,179.03393020716993,460800.0
2024-10-08,178.56951904296875,179.08334885111017,177.7987441746555,178.02603070930903,591800.0
2024-10-09,179.67625427246094,180.2987968472682,178.2335411067643,178.55963411842285,442500.0
2024-10-10,179.29086303710938,179.46872371693163,177.66039808182126,178.5003359446712,196800.0
2024-10-11,182.44308471679688,182.5122477346433,179.5280150489788,179.5280150489788,190400.0
2024-10-14,183.6486358642578,183.7770857773297,182.0478143099753,182.7098764338249,160000.0
2024-10-15,183.2929077148437,185.19016382984307,183.2138534919624,183.41148151014016,333400.0
2024-10-16,185.27908325195312,185.6545870189865,184.1822304759796,184.40950192958115,407600.0
2024-10-17,185.1407470703125,185.7929330794607,184.47868493789264,185.7929330794607,393700.0
2024-10-18,185.54591369628903,185.8917589835688,185.10124685375663,185.5261463696281,176900.0
2024-10-21,183.5399475097656,185.46684708411576,182.96681569928305,185.23957561587227,179100.0
2024-10-22,182.58143615722656,182.86799452402727,181.9490174474805,182.69013382974785,178500.0
2024-10-23,181.1288604736328,182.44310876646432,179.71579062450775,181.9984268411957,227600.0
2024-10-24,181.85020446777344,182.43321243056388,180.9015838974792,181.81068489319955,276100.0
2024-10-25,181.20790100097656,183.273141700097,180.76321910933268,182.6802425632728,167800.0
2024-10-28,183.47076416015625,183.78698104436089,182.1268725583885,182.47273289073087,276100.0
2024-10-29,183.58935546875,183.6486574487345,181.86997500050887,182.6605022083928,270100.0
2024-10-30,183.49053955078125,185.65460182827496,183.0557488549129,183.10515962999824,222600.0
2024-10-31,180.9213256835937,183.7079304885528,180.832395337406,183.38183747447985,567300.0
2024-11-01,181.652572631836,183.26327043641663,181.29683615591784,182.28499135812896,150800.0
2024-11-04,181.820541381836,183.1446656188193,181.02013815019745,181.29682037649096,323400.0
2024-11-05,185.1407470703125,185.1407470703125,181.25728954133976,181.8501886547565,280500.0
2024-11-06,193.7969970703125,193.83653172285204,190.57561647873635,191.0894614153857,668300.0
2024-11-07,194.4195251464844,195.5657887355847,193.86616067672583,194.2614167042531,346500.0
2024-11-08,195.85235595703125,195.99069708073145,193.925456349046,194.1724951469428,255900.0
2024-11-11,199.0638427734375,199.4689899849892,197.50255589905933,197.6310208876124,251700.0
2024-11-12,196.83062744140625,198.83658119680032,195.92152650953736,197.6705502750645,249000.0
2024-11-13,195.53616333007807,198.7279005271212,195.3681787489761,197.6804583872778,298000.0
2024-11-14,193.4017333984375,196.44525316790973,192.9175319312312,196.1092840248122,498300.0
2024-11-15,190.6645355224609,192.9372954110308,190.08152759552087,192.9372954110308,251400.0
2024-11-18,191.85031127929688,192.5617841747687,190.5953651281054,191.18824915563155,232600.0
2024-11-19,193.5104217529297,193.63888674536068,189.9728245628867,190.01234413391504,386700.0
2024-11-20,194.37013244628903,194.3997758972073,192.13690703481552,193.7673571475302,360200.0
2024-11-21,197.6310272216797,198.71800390261924,195.21992627708707,195.8918796102272,387000.0
2024-11-22,201.0105133056641,201.30696285816583,198.26344327004503,198.45119515589784,292200.0
2024-11-25,203.5994873046875,205.30900662775764,202.79908401881323,203.18446393712497,432100.0
2024-11-26,202.2951202392578,203.1350581343804,201.64293423208392,202.9176627986557,355100.0
2024-11-27,202.11724853515625,204.06391539449467,201.25755837627875,203.05600799375927,215700.0
2024-11-29,202.59158325195312,203.96511837633005,202.5816920500036,203.09553697567063,190400.0
2024-12-02,202.4927673339844,203.44140298637151,201.9492789434528,203.00661227394625,562200.0
2024-12-03,202.216064453125,202.7299093406812,201.58364577538308,202.22594057629027,209000.0
2024-12-04,204.6963348388672,204.74574561235096,202.92754374133685,203.16470640722827,283000.0
2024-12-05,202.4433441162109,204.8445690111593,202.31489419765325,204.8445690111593,520900.0
2024-12-06,203.5204315185547,204.06390476241825,203.23385809515912,203.93545485218425,292800.0
2024-12-09,201.34649658203125,204.6469463840764,201.22792278391583,204.21215568691767,301000.0
2024-12-10,199.2219696044922,201.148869220461,199.1033958059869,201.040171545814,442900.0
2024-12-11,201.1488647460937,201.8702138010412,200.3484614678841,200.9512367269638,219700.0
2024-12-12,199.4294891357422,201.1884041805085,199.30102413513004,200.5263269297011,226600.0
2024-12-13,198.5994415283203,199.8247594886624,197.601410135802,199.7654725850745,259900.0
2024-12-16,199.8049774169922,200.5164503636492,198.17452737643347,198.4610857486459,469600.0
2024-12-17,197.4037628173828,199.0638562679118,196.99861557836635,198.718011004744,243100.0
2024-12-18,188.7574157714844,198.3326423380713,187.71984976703973,198.164642680717,560600.0
2024-12-19,188.105224609375,191.8404500617968,187.78900770768448,190.8918144347769,615100.0
2024-12-20,190.6546630859375,192.225826205418,186.7712053829756,186.7712053829756,382600.0
2024-12-23,190.1650238037109,190.6903129737001,188.37111002055576,190.5119197264728,387400.0
2024-12-24,192.06797790527344,192.06797790527344,189.7388690488832,190.45247234802565,182300.0
2024-12-26,192.8906097412109,193.21767918939136,190.5714065157862,191.17598668547728,283000.0
2024-12-27,190.3930053710937,192.395044761568,188.8865078572165,191.75082671111232,328000.0
2024-12-30,188.49005126953125,189.60010922157952,186.46818538509933,188.46031905970133,328800.0
2024-12-31,188.2918395996093,190.0659421862088,187.7665503724085,189.4613620216492,248300.0
2025-01-02,188.8072204589844,190.9480303677723,187.5485014214285,189.72894923673488,598300.0
2025-01-03,192.0184326171875,192.127455762577,189.20365735164063,189.5208210921189,278300.0
2025-01-06,193.02935791015625,194.6746107858141,192.70228847416163,193.9312752830626,378000.0
2025-01-07,190.71014404296875,194.1195784435072,189.57036905214628,193.64384798300367,303200.0
2025-01-08,190.47227478027344,190.5515657123596,188.1629925472596,189.828056751472,269200.0
2025-01-10,187.2808990478516,188.1629898603153,186.06181799803403,188.12333683323905,335000.0
2025-01-13,187.60797119140625,187.8161117953612,184.69410859843867,185.3482323754395,389800.0
2025-01-14,189.7884216308593,190.38308094542964,188.113436583568,189.4613522024061,851600.0
2025-01-15,193.1086578369141,194.5457701845097,192.5239041770897,194.2880859759092,295900.0
2025-01-16,194.3971099853516,194.93230492041005,192.46444060430667,193.505113385854,526400.0
2025-01-17,195.66571044921875,196.4387781055665,195.3188296472772,196.4387781055665,352600.0
2025-01-21,199.0949859619141,199.16435607813,196.7658620032463,197.36053645492305,390700.0
2025-01-22,198.45074462890625,199.52114952401013,198.37145369706164,199.23373312887247,355800.0
2025-01-23,199.2535552978516,199.31303484235167,197.21186284280603,197.75697857672588,265300.0
2025-01-24,198.7480926513672,200.0662761089748,198.4705819364182,199.31303490028463,250300.0
2025-01-27,195.86395263671875,197.9056451486981,194.5160369312566,195.497245279674,387600.0
2025-01-28,197.1523895263672,197.8065283775576,195.3386491425389,196.30995172395453,254400.0
2025-01-29,196.8352508544922,198.0245846564698,195.39812342376945,197.01364411934887,264100.0
2025-01-30,198.926498413086,199.90769159827727,197.68760590798604,198.34172965704715,319900.0
2025-01-31,197.48936462402344,200.5519182912534,197.0532871798137,199.82839420296204,304300.0
2025-02-03,195.5368804931641,196.50818313210587,192.325680712042,192.7716790012868,475500.0
2025-02-04,197.2415771484375,197.27130935638868,195.26927011274924,195.318828833734,262000.0
2025-02-05,199.0652618408203,199.1841906867086,196.91453105633929,197.7867162547205,223900.0
2025-02-06,198.8868408203125,199.9671514304031,197.4299020578897,199.7193729350686,247300.0
2025-02-07,197.03347778320312,199.6500182917692,196.88480160056167,199.2139256864748,244100.0
2025-02-10,197.9056396484375,198.5796050440376,197.2019571653842,198.5796050440376,313100.0
2025-02-11,196.4387969970703,197.1325737908723,195.8738698661172,196.4288913011588,358900.0
2025-02-12,195.368392944336,195.7152889044536,193.2672360381148,193.79252526467005,287900.0
2025-02-13,197.429916381836,197.5785925637429,195.41795606360387,196.3198734816252,393400.0
2025-02-14,197.7371368408203,198.43092869778536,197.2415798705302,198.1633236993331,226500.0
2025-02-18,198.6886138916016,198.90666016949748,197.4992801814775,198.4011823783757,279400.0
2025-02-19,197.4199981689453,197.99484609816548,196.97399989790188,197.58848573253064,333200.0
2025-02-20,194.91249084472656,196.9839155599144,193.35643454192228,196.88479810657904,344200.0
2025-02-21,188.95587158203125,195.6359851576969,188.4603145989961,195.6359851576969,509500.0
2025-02-24,187.4791259765625,189.4514331378001,185.9230697531385,189.35233081272048,644400.0
2025-02-25,185.8636169433593,187.8260185316296,183.93094756679017,187.1818004471733,463500.0
2025-02-26,186.5276641845703,188.43060137638395,185.7149585145668,186.67634036838103,402700.0
2025-02-27,183.73272705078125,187.5881600924288,183.64351529283243,187.4295782151867,367800.0
2025-02-28,186.16094970703125,186.20058761394608,182.8010737568045,183.1578754118374,671900.0
2025-03-03,181.433334350586,187.8656699360897,180.22417400787864,187.6773558481468,556600.0
2025-03-04,179.26278686523438,182.246049726097,175.4370861664269,178.85644161314318,1004500.0
2025-03-05,181.5027008056641,181.76038498590287,177.93468456974963,179.30242664738327,811100.0
2025-03-06,176.88412475585938,180.4323148504366,176.01193955715655,178.41043373038917,658200.0
2025-03-07,177.34994506835938,178.0338161615237,172.74125580378225,176.45793337689295,567900.0
2025-03-10,171.14556884765625,175.1595838205967,169.4904101800547,174.5847358502536,905800.0
2025-03-11,171.323974609375,173.45486375915522,169.33184082111725,171.1455662170175,860700.0
2025-03-12,172.26551818847656,174.33694277403515,170.67974489674907,173.9107710224031,533100.0
2025-03-13,168.84617614746094,172.05739084725872,167.86496787505632,171.91863549670444,512800.0
2025-03-14,173.4945068359375,173.4945068359375,170.13463101744188,170.8680456906101,647300.0
2025-03-17,175.99212646484375,176.77509989833362,173.1872719308383,173.1872719308383,507700.0
2025-03-18,174.03961181640625,174.98116702342244,173.22689113626282,174.98116702342244,388100.0
2025-03-19,177.03277587890625,178.2320304598253,174.218015779664,174.45588858137998,784200.0
2025-03-20,175.83352661132812,178.0338007540486,175.44699278210416,175.44699278210416,513500.0
2025-03-21,175.63531494140625,175.85334610352822,173.5143316304457,174.06935303919064,1136800.0
2025-03-24,180.50167846679688,180.848574419202,178.28159276564278,178.28159276564278,516400.0
2025-03-25,180.07705688476562,181.43946403163432,179.3809369985654,180.80300939649763,360000.0
2025-03-26,177.72018432617188,180.6936138803287,177.0041709813607,180.33560720792312,476500.0
2025-03-27,175.66163635253906,177.85940241373368,175.4329145115449,177.20305434033352,505800.0
2025-03-28,172.02191162109375,175.71136972497624,171.04734379478103,175.28374347486616,295600.0
2025-03-31,171.30589294433594,172.24068896622111,167.47722615857663,169.2274725314145,420700.0
2025-04-01,172.22079467773438,173.1854233192231,169.22747173128184,171.01750504405857,454600.0
2025-04-02,175.33346557617188,175.91025493858763,170.0528786154702,170.0528786154702,380900.0
2025-04-03,163.07176208496094,168.36230356117073,162.79331413087365,167.21866394505636,853800.0
2025-04-04,154.4895782470703,157.86080164834675,150.541565436449,157.323784016695,1946000.0
2025-04-07,153.28627014160156,160.61544535211706,145.86758187815266,147.9460176085036,2138300.0
2025-04-08,149.5968017578125,159.3325861014207,147.55816829106996,158.5768009979726,1051700.0
2025-04-09,164.81207275390625,165.8960471411977,147.3891210951371,148.24435844996506,1327500.0
2025-04-10,157.3237762451172,160.7546647305902,152.98792432549965,160.48617110230367,758000.0
2025-04-11,159.77015686035156,159.85965473595152,154.4995089104076,157.2939427488254,546100.0
2025-04-14,161.49057006835938,163.00215549473202,159.0143559660392,163.00215549473202,759200.0
2025-04-15,161.540283203125,163.42975345373648,160.95355472443,161.47066363398795,558000.0
2025-04-16,159.77015686035156,161.78891209501907,157.77127992630054,160.4463832639184,608800.0
2025-04-17,160.99334716796875,161.9480367396032,159.51159429535443,160.2176685297615,623500.0
2025-04-21,157.26409912109375,159.81987177910432,155.52379195956527,159.51157604981466,719100.0
2025-04-22,161.53033447265625,162.23640864085326,159.10386175524465,159.10386175524465,621400.0
2025-04-23,164.523681640625,169.40649031711354,164.07617708574523,166.5324977366763,516600.0
2025-04-24,168.6009521484375,168.86946093234567,164.56344193723928,165.14023127802108,351200.0
2025-04-25,169.0584259033203,169.28714776015704,167.14906197285472,168.0440710991032,351100.0
2025-04-28,169.6551055908203,170.57994732565953,167.77557432150238,169.3766576379047,522000.0
2025-04-29,170.77883911132812,171.43518722772296,168.62085985676532,169.39653847640446,306500.0
2025-04-30,169.90371704101562,170.17221066316566,166.02530891515653,167.82528141766798,280300.0
2025-05-01,171.1269073486328,173.0263321292197,170.01311551570365,171.37552268093134,318900.0
2025-05-02,174.81634521484375,175.56219118969238,173.0561596396791,173.0561596396791,415700.0
2025-05-05,174.24951171875,175.40309047863096,173.15559820950506,173.3246548110656,479500.0
2025-05-06,172.6186065673828,174.05063336924394,171.54458646598695,172.30037164506865,313400.0
2025-05-07,173.04620361328125,173.87160830490916,171.8329596255174,173.0362644631201,260900.0
2025-05-08,176.38760375976562,177.97874798014888,174.52796590193492,175.21414665729677,368500.0
2025-05-09,176.14894104003906,177.7002982940127,175.72131477557028,177.39201770819432,416700.0
2025-05-12,182.8217620849609,183.53777543621413,180.99195693143625,182.7620968347357,515800.0
2025-05-13,184.4029541015625,185.28803923799185,183.607397190084,183.607397190084,387600.0
2025-05-14,183.83612060546875,184.7211905751431,183.4383421463496,184.59190574750536,390000.0
2025-05-15,183.95545959472656,184.0847444283285,181.8670998265958,183.0604504332814,1033700.0
2025-05-16,185.8747711181641,185.96426899617563,183.89578760567943,184.0648442111265,371800.0
2025-05-19,185.2681427001953,185.3675797253485,183.12010265645227,183.12010265645227,395000.0
2025-05-20,184.89024353027344,185.43720028147504,184.1245040785912,184.81068480516456,306100.0
2025-05-21,179.9974822998047,183.64715318629663,179.62953650114738,183.0106986072352,386500.0
2025-05-22,180.3753967285156,181.47924938631223,179.20192449557334,179.72898777436788,509200.0
2025-05-23,179.7091064453125,180.3057741149225,177.04394229670743,177.48150769231984,323900.0
2025-05-27,183.94549560546875,183.97532822853685,181.09139672061,182.1057362534737,351200.0
2025-05-28,182.30465698242188,183.95545124584828,182.0162547012107,183.83612074287845,273900.0
2025-05-29,182.5731506347656,184.02507084292367,181.330073981104,184.02507084292367,505400.0
2025-05-30,182.26486206054688,182.68253397695,180.3057721263368,181.6781335475717,358700.0
2025-06-02,182.563217163086,182.7024411456557,179.61960487896994,182.08587996202897,293300.0
2025-06-03,185.18858337402344,185.5863618218949,182.4239821907738,183.08033028660927,463800.0
2025-06-04,185.357650756836,186.15322287313887,184.8803135567645,185.74549007707068,1056600.0
2025-06-05,185.3775329589844,186.8592705715327,184.42284344262484,185.7156461562112,485600.0
2025-06-06,187.5653381347656,187.95317741770413,186.79959871871145,187.3366162946415,1034300.0
2025-06-09,187.93328857421875,188.8879780803531,187.4360579338785,188.51007793792647,798100.0
2025-06-10,188.45040893554688,189.27581360298493,187.7443347636458,188.6492981528667,1119600.0
2025-06-11,187.7940673828125,189.63382684902533,187.38633460986964,189.0272048518561,1081800.0
2025-06-12,187.39630126953125,187.83386669619665,186.4515660115635,186.6504552488815,1293700.0
2025-06-13,184.33335876464844,186.5311250525107,183.65711714750768,185.0990982625902,331000.0
2025-06-16,186.7001800537109,187.4659043707753,185.7057186997588,185.8847144598177,522700.0
2025-06-17,185.0095672607422,186.3421568897086,184.80073889246384,185.52669136788924,289700.0
2025-06-18,186.1830444335937,187.46589282449816,184.89024171822624,185.278081015409,869100.0
2025-06-20,185.64602661132807,187.45595344548835,184.9797393669442,187.45595344548835,270400.0
2025-06-23,187.44601440429688,187.44601440429688,183.408488812117,185.0990851480496,589600.0
2025-06-24,190.12109375,190.4194351586916,188.3410147961219,189.0073020101109,443400.0
2025-06-25,188.2415771484375,190.5885064776193,188.1918662217094,190.5288412261252,281800.0
2025-06-26,190.84844970703125,190.98806755285904,188.804048796811,189.37248744867983,301800.0
2025-06-27,191.197509765625,192.62360530522244,189.9608836396125,191.64628034437644,324500.0
2025-06-30,192.184814453125,192.4640501522144,191.6462775925924,192.404200887663,607700.0
2025-07-01,193.0524444580078,194.3489046531252,191.2872639214464,191.39696475066103,821000.0
2025-07-02,195.13673400878903,195.2364675632614,192.4241456729439,193.16213441130893,763700.0
2025-07-03,196.9617462158203,197.10136406014595,195.6852358627852,195.6852358627852,393100.0
2025-07-07,194.9971160888672,196.85204759403985,193.7106384530041,195.93455671861736,1382900.0
2025-07-08,195.53565979003903,196.36338440860587,195.086873996555,195.67527764081947,831400.0
2025-07-09,197.1911163330078,197.1911163330078,195.3361848372286,196.67254446074543,293700.0
2025-07-10,197.60997009277344,198.5573932045667,196.5628438613453,197.16119953398945,884400.0
2025-07-11,195.37608337402344,196.69247801956303,195.2364655295389,196.6825107511012,395300.0
2025-07-14,197.0315704345703,197.07145472713228,195.19657341542924,195.2663899489181,2186200.0
2025-07-15,193.9200592041016,197.7196733142866,193.9200592041016,197.60997249039028,1409900.0
2025-07-16,195.7550506591797,195.9246007549422,192.354355384479,195.0270443648543,470600.0
2025-07-17,198.09864807128903,198.41778328320729,195.7550464125288,195.7550464125288,1843100.0
2025-07-18,197.9490661621093,199.3352774248033,197.30082845883808,199.02612469399605,2255500.0
2025-07-21,196.82212829589844,198.9961797591625,196.73237722826727,198.55739168945328,923900.0
2025-07-22,198.09864807128903,198.62720245097464,195.93456377353388,196.97172277785907,762700.0
2025-07-23,200.30262756347656,200.30262756347656,198.8565670892848,199.2155865863552,578400.0
2025-07-24,198.5873107910156,200.0134062712089,198.48757723669,199.8139543797614,518800.0
2025-07-25,199.9037170410156,200.09320167490057,198.1385365040721,198.97625884425847,195100.0
2025-07-28,199.66436767578125,200.67160961075413,199.2255643877681,200.4821249893663,261100.0
2025-07-29,198.6072540283203,200.8311876061332,197.92911452425145,200.8311876061332,276200.0
2025-07-30,198.2382659912109,200.4522170687496,197.1013734284644,199.40507557793464,364600.0
2025-07-31,197.2110748291016,199.7441459088333,196.7922212749981,198.6172358289375,346500.0
2025-08-01,193.11227416992188,194.54835218658533,190.6490044196848,194.34890028809417,423100.0
2025-08-04,196.792221069336,196.8819721414348,194.0796326308493,194.528403208548,654500.0
2025-08-05,196.5030059814453,197.54018022163507,194.86747603395045,197.3008288083901,310600.0
2025-08-06,196.5927734375,196.7722755855941,195.3361975320217,196.6625747560239,459100.0
2025-08-07,196.5927734375,198.7369080314946,195.11679587288128,198.7369080314946,583000.0
2025-08-08,196.064208984375,197.4703547239056,195.77499080434663,197.3207696081696,335400.0
2025-08-11,195.53565979003903,197.1612072204388,195.2264918473354,196.3035503607292,397100.0
2025-08-12,199.89373779296875,200.0034386156332,196.36337693064368,196.6924793986369,399900.0
2025-08-13,202.74595642089844,202.8656245194465,200.13308627069577,200.70154017320863,822000.0
2025-08-14,200.3524780273437,200.74141454560703,198.94633228728665,200.442244314023,524200.0
2025-08-15,199.8339080810547,200.58186410165885,199.20562015424184,200.58186410165885,203600.0
2025-08-18,200.4322662353516,200.621750864324,199.5546748414015,199.614508889034,1244400.0
2025-08-19,198.8964691162109,201.1004376872661,198.45766581232547,200.51204926487625,534300.0
2025-08-20,198.2083435058593,198.68703109350923,196.1838771140941,198.2881273066684,255900.0
2025-08-21,198.22830200195312,198.57733902653,196.77227420308748,197.07145966501383,326700.0
2025-08-22,204.45127868652344,205.2191844585197,199.0460516936388,199.0859512028668,468100.0
2025-08-25,202.93544006347656,204.19200074370568,202.88557328359028,204.19200074370568,673900.0
2025-08-26,204.20196533203125,204.49118352125203,202.9753216923964,202.9753216923964,728800.0
2025-08-27,205.3189239501953,205.78764428534868,204.19199864858777,204.20196591758085,457900.0
2025-08-28,206.51564025878903,206.82479297139085,205.6679507033552,206.25635432307232,396500.0
2025-08-29,205.2590789794922,206.6552574244605,204.47122347202853,206.5056723115009,641900.0
2025-09-02,204.291732788086,204.3316170813763,201.70877969430103,202.60633607398228,268300.0
2025-09-03,203.7631683349609,205.159346789206,202.86561199962867,204.04240402581,445100.0
2025-09-04,206.0369567871093,206.13667512566408,203.4939032873008,204.1521082340191,498200.0
2025-09-05,207.2237091064453,208.7694879788151,204.76045452727087,207.3733094460193,241500.0
2025-09-08,208.2409210205078,208.2409210205078,206.64529068179883,208.04146913031968,1586800.0
2025-09-09,207.2735748291016,208.01156360250363,206.0967979599194,207.88191301897504,514800.0
2025-09-10,207.07411193847656,208.9290434339771,206.17657082206176,207.8420176954472,324500.0
2025-09-11,210.2454528808593,210.43492228539023,207.30348043553303,207.71236670167585,580600.0
2025-09-12,208.2708435058593,210.1257750459489,208.26087623710987,210.1257750459489,292300.0
2025-09-15,208.8392944335937,209.64708448980613,208.56005874051303,208.91907823407453,646600.0
2025-09-16,208.5401153564453,209.1983203176152,207.2735722130799,209.10855402857968,526800.0
2025-09-17,208.71961975097656,212.21008127595584,206.8547208914217,208.93902140706592,773700.0
2025-09-18,212.4893341064453,212.7286703027256,209.82659718518903,210.24546596308903,428200.0
2025-09-19,211.51199340820312,213.02785525557192,210.77401984849828,213.02785525557192,383400.0
2025-09-22,212.0904083251953,212.39956104700863,210.1058261967878,210.92359875389783,456600.0
2025-09-23,211.1430053710937,213.69602622480463,210.9834377634357,212.6788017474901,408100.0
2025-09-24,209.2100067138672,211.9100036621093,209.2100067138672,211.7400054931641,397800.0
2025-09-25,207.44000244140625,208.0500030517578,205.88999938964844,207.1699981689453,359100.0
2025-09-26,209.22000122070312,209.33999633789065,207.44000244140625,208.02999877929688,394100.0
2025-09-29,209.7400054931641,210.6199951171875,209.1000061035156,210.6199951171875,364600.0
2025-09-30,209.33999633789065,210.0,207.3999938964844,209.7100067138672,569700.0
2025-10-01,210.009994506836,210.25,208.5,208.6499938964844,333100.0
2025-10-02,211.4199981689453,211.509994506836,209.3500061035156,210.75,403600.0
2025-10-03,212.1000061035156,213.509994506836,211.3000030517578,212.3099975585937,323100.0
2025-10-06,212.8800048828125,214.07000732421875,212.1100006103516,213.7700042724609,216400.0
2025-10-07,210.27999877929688,213.33999633789065,209.1000061035156,213.33999633789065,470400.0
2025-10-08,212.75,212.9600067138672,210.72000122070312,211.6499938964844,311700.0
2025-10-09,211.4600067138672,213.1999969482422,210.8000030517578,212.7700042724609,326100.0
2025-10-10,204.8699951171875,212.7400054931641,204.8699951171875,212.2100067138672,609300.0
2025-10-13,209.72999572753903,210.0200042724609,207.7700042724609,208.0800018310547,364400.0
2025-10-14,211.47999572753903,212.9499969482422,206.1300048828125,207.1199951171875,297600.0
2025-10-15,212.6300048828125,214.94000244140625,210.4600067138672,213.5,192700.0
2025-10-16,209.3800048828125,213.6300048828125,208.2700042724609,213.3000030517578,533700.0
