Date,Open,High,Low,Close,Volume
2020-01-02,15.21749782562256,15.367424490131866,14.865172022774315,14.955128307441226,11400.0
2020-01-03,14.955130577087402,15.517353509612391,14.955130577087404,15.157529746143188,4200.0
2020-01-06,14.917647361755373,15.239988720600747,14.820196021312404,15.239988720600747,2300.0
2020-01-07,15.067571640014648,15.067571640014648,14.737733856794016,14.752726808260078,1800.0
2020-01-08,14.805200576782228,15.135038357066495,14.805200576782228,15.135038357066495,6100.0
2020-01-09,14.745231628417969,14.745231628417969,14.745231628417969,14.745231628417969,500.0
2020-01-10,14.445380210876465,14.902653847809292,14.445380210876465,14.737735651024456,4300.0
2020-01-13,14.730239868164062,14.73023986816406,14.430387937247549,14.505351277428376,3800.0
2020-01-14,14.72274112701416,14.72274112701416,14.565319423669788,14.565319423669788,500.0
2020-01-15,14.617792129516602,14.617792129516602,14.602799179050727,14.602799179050727,900.0
2020-01-16,14.715248107910156,14.977619104923948,14.685263627289473,14.977619104923948,1600.0
2020-01-17,14.550328254699709,15.030091329166387,14.475364916862604,15.030091329166387,2900.0
2020-01-21,14.115543365478516,14.49035864489091,14.10055041114838,14.4303882573772,8400.0
2020-01-22,13.605793952941896,14.347928012577986,13.463363750646046,14.347928012577986,10700.0
2020-01-23,13.313437461853027,13.530829556989827,12.556310507439573,13.425881747600108,13800.0
2020-01-24,13.508340835571287,13.5308288336345,13.006088384931752,13.343421224139249,2300.0
2020-01-27,13.00609016418457,13.335928002364373,13.00609016418457,13.19349779931747,2400.0
2020-01-28,13.15601634979248,13.380906385825591,12.901141833505752,12.998594611395502,5400.0
2020-01-29,12.811184883117676,13.380904213514674,12.706237074557349,13.193496595481712,16000.0
2020-01-30,13.12602996826172,13.253467207946072,12.75871120206721,12.893644918180843,9400.0
2020-01-31,12.71373176574707,13.02108156615396,12.556310057305932,13.006088613976722,3700.0
2020-02-03,12.773704528808594,12.886148818925609,12.65376233223616,12.65376233223616,1300.0
2020-02-04,13.051068305969238,13.253468906072657,12.923631049956736,12.923631049956736,8100.0
2020-02-05,13.028575897216797,13.260962353786988,12.938621048704784,13.260962353786988,1700.0
2020-02-06,12.916132926940918,13.006089214350188,12.60878454215315,12.953615309114232,4500.0
2020-02-07,12.946118354797363,12.991095781938398,12.736221311794813,12.916132450165586,3400.0
2020-02-10,12.968607902526855,12.968607902526855,12.803689696772974,12.931126947066774,1600.0
2020-02-11,12.818681716918944,12.818681716918944,12.811185240411758,12.811185240411758,600.0
2020-02-12,12.946118354797363,12.97610282962251,12.743717787952756,12.743717787952756,2100.0
2020-02-13,12.893646240234377,12.901141287625478,12.781200512072244,12.781200512072244,1000.0
2020-02-14,12.90863800048828,12.96860838935974,12.773705697882637,12.773705697882637,1900.0
2020-02-18,13.290948867797852,13.32093477511119,12.638771111607076,12.79619283558183,4300.0
2020-02-19,13.118534088134766,13.275955810885144,13.088548181054648,13.178504472488257,1300.0
2020-02-20,13.081050872802734,13.081050872802734,12.653760349616183,13.058561446380338,3300.0
2020-02-21,12.121525764465332,12.90114077455666,12.024074424381457,12.886149250563824,21100.0
2020-02-24,12.173998832702637,12.38389588198958,11.484338733396015,11.484338733396015,10500.0
2020-02-25,12.099035263061523,12.496339924750888,11.881643171432485,12.323925260733608,5700.0
2020-02-26,12.48134708404541,12.62377727419916,12.48134708404541,12.526324512059931,3400.0
2020-02-27,11.994088172912598,12.323925998013578,11.68673977786625,12.293940091274068,20700.0
2020-02-28,11.01956844329834,11.731717290587396,10.554797609121234,11.461850562166186,11500.0
2020-03-02,11.72421932220459,11.776693219684836,11.019566369368428,11.319418948306264,7900.0
2020-03-03,12.548815727233888,12.548815727233888,10.944606744900224,11.22196997348218,7800.0
2020-03-04,11.896636009216309,12.144014733175132,11.26694627165572,12.144014733175132,1500.0
2020-03-05,11.956605911254885,12.36890281472643,11.581790674444992,11.619272341106646,700.0
2020-03-06,11.551807403564451,12.39139430264074,11.544310926005828,11.544310926005828,4200.0
2020-03-09,11.551807403564451,11.679244662447276,10.62976211095709,11.679244662447276,14300.0
2020-03-10,12.21897792816162,13.335928754804284,11.694237378066658,11.844163351651424,3900.0
2020-03-11,11.39438247680664,11.836664548143435,10.869641314928671,11.619271750440996,6100.0
2020-03-12,9.02554988861084,11.16949255177822,9.02554988861084,10.79467735588092,25400.0
2020-03-13,9.767685890197754,11.334413857911136,9.557789535857752,10.1125159726366,5200.0
2020-03-16,8.995566368103027,9.74519689877828,7.9835648657300835,9.580277981856778,8600.0
2020-03-17,9.15298843383789,9.812663359643718,9.093018051028576,9.812663359643718,12800.0
2020-03-18,8.808158874511719,9.182974145767536,8.65073643198814,9.00306298714156,5400.0
2020-03-19,9.550292015075684,10.479833626187196,8.62075040396417,8.62075040396417,20700.0
2020-03-20,9.182971954345703,10.075031772496152,8.823149722961624,10.075031772496152,4500.0
2020-03-23,9.10051441192627,9.445344466148276,8.508306353034493,8.980572932928895,7400.0
2020-03-24,8.770676612854004,9.257936861564604,8.245935411468496,9.100514429658618,20100.0
2020-03-25,9.370380401611328,11.08703406259039,9.1829727935791,10.067536932260264,5000.0
2020-03-26,10.194975852966309,10.232456808863454,9.175477838727634,10.120012511365204,9300.0
2020-03-27,10.030056953430176,10.689731930363932,9.45284108052436,9.512811467981663,8300.0
2020-03-30,10.644752502441406,10.682234168821443,10.105018365317497,10.127507794087515,2700.0
2020-03-31,10.832159042358398,10.832159042358398,9.89512105054706,10.3074179099247,5800.0
2020-04-01,10.232455253601074,10.307418583808271,9.857640032371682,10.157492638297176,5100.0
2020-04-02,9.70771312713623,10.727210885628656,9.370379604359918,10.120009972708711,3300.0
2020-04-03,9.895121574401855,10.757197001449123,9.895121574401855,10.187477700689708,900.0
2020-04-06,10.269937515258787,10.577285900135434,9.977582083255804,10.11251508460205,7200.0
2020-04-07,10.194975852966309,10.742205815982793,10.05254564690489,10.59977632482478,8200.0
2020-04-08,10.307419776916504,10.389878877766618,10.12001214460893,10.389878877766618,1000.0
2020-04-09,10.4198637008667,10.74220504577506,10.00756749633216,10.31491588803392,16200.0
2020-04-13,10.269937515258787,10.719716092821852,10.045048226477256,10.269937515258787,3000.0
2020-04-14,10.269937515258787,10.757197760102663,10.194974895600506,10.344900849820414,7900.0
2020-04-15,10.127507209777832,10.64475188828913,10.127507209777832,10.33740352853136,2100.0
2020-04-16,10.127507209777832,10.31491481596216,9.977581267811027,10.31491481596216,1600.0
2020-04-17,10.269937515258787,10.644752758260228,10.269937515258787,10.644752758260228,1200.0
2020-04-20,10.38987922668457,10.652250206687594,10.38987922668457,10.554798148826569,2800.0
2020-04-21,10.68223476409912,10.70472347921902,10.30741950921845,10.34490117768719,2900.0
2020-04-22,10.577285766601562,10.577285766601562,10.577285766601562,10.577285766601562,600.0
2020-04-23,11.16949462890625,11.596784517824076,10.64475340004751,10.64475340004751,6000.0
2020-04-24,11.01956844329834,11.386887224597498,10.70472356935524,10.83216081427999,7500.0
2020-04-27,11.596783638000488,11.619272352057344,11.102027639329677,11.319420448288165,1900.0
2020-04-28,11.694235801696776,12.10653199475196,10.344900791515869,11.544309133418526,18900.0
2020-04-29,11.39438247680664,12.308931808304596,11.356900812050366,12.286442380508856,3800.0
2020-04-30,10.907123565673828,11.60427942202098,10.637256136852566,11.319420470337054,7700.0
2020-05-01,10.502325057983398,11.7167265650557,10.494828580277796,10.682236233497044,3900.0
2020-05-04,10.494827270507812,10.869642530168807,10.135004964386878,10.554797654861302,6500.0
2020-05-05,10.202471733093262,10.502324388059074,10.157494299535612,10.502324388059074,6700.0
2020-05-06,10.839656829833984,10.839656829833984,9.985077820503973,10.419863444135906,6200.0
2020-05-07,11.10202693939209,11.24445640597702,10.607270257010342,10.869641192444451,7000.0
2020-05-08,11.559300422668455,11.76919672718643,11.191981711036195,11.619270795387877,6300.0
2020-05-11,11.431864738464355,11.619272357127706,10.000070646260896,11.244457119801003,7900.0
2020-05-12,10.6297607421875,11.431865150185542,10.562293882654329,11.431865150185542,6300.0
2020-05-13,10.982085227966309,11.027063367154168,10.277432956647162,11.027063367154168,5200.0
2020-05-14,10.54730224609375,11.424370099703191,10.40487274755788,10.40487274755788,5000.0
2020-05-15,11.01956844329834,11.42436889338184,10.83216081427999,10.83216081427999,7300.0
2020-05-18,11.132012367248535,11.34190869116722,10.77968585877898,10.974589945583697,8200.0
2020-05-19,11.10202693939209,11.424367536895865,10.68223358567817,10.869641192444451,10500.0
2020-05-20,11.446858406066896,11.851658859066909,11.169494484006416,11.169494484006416,4900.0
2020-05-21,11.319419860839844,11.536812658516215,11.21447134251552,11.28943467201908,2200.0
2020-05-22,11.281938552856444,11.544308784609242,11.147004841444351,11.229463934583237,3800.0
2020-05-26,11.551807403564451,11.99408957087502,11.416873667123005,11.461851817571304,16100.0
2020-05-27,11.926620483398438,12.256458285568588,11.769198058477077,11.99408733906521,5800.0
2020-05-28,12.33891773223877,12.556311270391598,11.979095424061766,11.979095424061766,10100.0
2020-05-29,11.81417751312256,12.406384897784267,11.664251547707988,12.36890394260817,5700.0
2020-06-01,13.718238830566406,13.718238830566404,12.24146712546607,12.331423422794122,56800.0
2020-06-02,13.426687240600586,13.71823751964652,12.053328974972723,13.58780678505926,16400.0
2020-06-03,12.843585968017578,13.419015454739116,12.728500363351843,13.227205625831935,9500.0
2020-06-04,12.843585968017578,12.843585968017578,12.091691789915725,12.63643100158354,13100.0
2020-06-05,12.705480575561523,12.851256431398967,12.436946566406007,12.45229170141892,12600.0
2020-06-08,12.28350067138672,12.774533327229642,12.28350067138672,12.728499381592556,2700.0
2020-06-09,12.183760643005373,12.28350184366639,12.04565732952143,12.275829274762517,2800.0
2020-06-10,11.96893310546875,12.444620641348909,11.87686374763138,11.953587968597056,3700.0
2020-06-11,12.268156051635742,12.46763844232,11.585313552926683,11.892208975751384,11200.0
2020-06-12,12.191431999206545,12.291173189946134,11.600657422909668,12.045656131319308,7000.0
2020-06-15,12.122381210327148,12.168415159047992,11.408848419886274,11.5853138411733,9300.0
2020-06-16,11.853846549987791,12.275828293930946,11.569968108494203,12.275828293930946,7200.0
2020-06-17,11.746434211730955,12.191432955029011,11.746434211730955,12.061002213197192,2600.0
2020-06-18,11.738759994506836,11.968931902574877,11.592984135662002,11.77712210113423,3400.0
2020-06-19,11.631345748901367,12.199102561474986,11.631345748901367,11.915224155188175,3800.0
2020-06-22,11.754105567932127,12.153070345848684,11.754105567932127,12.153070345848684,2700.0
2020-06-23,11.60832977294922,12.01496636471186,11.60832977294922,11.754104906401214,5100.0
2020-06-24,11.853846549987791,12.122380586596089,11.240054988951968,11.585313245075884,1500.0
2020-06-25,11.600656509399414,11.961259134954632,11.592983941862933,11.961259134954632,1600.0
2020-06-26,11.523933410644531,12.153069335538513,11.50858827506354,12.153069335538513,4200.0
2020-06-29,11.80013942718506,11.80013942718506,11.80013942718506,11.80013942718506,1300.0
2020-06-30,11.362812995910645,11.815483514144535,11.232382271974943,11.62367371208572,6200.0
2020-07-01,11.378158569335938,11.454882790725703,11.378158569335938,11.454882790725703,2500.0
2020-07-02,11.907554626464844,12.12238143171034,11.539279371490412,11.546951940316148,13300.0
2020-07-06,11.616002082824709,11.968932154161942,11.592984379346642,11.869190967512688,5100.0
2020-07-07,11.393503189086914,12.122380332416862,11.393503189086914,11.738760706275166,18800.0
2020-07-08,11.040573120117188,11.40117504240296,11.040573120117188,11.40117504240296,8300.0
2020-07-09,11.048246383666992,11.13264318073037,10.112214900409167,11.124970611597975,23600.0
2020-07-10,11.048246383666992,11.124970611597975,10.60324761773879,11.117298042465588,5100.0
2020-07-13,10.871780395507812,11.393503327543456,10.795056176668554,11.393503327543456,4300.0
2020-07-14,10.802729606628418,11.101953205935017,10.802729606628418,10.818074744298908,3500.0
2020-07-15,11.078934669494627,11.378158246386077,10.83341833873019,11.316779163694966,17100.0
2020-07-16,11.324451446533203,11.393503095744414,10.9561762279722,10.9561762279722,9700.0
2020-07-17,11.155658721923828,11.500916239823637,11.086607072004592,11.27841688547075,6200.0
2020-07-20,11.0329008102417,11.0329008102417,11.0329008102417,11.0329008102417,900.0
2020-07-21,11.00988483428955,11.293763302611136,10.818074999069848,11.08660832935956,3500.0
2020-07-22,11.29376220703125,11.43186477743886,10.871780464144017,11.43186477743886,2000.0
2020-07-23,11.048246383666992,11.470228173894483,11.040574546231063,11.21703924609728,1900.0
2020-07-24,10.856436729431152,11.086608685426484,10.610920366607584,11.017557025458236,14600.0
2020-07-27,10.779712677001951,11.270745377372752,10.357730901348468,11.270745377372752,8400.0
2020-07-28,11.048246383666992,11.071264091064169,10.741350935335978,10.879454252933169,10700.0
2020-07-29,10.902470588684082,11.355141897173915,10.82574636525663,10.82574636525663,6400.0
2020-07-30,11.0329008102417,11.117296866682752,10.495833466615284,10.93315961715879,8400.0
2020-07-31,11.063590049743652,11.43186453873604,11.05591748163222,11.109623995019517,1500.0
2020-08-03,11.447209358215332,11.46255376231725,10.986865528016164,11.263072118814204,10900.0
2020-08-04,12.099363327026367,12.183759381138778,11.132641696154606,11.447209671669295,15200.0
2020-08-05,11.77712345123291,12.10703584997762,11.554624085322867,12.10703584997762,6700.0
2020-08-06,11.431864738464355,12.084018405402738,11.293762168527577,11.968932808506024,14600.0
2020-08-07,11.600656509399414,12.076344721216614,11.41651927870172,11.41651927870172,5700.0
2020-08-10,11.815485000610352,12.084019049954575,11.784795457687848,12.084019049954575,3700.0
2020-08-11,12.168415069580078,12.498328935368027,11.892209184196547,11.892209184196547,5700.0
2020-08-12,12.014966011047363,13.043066678034432,11.930569960658998,12.137724168592744,12200.0
2020-08-13,12.17608642578125,12.92798124755592,11.84617332454066,12.245138073175452,9800.0
2020-08-14,12.09169101715088,12.199104046188552,11.82315698116393,11.968932851567034,8200.0
2020-08-17,12.122381210327148,12.536690407296852,11.869192297273242,12.19910470209403,11900.0
2020-08-18,12.360225677490234,12.559708072488633,12.0226399733858,12.0226399733858,4200.0
2020-08-19,11.700398445129396,12.34487952573581,11.301433687917289,12.268155308826907,16600.0
2020-08-20,11.508588790893556,11.968932635207844,11.431864572942382,11.94591493080467,10400.0
2020-08-21,11.516261100769045,11.62367412545624,11.454882020463115,11.62367412545624,1100.0
2020-08-24,11.708070755004885,11.876862857768542,11.654363511674315,11.761777266639106,2600.0
2020-08-25,11.562294006347656,11.892207082123576,11.562294006347656,11.761776365267806,11000.0
2020-08-26,11.700398445129396,11.9382429321899,11.546950743007953,11.9382429321899,9300.0
2020-08-27,11.508588790893556,11.662036495099528,11.47789925005236,11.531605763600355,7100.0
2020-08-28,11.646692276000977,11.646692276000977,11.02522814944949,11.646692276000977,7800.0
2020-08-31,11.278416633605955,11.754104872575594,11.240054525430136,11.754104872575594,9700.0
2020-09-01,10.933159828186035,11.393503692577692,10.933159828186035,11.393503692577692,12700.0
2020-09-02,11.14798641204834,11.255400173488583,10.9715217307855,11.255400173488583,4700.0
2020-09-03,11.278416633605955,11.761777440550029,11.07893425644878,11.124968932599034,16300.0
2020-09-04,11.362812995910645,11.608329308403103,11.286088782408587,11.37815739959326,12900.0
2020-09-08,11.731087684631348,11.892207950649942,11.048244513086573,11.048244513086573,3900.0
2020-09-09,11.80013942718506,11.884535478945503,11.616002187873356,11.662036131853109,3200.0
2020-09-10,11.339797019958496,11.85384742630466,11.278417932486994,11.815485313710862,11500.0
2020-09-11,11.56996726989746,11.692725426867778,11.477898652169722,11.5085881914123,18700.0
2020-09-14,11.838501930236816,11.938243121118296,11.508588816682416,11.508588816682416,12800.0
2020-09-15,11.953588485717772,12.076346659216345,11.80781333761233,11.80781333761233,5300.0
2020-09-16,11.53927993774414,12.037985228746257,11.52393553103613,11.884537503183797,11500.0
2020-09-17,11.531606674194336,11.769451183267275,11.508589699669995,11.531606674194336,7000.0
2020-09-18,11.639019966125488,11.769450702597275,11.600657855687365,11.70039905014793,6600.0
2020-09-21,11.508588790893556,11.646692090527116,11.431864572942382,11.639019522392724,2500.0
2020-09-22,11.508588790893556,11.639019522392724,11.324451545846388,11.639019522392724,2600.0
2020-09-23,11.424192428588867,11.508588480703338,11.209364916794366,11.508588480703338,2900.0
2020-09-24,11.45488166809082,11.45488166809082,11.385830021946711,11.385830021946711,900.0
2020-09-25,11.462554931640623,11.462554931640623,11.355141896880674,11.355141896880674,800.0
2020-09-28,11.546951293945312,11.64669248800727,11.470227073375684,11.470227073375684,11300.0
2020-09-29,11.546951293945312,11.577640835833884,11.493244046868014,11.546951293945312,1400.0
2020-09-30,11.631345748901367,11.708069958901604,11.178674519631812,11.50858759825802,29800.0
2020-10-01,11.508588790893556,11.62367438612394,11.255399896029603,11.62367438612394,12300.0
2020-10-02,11.585311889648438,11.723414444244264,11.293760913974117,11.293760913974117,1100.0
2020-10-05,11.5546236038208,11.738760851032389,11.5546236038208,11.738760851032389,1000.0
2020-10-06,11.685051918029783,11.81548263223006,11.631345411604826,11.631345411604826,2100.0
2020-10-07,12.045654296875,12.122378503204551,11.89220661591216,11.89220661591216,4100.0
2020-10-08,12.390913963317873,12.544362403238406,12.314189743357604,12.329534880028213,1700.0
2020-10-09,12.329533576965332,12.636428960978984,12.283499635211442,12.5443610774712,3100.0
2020-10-12,12.27582836151123,12.344880013116152,12.122380653331618,12.27582836151123,2200.0
2020-10-13,12.122381210327148,12.122381210327148,11.930571383365317,11.930571383365317,1000.0
2020-10-14,11.96893310546875,12.107035678832007,11.815484663537395,12.014967052691036,1900.0
2020-10-15,11.508588790893556,11.93824309436665,11.508588790893556,11.662036495099528,18300.0
2020-10-16,11.592985153198242,12.099363688072176,11.592985153198242,11.792467539812543,2300.0
2020-10-19,11.592985153198242,12.014966899744993,11.516261664905626,11.8078126764889,1800.0
2020-10-20,11.5546236038208,11.807812501660823,11.5546236038208,11.569968008573577,5200.0
2020-10-21,11.516261100769045,11.869191178376305,11.516261100769045,11.5853127490373,1600.0
2020-10-22,11.301433563232422,11.62367409998046,11.301433563232422,11.62367409998046,3400.0
2020-10-23,11.393503189086914,11.968932628299456,11.393503189086914,11.447209702603912,2800.0
2020-10-26,11.186349868774414,11.393504848272244,10.994540027771151,11.393504848272244,7100.0
2020-10-27,11.186349868774414,11.347470164485012,10.994540027771151,11.347470164485012,3500.0
2020-10-28,10.52652359008789,11.33979685295638,10.419109822746432,11.194021705282513,14500.0
2020-10-29,10.956175804138184,10.979193507449068,10.58790133152005,10.82574507882851,4600.0
2020-10-30,10.89479637145996,11.163330381126494,10.772038217908282,10.89479637145996,7100.0
2020-11-02,10.818074226379396,11.109624511196229,10.818074226379396,11.109624511196229,1000.0
2020-11-03,10.925488471984863,11.048246654324572,10.925488471984863,10.971523156210496,4100.0
2020-11-04,10.511178970336914,11.132643167064945,10.511178970336914,10.894798646128017,4400.0
2020-11-05,10.74134922027588,10.81807343595639,10.549539412770953,10.74134922027588,4900.0
2020-11-06,10.74134922027588,11.025227647579609,10.74134922027588,11.025227647579609,3000.0
2020-11-09,10.779712677001951,11.84617487189211,10.779712677001951,11.094280683601106,3000.0
2020-11-10,10.587902069091797,11.217038036155987,10.587902069091797,11.124969411587792,6400.0
2020-11-11,10.541866302490234,10.74134866763922,10.288677428145872,10.557211437515376,10300.0
2020-11-12,10.902470588684082,11.124969958587984,10.472816254543911,10.472816254543911,8600.0
2020-11-13,11.048246383666992,11.224711815229671,10.956177749167688,11.040574546231063,6700.0
2020-11-16,11.048246383666992,11.339797425429689,10.940833342599367,11.071264091064169,4700.0
2020-11-17,10.986865997314451,11.316779114105804,10.756694804079574,11.109624162158756,8800.0
2020-11-18,11.048246383666992,11.424194222493064,11.048246383666992,11.224711815229671,2300.0
2020-11-19,11.109622955322266,11.408846498397937,10.940830862845395,11.224709271134277,2800.0
2020-11-20,10.933159828186035,11.278417360631575,10.917814691247992,11.04057359166313,6300.0
2020-11-23,11.163331031799316,11.370485245068018,11.04824470736439,11.10962378771781,5900.0
2020-11-24,11.41652011871338,11.508588740836508,11.124969116141957,11.37815800990465,7800.0
2020-11-25,11.700398445129396,11.884535687675124,11.508588634553504,11.508588634553504,11500.0
2020-11-27,11.77712345123291,11.892209052611882,11.523934542842047,11.700399229182658,4800.0
2020-11-30,11.52570915222168,11.79283545420252,11.42357258091908,11.706411798109446,8200.0
2020-12-01,11.266439437866213,11.643558385932131,11.203586279855225,11.580705227921143,6500.0
2020-12-02,11.415716171264648,11.533566411408096,11.274296932068816,11.400003255473464,6600.0
2020-12-03,11.313580513000488,11.572850013350203,11.313580513000488,11.572850013350203,700.0
2020-12-04,11.11716365814209,11.47071364137568,11.007170996041696,11.47071364137568,5700.0
2020-12-07,11.187873840332031,11.3135801701137,11.007171178588091,11.195730673260591,9900.0
2020-12-08,11.19572925567627,11.368575811874935,11.070022941811322,11.219299002208764,8400.0
2020-12-09,11.203587532043455,11.549279939740792,11.093594118596254,11.235014114561396,11400.0
2020-12-10,11.203587532043455,11.549279939740792,11.070024369025006,11.321437029168523,6300.0
2020-12-11,11.38429069519043,11.392147528482877,11.235014608978265,11.250727526294291,4500.0
2020-12-14,11.290010452270508,11.509996530005589,11.21930045425274,11.509996530005589,7200.0
2020-12-15,11.282154083251951,11.509997003306738,11.125021164122597,11.509997003306738,4000.0
2020-12-16,11.227157592773438,11.4942839262137,11.085737592888863,11.297867592715724,9200.0
2020-12-17,11.313580513000488,11.407861012462975,11.242871262306895,11.321437346167173,6100.0
2020-12-18,11.109307289123535,11.486426262523002,11.109307289123535,11.266440194706648,10900.0
2020-12-21,11.305723190307615,11.392146097865009,11.077880298321068,11.077880298321068,2900.0
2020-12-22,11.345005989074709,11.384289401805033,11.077880430899814,11.20358675222183,5000.0
2020-12-23,11.172162055969238,11.502141579721794,11.00717229409296,11.502141579721794,7000.0
2020-12-24,11.329293251037598,11.345006166814631,10.9993137777632,11.156446681877489,8500.0
2020-12-28,11.698555946350098,11.706412029475748,11.502139632102056,11.635702785732226,11500.0
2020-12-29,11.509995460510254,11.70641177041158,11.313579150608929,11.70641177041158,4500.0
2020-12-30,11.494282722473145,11.494282722473145,11.242870081691,11.447142477692106,3700.0
2020-12-31,11.297866821289062,11.431429978889405,11.038597338716356,11.250726574790026,12400.0
2021-01-04,11.43143081665039,11.55713715083524,11.109308147984498,11.337151066011751,5200.0
2021-01-05,11.3921480178833,11.3921480178833,11.195731672747382,11.227158257998374,1800.0
2021-01-06,11.219301223754885,11.368578062979529,11.203588306044798,11.227158057244363,3800.0
2021-01-07,11.313580513000488,11.384290512962927,11.195731012575653,11.235014429140216,3300.0
2021-01-08,11.345005989074709,11.384289401805033,11.172160171891326,11.313579408744204,3000.0
2021-01-11,11.32143783569336,11.58856418076,11.172161745416116,11.313581002186956,9900.0
2021-01-12,11.38429069519043,11.525710697379012,11.337151193973478,11.50999703079412,9100.0
2021-01-13,11.242871284484863,11.392147368602044,11.235014451302684,11.392147368602044,3900.0
2021-01-14,11.156447410583496,11.31358032496124,11.156447410583496,11.266440825282336,6200.0
2021-01-15,11.1328763961792,11.313579039870683,11.038596658261632,11.117162731891897,20800.0
2021-01-19,11.077881813049316,11.305724736189848,11.070024979669226,11.305724736189848,5800.0
2021-01-20,10.85789394378662,11.297866830830268,10.81861127915118,11.117163426578283,17300.0
2021-01-21,11.077881813049316,11.125021314792118,10.842182056528696,11.125021314792118,8800.0
2021-01-22,11.180015563964844,11.313578709430892,11.038596335853352,11.132876071017256,8400.0
2021-01-25,11.235013961791992,11.305723958813076,10.983600555798269,11.19573054686152,4800.0
2021-01-26,11.085737228393556,11.392146968312533,11.085737228393556,11.258583805983912,3700.0
2021-01-27,11.03074073791504,11.140734149211928,10.967887574107907,10.967887574107907,1700.0
2021-01-28,10.920746803283691,11.235013356528158,10.889320222886123,11.20358677613059,4800.0
2021-01-29,10.975744247436523,11.117163489313509,10.755757428038892,10.771471093396782,8800.0
2021-02-01,11.007171630859377,11.187874300028168,10.967888213871287,11.07788163158416,4900.0
2021-02-02,11.093594551086426,11.14073480133554,10.928604799117815,11.015028466363049,9700.0
2021-02-03,11.070024490356444,11.227157404668375,10.960031075703675,11.01502815766448,11100.0
2021-02-04,11.219301223754885,11.290011226622465,10.975745379731972,10.975745379731972,13400.0
2021-02-05,11.345005989074709,11.486425975196363,11.062166766100177,11.132876759161002,7200.0
2021-02-08,11.454999923706056,11.51785308726879,11.180016771167484,11.28215334927413,10300.0
2021-02-09,11.580706596374512,11.62784684508753,11.400003933057082,11.43143051577615,11200.0
2021-02-10,11.753552436828612,12.02067874777657,11.290009808921132,11.612132448851744,12000.0
2021-02-11,11.274296760559082,11.745695466155372,11.274296760559082,11.745695466155372,3000.0
2021-02-12,11.235013961791992,11.619989779719203,11.235013961791992,11.274297376722464,5700.0
2021-02-16,11.093594551086426,11.525710639506013,11.093594551086426,11.34500722103141,6500.0
2021-02-17,10.960030555725098,11.093593713870789,10.850037895559565,11.070023965159432,10300.0
2021-02-18,11.03074073791504,11.093593901722173,10.983600490425284,11.062167319818606,1900.0
2021-02-19,10.999314308166504,11.187873802196268,10.96003089292643,11.187873802196268,2300.0
2021-02-22,11.054309844970703,11.109306922059222,10.944317189331208,11.070023509644216,3000.0
2021-02-23,10.975744247436523,11.085736907866536,10.818611340201649,11.05431032641956,6600.0
2021-02-24,11.180015563964844,11.297865794871274,10.96788634716324,10.96788634716324,3500.0
2021-02-25,10.999314308166504,11.187873802196268,10.975744558729987,11.007171141068284,4900.0
2021-02-26,10.999314308166504,11.093594055181386,10.96003089292643,10.96003089292643,2100.0
2021-03-01,10.975744247436523,11.101450573224424,10.802897674843758,10.802897674843758,9400.0
2021-03-02,11.054309844970703,11.140733502137474,10.97574376940946,10.97574376940946,2800.0
2021-03-03,11.1328763961792,11.258582713402625,11.015026911099428,11.117162731891897,4400.0
2021-03-04,10.912891387939451,11.211444294620396,10.881464805618766,11.211444294620396,5400.0
2021-03-05,10.881464958190918,11.140734453289086,10.873608125183376,10.99931445622869,4900.0
2021-03-08,11.015027046203612,11.148589447940138,10.889319978169585,10.897176810409604,8000.0
2021-03-09,11.337151527404783,11.384291030008134,11.007172012105803,11.093594933057869,5900.0
2021-03-10,11.3921480178833,11.627847781900185,11.235015091628345,11.282154594870384,6300.0
2021-03-11,11.203587532043455,11.400003860097788,11.132877534060889,11.400003860097788,8200.0
2021-03-12,11.085737228393556,11.423573550668156,11.070024311850156,11.132877476561406,3600.0
2021-03-15,11.494282722473145,11.549279050327046,11.203586669251594,11.274296661788766,8300.0
2021-03-16,11.470712661743164,11.470712661743164,11.132876372958306,11.384289006880758,7700.0
2021-03-17,11.470712661743164,11.470712661743164,11.227156110679225,11.337149512654674,11400.0
2021-03-18,11.51785373687744,11.51785373687744,11.290010818794954,11.313580569143111,4200.0
2021-03-19,12.25637912750244,12.25637912750244,11.337150655476316,11.533566982844825,32100.0
2021-03-22,12.169955253601074,12.256378915681651,11.816406020301738,12.020679177059154,14400.0
2021-03-23,12.020678520202637,12.020678520202637,11.635702726074792,11.808548542253352,7500.0
2021-03-24,11.682843208312988,12.044249285168988,11.67498637529531,11.83212003857353,6400.0
2021-03-25,11.313580513000488,11.572850013350203,11.08573759604865,11.572850013350203,7600.0
2021-03-26,11.447142601013184,11.745695489792704,11.164303377086217,11.313579446841588,2900.0
2021-03-29,11.588563919067385,11.981396594290006,11.26644124526785,11.494284166926215,11300.0
2021-03-30,11.86354637145996,12.177812192858458,11.321436892961527,11.329293725813695,17200.0
2021-03-31,11.902828216552734,12.36637083310858,11.847831888916875,11.981395041120043,8400.0
2021-04-01,11.635703086853027,11.706412332426437,11.517852845693085,11.627846254255273,3000.0
2021-04-05,12.099245071411133,12.099245071411133,11.447142945766371,11.910685583114317,13500.0
2021-04-06,11.753552436828612,12.059962161022233,11.58856270061186,11.682842442840178,2800.0
2021-04-07,11.604276657104492,12.114958794319518,11.604276657104492,11.753552732065115,9700.0
2021-04-08,11.769265174865724,11.97353832124389,11.588562525640343,11.62784593829288,3200.0
2021-04-09,11.698555946350098,12.059961994537243,11.47071305179312,11.635702785732226,3300.0
2021-04-12,11.502140998840332,11.549280500270685,11.360720996011548,11.525710749555508,5800.0
2021-04-13,11.894970893859863,11.973536960970533,11.085735232666009,11.659271193990476,18800.0
2021-04-14,12.13852882385254,12.162098573229512,11.674986173582036,11.729983254486742,4200.0
2021-04-15,11.942112922668455,12.201382422854078,11.816406589156504,12.193526338961217,2800.0
2021-04-16,12.028536796569824,12.028536796569824,11.78498020923402,11.847833377075094,5300.0
2021-04-19,11.784978866577148,11.94996860067998,11.59641938453642,11.942111768277757,2700.0
2021-04-20,11.942112922668455,11.942112922668455,11.604277338672292,11.784980005778516,3400.0
2021-04-21,12.130671501159668,12.413511479338176,11.635703037884866,11.753552529280048,6400.0
2021-04-22,11.769265174865724,12.217094880274592,11.588562525640343,11.981395153628153,4500.0
2021-04-23,11.824261665344238,11.918541401469124,11.6906985185168,11.918541401469124,1900.0
2021-04-26,11.667129516601562,11.832119252669806,11.651415851609928,11.729982678030533,2900.0
2021-04-27,11.706411361694336,11.965680821770462,11.643558204661868,11.643558204661868,5500.0
2021-04-28,11.769265174865724,11.769265174865724,11.478569120066998,11.714268846713438,7000.0
2021-04-29,11.965680122375488,11.965680122375488,11.486424640698235,11.76926383081238,6300.0
2021-04-30,11.486425399780272,11.949967998385471,11.486425399780272,11.855688262116937,7900.0
2021-05-03,11.784978866577148,11.93425493587553,11.635702797278766,11.635702797278766,4400.0
2021-05-04,11.761409759521484,11.902829004123612,11.761409759521484,11.784979508743705,1400.0
2021-05-05,11.753552436828612,11.753552436828612,11.674985610337288,11.674985610337288,1300.0
2021-05-06,11.627845764160156,11.706411839019887,11.517852360234016,11.69855575602205,2700.0
2021-05-07,11.627845764160156,11.627845764160156,11.509995527967414,11.509995527967414,1500.0
2021-05-10,11.40000343322754,11.761409493285498,11.392146600575042,11.627846335268288,6800.0
2021-05-11,11.698555946350098,11.698555946350098,11.313579400979666,11.400003058780822,10000.0
2021-05-12,11.43143081665039,11.706413235362536,11.392147399900413,11.706413235362536,5300.0
2021-05-13,11.839974403381348,12.413510392835033,11.564992031104392,11.564992031104392,27000.0
2021-05-14,12.12281608581543,12.169955585263311,11.910686090493456,12.059962920372364,6100.0
2021-05-17,12.114956855773926,12.130669769391346,11.753550851349036,11.997107381202875,8000.0
2021-05-18,12.020678520202637,12.468507474626096,11.863545619463595,11.863545619463595,17300.0
2021-05-19,12.24852180480957,12.492077621417067,12.02853573674855,12.099244982387996,4100.0
2021-05-20,13.120610237121582,13.356309212036626,12.09924451590214,12.287804744810453,44200.0
2021-05-21,13.387738227844238,14.354106244692352,13.356310894676303,13.75700040134112,36700.0
2021-05-24,13.90627384185791,13.98483915852205,13.364164465358655,13.772710705576568,23400.0
2021-05-25,14.063408851623535,14.91978416563788,13.505587196762672,13.544869863133448,30400.0
2021-05-26,13.961271286010742,14.684083346641764,13.827708138985308,14.134117094528222,40800.0
2021-05-27,13.581757545471191,14.32463615455252,13.581757545471191,13.807851570892309,7100.0
2021-05-28,13.468710899353027,13.581757138607326,13.097270835869688,13.581757138607326,8700.0
2021-06-01,12.532039642333984,13.17802043208741,12.532039642333984,12.91962811618604,20200.0
2021-06-02,12.98422622680664,13.678656732588813,12.54011385521638,12.54011385521638,6900.0
2021-06-03,13.186094284057615,13.428336674964374,13.040748233457736,13.145721065619677,4200.0
2021-06-04,13.081122398376465,13.3960378002914,12.919626451674734,13.121495614982152,10500.0
2021-06-07,12.960000991821287,13.355665947633886,12.758132577967793,13.137646859363183,12300.0
2021-06-08,12.717758178710938,13.064973410329827,12.56433794268736,12.75813216821287,3300.0
2021-06-09,12.717758178710938,12.99230038324031,12.556262990773012,12.99230038324031,4000.0
2021-06-10,12.960000991821287,13.064973829939618,12.758132577967793,12.758132577967793,2000.0
2021-06-11,12.677382469177246,13.073046588529811,12.677382469177246,12.87925161922806,2400.0
2021-06-14,12.677382469177246,13.073046588529811,12.677382469177246,12.798504421249552,2100.0
2021-06-15,12.410916328430176,12.782355627520912,12.273645232892092,12.637009580464175,5500.0
2021-06-16,12.128299713134766,12.669308362869392,12.128299713134766,12.628935146223789,1700.0
2021-06-17,12.354393005371094,12.41899107632163,12.11214985427171,12.27364503164805,5800.0
2021-06-18,12.233271598815918,12.257496454071791,12.120225354567634,12.152524391505684,3200.0
2021-06-21,12.24942111968994,12.354393178977084,12.1444490604028,12.354393178977084,2800.0
2021-06-22,12.192898750305176,12.354393939897536,12.192898750305176,12.25749682614212,2200.0
2021-06-23,12.128299713134766,12.273644987212387,12.128299713134766,12.18482283249441,2200.0
2021-06-24,12.192898750305176,12.338244035903395,12.120225722471162,12.120225722471162,5700.0
2021-06-25,12.418992042541504,12.418992042541504,12.176748872595166,12.176748872595166,3700.0
2021-06-28,12.435140609741213,12.637009780484217,12.394767391648427,12.637009780484217,3400.0
2021-06-29,12.645085334777832,12.65316028680914,12.596637162729612,12.65316028680914,900.0
2021-06-30,12.120224952697754,12.418991226985984,12.120224952697754,12.241346144681987,5100.0
2021-07-01,12.152523040771484,12.418990258410426,12.152523040771484,12.305943256657358,3400.0
2021-07-02,12.386693000793455,12.435141172726134,12.305945020812583,12.305945020812583,2500.0
2021-07-06,12.200972557067873,12.354393560015463,12.136374483217237,12.322094523090149,1700.0
2021-07-07,12.661234855651855,12.911552200488105,12.18482348120055,12.18482348120055,13100.0
2021-07-08,12.693533897399902,12.71775798269979,12.370542756432322,12.370542756432322,2900.0
2021-07-09,12.766206741333008,13.048823119321236,12.70968284967954,12.70968284967954,3400.0
2021-07-12,12.903475761413574,12.94385051569448,12.75005554549462,12.75005554549462,2900.0
2021-07-13,12.830804824829102,12.911552031431691,12.717757811501745,12.911552031431691,1100.0
2021-07-14,12.717758178710938,12.717758178710938,12.677384189209008,12.677384189209008,500.0
2021-07-15,12.604710578918455,12.717757590279389,12.322094205620774,12.717757590279389,3100.0
2021-07-16,12.362468719482422,12.523963906822502,12.362468719482422,12.523963906822502,2100.0
2021-07-19,12.540112495422363,12.540112495422363,12.160599014187488,12.354393230571649,2800.0
2021-07-20,12.515888214111328,12.717757378855058,12.217121942698975,12.620860272186436,6100.0
2021-07-21,12.540112495422363,12.838878771532054,12.378617315102227,12.556262398489258,3100.0
2021-07-22,12.55626392364502,12.55626392364502,12.289796651232717,12.289796651232717,900.0
2021-07-23,12.838879585266112,12.838879585266112,12.346319061553553,12.54818824226572,1800.0
2021-07-26,12.532039642333984,12.91962811618604,12.435141753801126,12.475515745678177,3000.0
2021-07-27,12.798504829406738,12.798504829406738,12.435139731671438,12.483588668059385,2300.0
2021-07-28,12.798504829406738,12.798504829406738,12.798504829406738,12.798504829406738,0.0
2021-07-29,12.47551441192627,12.483589363452358,12.47551441192627,12.483589363452358,800.0
2021-07-30,12.47551441192627,12.47551441192627,12.47551441192627,12.47551441192627,400.0
2021-08-02,12.515888214111328,12.580486285223742,12.346318084923803,12.580486285223742,1000.0
2021-08-03,12.451289176940918,12.596635210701765,12.443214226160938,12.596635210701765,4300.0
2021-08-04,12.451289176940918,12.451289176940918,12.451289176940918,12.451289176940918,400.0
2021-08-05,12.435140609741213,12.919626927552333,12.435140609741213,12.515888586066325,2500.0
2021-08-06,12.394766807556152,12.556261982526284,12.394766807556152,12.556261982526284,1100.0
2021-08-09,12.55626392364502,12.919628316019086,12.200973713715376,12.200973713715376,3100.0
2021-08-10,12.435140609741213,12.73390766010226,12.435140609741213,12.540112670935946,1700.0
2021-08-11,12.677382469177246,12.911550652433403,12.596635271198735,12.903475701614644,1900.0
2021-08-12,12.838879585266112,12.838879585266112,12.314020023442396,12.314020023442396,1000.0
2021-08-13,12.402841567993164,12.758131739590052,12.394767386419876,12.628935593580191,2000.0
2021-08-16,12.46743869781494,12.523962584970455,12.46743869781494,12.523962584970455,600.0
2021-08-17,12.346318244934082,12.49973847329698,12.314019208959277,12.49973847329698,3800.0
2021-08-18,12.798504829406738,12.798504829406738,12.305943594729872,12.31401854580615,3100.0
2021-08-19,12.540112495422363,12.75005661487342,12.2736452553767,12.62893542215076,4800.0
2021-08-20,12.750055313110352,12.750055313110352,12.346317018496256,12.596635099987656,900.0
2021-08-23,12.46743869781494,12.830803793565694,12.46743869781494,12.830803793565694,3300.0
2021-08-24,12.717758178710938,12.7985061577148,12.314019823831226,12.6935340930377,3900.0
2021-08-25,12.717758178710938,12.717758178710938,12.717758178710938,12.717758178710938,600.0
2021-08-26,12.653159141540527,12.677383225372056,12.49973814711145,12.49973814711145,1900.0
2021-08-27,12.515888214111328,12.677383391892365,12.515888214111328,12.677383391892365,2300.0
2021-08-30,12.46743869781494,12.709681838292203,12.427065482793491,12.709681838292203,4400.0
2021-08-31,12.362468719482422,12.63701015292566,12.338243863829062,12.338243863829062,1400.0
2021-09-01,12.612786293029783,12.612786293029783,12.36246894069104,12.36246894069104,1300.0
2021-09-02,12.354393005371094,12.50781323136118,12.354393005371094,12.50781323136118,2700.0
2021-09-03,12.564336776733398,12.596635811323676,12.354392666861736,12.354392666861736,3100.0
2021-09-07,12.297868728637695,12.53203769104965,12.192897444199565,12.346317665360449,7500.0
2021-09-08,12.273645401000977,12.467439619684466,12.168673340029976,12.200972376477225,2000.0
2021-09-09,12.095999717712402,12.184822641104963,11.853757341364734,12.160598557484146,10200.0
2021-09-10,11.9345064163208,11.95065632131555,11.732637224305572,11.95065632131555,1800.0
2021-09-13,11.789158821105955,12.087925074576969,11.708410852029596,12.087925074576969,2100.0
2021-09-14,11.8295316696167,11.877980603577644,11.8295316696167,11.877980603577644,1700.0
2021-09-15,11.67611312866211,11.748786154971985,11.67611312866211,11.708412165903187,3100.0
2021-09-16,11.466168403625488,11.627663581409276,11.466168403625488,11.627663581409276,4000.0
2021-09-17,11.385422706604004,11.466169921147738,11.385422706604004,11.466169921147738,7600.0
2021-09-20,11.345047950744627,11.66803832732114,11.248150837771677,11.393496122196204,2700.0
2021-09-21,11.143178939819336,11.700337540278888,11.143178939819336,11.369272206810331,5500.0
2021-09-22,11.417719841003418,11.587289964337568,11.15125261434543,11.345046820993106,1700.0
2021-09-23,11.393495559692385,11.6761127027962,11.393495559692385,11.425794595755413,5100.0
2021-09-24,11.425795555114746,11.44194545953716,11.26430036123977,11.36927242977596,2000.0
2021-09-27,11.684188842773438,11.684188842773438,11.30467455287867,11.345048544581491,1400.0
2021-09-28,11.490391731262209,11.748784768773737,11.320822383305783,11.482317550456926,2900.0
2021-09-29,11.506542205810549,11.732635451077122,11.369271114381265,11.369271114381265,1700.0
2021-09-30,11.466168403625488,11.740710590892805,11.27237419028494,11.740710590892805,1900.0
2021-10-01,11.466168403625488,11.466168403625488,11.264299238878314,11.345047212805085,4600.0
2021-10-04,11.345047950744627,11.563066262416324,11.296599009223252,11.304673961155114,7400.0
2021-10-05,11.63573932647705,11.651889230391872,11.33697303468108,11.48231908963526,3600.0
2021-10-06,11.345047950744627,11.708412316910652,11.336972998812763,11.587291118211912,9700.0
2021-10-07,11.700337409973145,11.716487313898975,11.345047994372695,11.433870155755356,1800.0
2021-10-08,11.700337409973145,11.700337409973145,11.393496166010582,11.393496166010582,2900.0
2021-10-11,11.466168403625488,11.66803756837266,11.401570332511971,11.66803756837266,4000.0
2021-10-12,11.627665519714355,11.651890377972466,11.466170315009688,11.546918302396962,1900.0
2021-10-13,11.563066482543944,11.676113501532717,11.401571291181284,11.401571291181284,2700.0
2021-10-14,11.55499267578125,11.700337967692883,11.450020605469057,11.563066858059234,2500.0
2021-10-15,11.538843154907228,11.538843154907228,11.506544114511392,11.506544114511392,500.0
2021-10-18,11.538843154907228,11.619591140931744,11.538843154907228,11.538843154907228,1600.0
2021-10-19,11.80530834197998,11.853757279036609,11.546916064530594,11.546916064530594,8000.0
2021-10-20,11.764935493469238,11.869907558848508,11.52269309497687,11.845683473013231,1500.0
2021-10-21,11.611515045166016,11.611515045166016,11.611515045166016,11.611515045166016,1200.0
2021-10-22,11.522693634033203,11.69226301288276,11.393496706704743,11.69226301288276,1700.0
2021-10-25,11.611515045166016,11.708412156814031,11.41772082186998,11.41772082186998,3300.0
2021-10-26,11.369272232055664,11.64381444190354,11.34504814591315,11.54691732726367,2400.0
2021-10-27,11.45001983642578,11.45001983642578,11.45001983642578,11.45001983642578,600.0
2021-10-28,11.458094596862791,11.458094596862791,11.361197480512663,11.369272432725966,1400.0
2021-10-29,11.312749862670898,11.54691809786223,11.312749862670898,11.409646983777323,1500.0
2021-11-01,11.546917915344238,11.546917915344238,11.385422716052892,11.385422716052892,900.0
2021-11-02,11.328898429870604,11.700337760525535,11.240076265826756,11.700337760525535,6100.0
2021-11-03,11.30467414855957,11.34504813881839,11.046281843014835,11.30467414855957,10300.0
2021-11-04,11.207776069641112,11.30467317588317,11.151252950184016,11.30467317588317,4900.0
2021-11-05,11.21585178375244,11.264299955133342,11.062430777550055,11.191626927992193,10100.0
2021-11-08,11.288524627685549,11.288524627685549,11.062431352657796,11.288524627685549,14600.0
2021-11-09,11.345047950744627,11.450020015649445,11.14317877286686,11.191626944318434,9800.0
2021-11-10,11.86183261871338,11.86183261871338,11.1431788343481,11.393496185058542,34600.0
2021-11-11,11.458094596862791,11.861832966689906,11.183553152239009,11.861832966689906,25800.0
2021-11-12,11.466168403625488,11.627663581409276,11.4096452839186,11.450019270881985,7300.0
2021-11-15,11.417719841003418,11.611514047651095,11.385420806562138,11.385420806562138,3400.0
2021-11-16,11.506542205810549,11.708411367315996,11.490392303256638,11.490392303256638,4900.0
2021-11-17,11.425795555114746,11.506543537087149,11.425795555114746,11.48231945052336,3600.0
2021-11-18,12.023327827453612,12.104075031968028,11.498467532796008,11.498467532796008,38800.0
2021-11-19,13.161869049072266,13.557533971015454,12.031402023898984,12.112149998584115,57400.0
2021-11-22,13.66250705718994,14.365012527177564,13.178020685488796,13.58175907188313,60100.0
2021-11-23,13.60598373413086,13.791703019571736,13.282993337681578,13.307216654827965,28200.0
2021-11-24,13.799776077270508,13.928972218111396,13.323364730367423,13.638280131149656,34000.0
2021-11-26,13.405258178710938,14.43772367225675,13.405258178710938,13.673867523654666,12400.0
2021-11-29,13.757805824279783,14.177507054804812,13.430439376800868,13.598320509424132,19100.0
2021-11-30,13.380075454711914,13.648684798198747,12.884828653739705,13.606713712713894,23100.0
2021-12-01,12.381187438964844,13.791383959364808,11.96148616984739,13.791383959364808,13500.0
2021-12-02,12.876434326171877,12.876434326171877,12.599431568481164,12.69176555420587,4500.0
2021-12-03,12.750523567199709,12.968768408372476,12.33921653611637,12.910010489793883,6200.0
2021-12-06,12.490309715270996,12.784100119821442,11.89433388824775,12.574249487778282,13300.0
2021-12-07,12.809282302856444,12.926798140165566,12.397975271241314,12.549067176426842,3500.0
2021-12-08,12.868040084838867,13.43043981618285,12.607825761689616,12.88482851885706,12900.0
2021-12-09,12.784098625183104,12.884827621241843,12.674977013733129,12.674977013733129,1000.0
2021-12-10,13.153436660766602,13.178618510514864,12.800887562224665,13.178618510514864,1900.0
2021-12-13,13.564743995666504,14.39575226161874,12.95198056739362,13.203800671851928,20800.0
2021-12-14,13.304529190063477,13.640289850799611,13.279346540120846,13.455621887653018,4600.0
2021-12-15,13.573138236999512,13.850140992814476,13.388469466284008,13.640290371711226,4600.0
2021-12-16,13.833352088928224,13.850140522294105,13.464016161077565,13.556349342523664,6900.0
2021-12-17,13.682259559631348,13.841746476510105,13.640290076731583,13.757805909677437,9400.0
2021-12-20,13.724231719970703,13.724231719970703,13.279347801588026,13.67386801633428,5000.0
2021-12-21,13.833352088928224,14.01802165388668,13.321316879017251,13.766199956497818,22800.0
2021-12-22,13.64868450164795,13.841746687583909,13.623501850904193,13.79977720404415,5000.0
2021-12-23,13.724231719970703,13.8501417795784,13.623502711664583,13.8501417795784,3500.0
2021-12-27,13.724231719970703,13.8501417795784,13.598321660363007,13.8333533446885,4900.0
2021-12-28,13.749411582946776,13.850140582547157,13.60671310078224,13.850140582547157,3600.0
2021-12-29,13.774595260620115,13.850141615697492,13.598321499461749,13.65707941984787,5600.0
2021-12-30,14.018020629882812,14.018020629882812,13.623500479769548,13.623500479769548,4700.0
2021-12-31,13.808171272277832,13.85014075536568,13.808171272277832,13.85014075536568,2300.0
2022-01-03,13.850140571594238,13.85853478830706,13.5815320409165,13.808171089063269,6300.0
2022-01-04,13.598320960998535,13.816564199209832,13.447228256826724,13.715836797117417,7400.0
2022-01-05,14.068387031555176,14.194297094756308,13.53956252466377,13.623503100475633,11900.0
2022-01-06,14.018020629882812,14.05999010919856,13.875322158763058,13.892108989869552,2000.0
2022-01-07,14.25305461883545,14.269843053734888,13.89211127366389,13.976051847127808,11600.0
2022-01-10,14.07677936553955,14.269841543348676,13.942475102625975,14.101960414190156,6400.0
2022-01-11,14.18590259552002,14.395753230368047,14.18590259552002,14.269843169665888,9300.0
2022-01-12,14.20269012451172,14.35378282812884,14.194295907529302,14.27823647632028,2900.0
2022-01-13,14.194296836853027,14.39575325452114,14.185902619321029,14.39575325452114,2700.0
2022-01-14,14.143933296203612,14.143933296203612,14.051598503317486,14.143933296203612,2000.0
2022-01-18,13.95926284790039,14.034809200860495,13.95926284790039,13.992839716341862,4100.0
2022-01-19,14.25305461883545,14.261448836285169,13.724231727769324,13.724231727769324,2900.0
2022-01-20,14.135537147521973,14.261447192690408,13.967656019941998,13.967656019941998,6000.0
2022-01-21,13.97605037689209,14.16911255482629,13.808170848657914,13.95926194375874,24300.0
2022-01-24,13.220589637756348,14.043203719857654,13.02752744316725,14.043203719857654,27200.0
2022-01-25,14.278237342834473,14.45451110706332,13.73262601413097,13.942476648327183,39000.0
2022-01-26,14.47129726409912,14.630784169272498,14.311810358925744,14.39575091959768,14300.0
2022-01-27,14.68954372406006,14.68954372406006,14.41254096359054,14.471298882321468,12400.0
2022-01-28,14.849029541015623,14.849029541015623,14.236264545955166,14.236264545955166,8300.0
2022-01-31,15.864707946777344,15.864707946777344,14.681150473989772,14.681150473989772,30800.0
2022-02-01,15.570917129516602,15.915072057265268,15.218367983891948,15.906679440422636,16300.0
2022-02-02,15.638068199157717,15.999011537907752,14.67275562407965,15.5625234455208,22000.0
2022-02-03,15.990617752075195,17.409208493451423,15.520552777803172,17.409208493451423,22300.0
2022-02-04,16.34316635131836,16.670534420082554,16.00740566633363,16.284408431575187,18500.0
2022-02-07,15.445005416870115,16.343165820415248,15.117638959773563,16.343165820415248,16600.0
2022-02-08,15.327491760253906,16.611778322345472,15.319097542079444,16.074559566413665,11600.0
2022-02-09,15.805947303771973,15.948645777400564,15.36945766666887,15.554127221384126,4600.0
2022-02-10,15.822738647460938,15.90667922404561,15.64646327652979,15.64646327652979,1400.0
2022-02-11,16.326379776000977,16.326379776000977,15.486977249749682,15.486977249749682,1200.0
2022-02-14,15.445005416870115,16.28440790258081,15.445005416870115,16.28440790258081,6100.0
2022-02-15,15.990617752075195,16.359955318091284,15.40303693449349,15.722009195348326,7300.0
2022-02-16,16.267620086669922,16.267620086669922,15.688433502268555,15.864707262468997,4500.0
2022-02-17,15.965435028076172,16.13331455792768,15.495368502012465,15.990616076985685,6900.0
2022-02-18,16.359954833984375,16.368349051262857,15.638068158367274,15.814343519148927,8800.0
2022-02-22,16.326379776000977,17.140599650092756,16.19207549988343,16.284408689068457,14800.0
2022-02-23,16.37674331665039,16.804838792911156,16.36834909934725,16.63695764891481,10800.0
2022-02-24,16.594989776611328,16.594989776611328,15.881497246818972,16.309592764694386,6900.0
2022-02-25,17.493146896362305,17.90445389792629,16.410316985300167,16.443893851239963,23600.0
2022-02-28,16.754470825195312,17.467963172187353,16.16689011669768,17.467963172187353,10600.0
2022-03-01,16.788049697875977,17.16578145649146,16.788049697875977,16.830019181707396,2500.0
2022-03-02,17.350448608398438,17.669420833157982,16.99789951733099,16.99789951733099,9400.0
2022-03-03,17.031476974487305,17.79533309812728,16.720897354497136,17.174173858146947,4800.0
2022-03-04,16.032588958740234,17.039871053944353,16.032588958740234,17.039871053944353,11000.0
2022-03-07,15.570917129516602,15.948648928769217,15.201581149173329,15.948648928769217,13700.0
2022-03-08,15.873103141784668,16.066165356799974,15.528948201615323,16.05777113862104,4900.0
2022-03-09,15.940253257751465,16.485864561684846,15.663250497229397,15.88149533900939,4700.0
2022-03-10,15.85630989074707,16.452286392219346,15.696824596874324,16.376740052581553,5600.0
2022-03-11,15.873103141784668,16.443897169685062,15.82273943374446,16.443897169685062,3100.0
2022-03-14,15.948649406433104,16.317986998871437,15.923466752050922,15.973832060815289,2400.0
2022-03-15,15.596096992492676,15.94025185866078,15.570914343370715,15.94025185866078,3900.0
2022-03-16,15.285518646240234,15.738796761466402,15.27712603021,15.344278165684262,8400.0
2022-03-17,15.486977577209473,16.704110305389193,15.47858335964548,15.51215862886816,11300.0
2022-03-18,16.36834716796875,16.56980355637363,15.486975268568273,15.78915905065906,20500.0
2022-03-21,16.284408569335938,16.53623028597974,15.453400266581207,16.53623028597974,22400.0
2022-03-22,17.417600631713867,17.417600631713867,16.301195450445338,16.334770715511432,32200.0
2022-03-23,16.88878059387207,17.190964433608265,16.846809504302207,16.846809504302207,2200.0
2022-03-24,16.3851375579834,17.24972112804279,16.3851375579834,16.947537309852738,3400.0
2022-03-25,16.31798553466797,16.85520263834979,15.948647975370086,16.813233152512122,5700.0
2022-03-28,16.61177635192871,16.620168968074267,16.276014068910467,16.284408286089246,9700.0
2022-03-29,17.593873977661133,18.14788104853444,16.73768472492908,16.73768472492908,23700.0
2022-03-30,18.852977752685547,19.5245006552887,17.61905676066312,17.61905676066312,28700.0
2022-03-31,19.088014602661133,19.289471031062565,18.63473803901625,18.95371031706017,16500.0
2022-04-01,19.11319732666016,19.85187090017309,19.11319732666016,19.146772597666786,17700.0
2022-04-04,18.735462188720703,20.06171797875285,18.70188692368643,18.70188692368643,33800.0
2022-04-05,18.9033432006836,19.64201663825672,18.861372118357625,18.92852424904609,9900.0
2022-04-06,19.767927169799805,20.145658914866807,18.47524822196641,18.852978366000286,14700.0
2022-04-07,20.09529685974121,20.22960113541094,18.97049735023225,19.80989987368472,22600.0
2022-04-08,20.79199981689453,20.98506200307486,20.16244795680229,20.473025977869217,26000.0
2022-04-11,21.53907012939453,21.53907012939453,20.01135768608175,20.699667547263697,21200.0
2022-04-12,21.3208236694336,21.90001185602416,21.010245633879656,21.841253935840072,31400.0
2022-04-13,20.817182540893555,21.77410253389821,20.38908865050985,21.61461560155855,32800.0
2022-04-14,20.72484588623047,20.77520958238336,19.801502917917936,20.523389500585868,22000.0
2022-04-18,19.93580818176269,20.8171801135958,19.44895482494413,20.70805849958177,26700.0
2022-04-19,20.128870010375977,20.50660174660159,19.17195174664855,19.667199311462976,23900.0
2022-04-20,20.26317596435547,20.43945132299482,19.77632257535297,20.13726590877492,5100.0
2022-04-21,20.414268493652344,20.414268493652344,20.103690465994404,20.19602365206485,4100.0
2022-04-22,20.582149505615234,20.73324221046921,19.98617290325045,20.33032779718087,14400.0
2022-04-25,20.94309425354004,21.15294489094612,19.960993206438253,20.78360732082209,18600.0
2022-04-26,18.340944290161133,21.06900231772873,18.11430523900756,20.657695299542524,48700.0
2022-04-27,18.20663833618164,18.81940169827588,18.20663833618164,18.34933680690538,5300.0
2022-04-28,18.097517013549805,18.83619209224426,17.938031695155033,18.483642986738538,10400.0
2022-04-29,18.080730438232425,18.080730438232425,17.71978711066569,17.71978711066569,5700.0
2022-05-02,15.755584716796877,18.055547288188297,15.755584716796877,18.055547288188297,20600.0
2022-05-03,15.201581001281738,16.06616462066345,14.437724793365208,15.738798131851604,30300.0
2022-05-04,15.386245727539062,16.234042332619715,15.11763721920321,15.201577778316414,17500.0
2022-05-05,16.292800903320312,16.31798355238372,15.377852134113027,15.377852134113027,8500.0
2022-05-06,16.477468490600586,16.653743828026276,16.049374673351824,16.150102065281054,10200.0
2022-05-09,16.36834716796875,16.620167253216586,16.032586520627284,16.1584965632512,12200.0
2022-05-10,16.091346740722656,16.85520292332231,16.07455830569044,16.460684306264962,4800.0
2022-05-11,16.16689109802246,16.19207374745652,16.032586836440323,16.15010266506642,4800.0
2022-05-12,14.429328918457031,15.931858508351452,13.640290147773468,15.931858508351452,18000.0
2022-05-13,14.169113159179688,14.345388512532292,13.54795551604956,13.91729305557102,17500.0
2022-05-16,15.109243392944336,15.696825720860945,14.051596163314269,14.051596163314269,19000.0
2022-05-17,15.27712631225586,16.124921437882936,15.109245169954187,15.403036368465498,17200.0
2022-05-18,16.015798568725586,16.44389400732289,14.823847034111465,15.302306171063416,19900.0
2022-05-19,14.773484230041504,16.099740107905806,14.773484230041504,16.049376406502486,21000.0
2022-05-20,14.06181812286377,15.613762262167551,14.06181812286377,14.936395028713472,13400.0
2022-05-23,17.1485595703125,17.740185333404224,14.061818520573434,14.061818520573434,66400.0
2022-05-24,17.071392059326172,17.11426280694392,16.38545028495707,17.028521311708424,18300.0
2022-05-25,16.771291732788086,17.002797692337083,15.931012659700066,15.931012659700066,4600.0
2022-05-26,16.9342041015625,17.49153201073361,16.83988649209466,16.83988649209466,9200.0
2022-05-27,17.320045471191406,17.783055719845105,17.131410273053856,17.148559224778005,6400.0
2022-05-31,17.448659896850586,17.6201445133394,16.822737857608917,17.15713424986409,8300.0
2022-06-01,16.728418350219727,17.920242595417175,16.728418350219727,17.33719136785143,7500.0
2022-06-02,16.51406478881836,17.560126443212205,16.299707771780863,16.84846121206429,3600.0
2022-06-03,16.831308364868164,17.568696856240706,16.53120991876434,16.53120991876434,7100.0
2022-06-06,17.20000457763672,17.465808425175787,16.934202365511712,17.148559357480217,1800.0
2022-06-07,17.08854103088379,17.277174610184247,17.045668647805826,17.24287833913607,3200.0
2022-06-08,17.208580017089844,17.36291732161491,16.728420786111766,17.208580017089844,2800.0
2022-06-09,16.462617874145508,16.779865310990314,16.462617874145508,16.779865310990314,1500.0
2022-06-10,15.87099266052246,16.394024269927723,15.682359087081384,16.394024269927723,3800.0
2022-06-13,15.202198028564451,15.742378583723502,15.17647623526153,15.733804107484488,2800.0
2022-06-14,13.933204650878906,15.047860368783589,13.761718401010148,15.047860368783589,12600.0
2022-06-15,14.16471004486084,15.15932633029523,14.104690350373009,14.199006312247878,9000.0
2022-06-16,13.34157943725586,14.43051252286956,13.34157943725586,14.404789095282204,6600.0
2022-06-17,13.804591178894045,14.353344577621096,12.71565722230768,13.281559573598487,38300.0
2022-06-21,13.152946472167969,14.096117658147053,12.930014981997331,13.57308602215386,7700.0
2022-06-22,12.861419677734377,13.118648234830472,12.569894034205936,12.921439374564216,6600.0
2022-06-23,12.91286563873291,13.161519718301728,12.91286563873291,13.161519718301728,700.0
2022-06-24,13.11007308959961,13.67597539570064,12.9814592264701,13.032904444639104,2000.0
2022-06-27,13.092926025390623,13.624531290225342,13.092926025390623,13.624531290225342,2400.0
2022-06-28,12.861419677734377,13.633104531315622,12.612765596673126,13.110073758795624,9600.0
2022-06-29,13.19581699371338,13.19581699371338,12.561319662866111,12.861419784930646,11500.0
2022-06-30,12.852846145629885,13.161520763897494,12.57846943402054,13.161520763897494,6500.0
2022-07-01,12.689934730529783,12.981460385199137,12.54417190319511,12.621340555043712,4200.0
2022-07-05,12.629913330078123,12.947162391639504,12.5956162447346,12.861419269427182,4600.0
2022-07-06,12.895715713500977,13.230112892251924,12.578467485422529,12.818547070888682,17100.0
2022-07-07,12.68135929107666,13.08435065473232,12.638487730226991,13.08435065473232,5600.0
2022-07-08,12.13260555267334,13.127222693294048,11.5324061320572,12.938588309315133,25700.0
2022-07-11,11.841081619262695,12.5956175766055,11.678169833374264,11.678169833374264,27100.0
2022-07-12,11.721039772033691,12.089734040564988,11.661020079093989,11.875377059829487,8400.0
2022-07-13,11.83250617980957,12.509874245134032,11.489534500308013,11.901100352168475,16600.0
2022-07-14,12.04686450958252,12.04686450958252,11.75533883585586,11.96112137576628,6100.0
2022-07-15,12.00399112701416,12.59561604419735,11.918248006166973,11.986842175761922,5500.0
2022-07-18,12.672784805297852,13.401598886042189,12.098308016406907,12.098308016406907,11300.0
2022-07-19,13.118648529052734,13.152945616254286,12.149754793475092,12.82712287898602,8400.0
2022-07-20,13.47019386291504,14.57627594611807,12.36411177971201,12.36411177971201,36100.0
2022-07-21,13.204391479492188,14.49053353857417,12.321240827880546,13.221540432779356,42400.0
2022-07-22,13.135796546936035,14.087542139299131,13.10149946003961,13.281559370672598,11900.0
2022-07-25,13.350153923034668,14.353344765336274,12.835697604999917,13.032905655819803,21800.0
2022-07-26,13.401599884033203,13.916056199010049,12.86999461637026,13.127223182712218,4200.0
2022-07-27,13.753144264221191,13.778866054487493,13.272983464007163,13.5302119968607,5200.0
2022-07-28,13.770293235778809,13.770293235778809,13.393025275194717,13.461619449846369,2600.0
2022-07-29,13.47019386291504,13.547362513462913,13.298708427090355,13.530213561026914,4000.0
2022-08-01,13.418747901916504,13.658828331184427,13.21296537772148,13.53021364028224,2600.0
2022-08-02,13.675975799560549,13.873184655584089,13.384450162303931,13.384450162303931,3300.0
2022-08-03,13.641679763793944,13.950354376508365,13.384451192434293,13.950354376508365,3600.0
2022-08-04,13.813166618347168,14.207582742330748,13.36730363308502,13.75314691560308,2700.0
2022-08-05,13.658827781677246,13.898906565872451,13.470193399900545,13.898906565872451,4900.0
2022-08-08,13.564509391784668,13.75314458028015,13.298707195302994,13.75314458028015,3500.0
2022-08-09,13.607381820678713,13.85603589990824,13.530213172347644,13.667401517066414,2800.0
2022-08-10,13.898906707763672,14.490532469196337,13.393024888731984,13.598807406748978,4700.0
2022-08-11,13.967501640319824,14.344768748662236,13.401598524685246,13.401598524685246,12600.0
2022-08-12,13.350153923034668,14.147562238122374,13.350153923034668,14.147562238122374,8800.0
2022-08-15,13.804591178894045,13.924630576012053,13.358728224721244,13.55593709066908,11600.0
2022-08-16,13.615957260131836,14.104691794909684,13.298708986094056,13.46161995254861,6500.0
2022-08-17,13.504490852355955,13.761718595378047,13.35015355237706,13.47876824159516,3100.0
2022-08-18,13.43589687347412,13.461619484608148,13.393025309779366,13.461619484608148,2800.0
2022-08-19,13.007182121276855,14.233304356567372,12.449854278530449,13.41874714649752,11700.0
2022-08-22,13.075777053833008,13.290134054715518,12.8614200529505,12.8614200529505,3100.0
2022-08-23,13.127223014831545,13.530213585316227,12.869994451779212,13.341580014423974,3400.0
2022-08-24,13.204391479492188,13.52164057364799,13.204391479492188,13.52164057364799,2200.0
2022-08-25,13.25583553314209,13.49591511919846,12.955735437291391,13.101498247538077,3800.0
2022-08-26,13.19581699371338,13.461619211352666,13.19581699371338,13.33300534058618,1400.0
2022-08-29,12.990034103393556,13.470194151703929,12.552746437092322,12.861420228194442,9600.0
2022-08-30,13.118648529052734,13.238687925404632,12.861419966187572,12.869994442414724,3700.0
2022-08-31,13.54736328125,13.54736328125,13.02433165020845,13.02433165020845,2400.0
2022-09-01,13.461617469787598,13.555935059340818,12.415555233653771,13.555935059340818,4500.0
2022-09-02,13.418747901916504,13.461619465550566,13.075777028258132,13.075777028258132,1500.0
2022-09-06,13.401599884033203,13.684551061697237,13.16152027037734,13.633105021346015,3800.0
2022-09-07,13.18724250793457,13.367302417499811,13.18724250793457,13.350153465299766,1800.0
2022-09-08,12.904292106628418,13.375877690016871,12.68993509760704,13.367303213406313,5100.0
2022-09-09,12.861419677734377,13.230113970162348,12.724231332005004,12.947162802668757,1800.0
2022-09-12,10.992227554321287,12.784252344703104,10.752147924583769,12.775677867785696,41600.0
2022-09-13,11.60099983215332,12.00399119405454,11.026523045307004,11.026523045307004,14500.0
2022-09-14,11.32662296295166,11.832505571365672,11.32662296295166,11.832505571365672,7600.0
2022-09-15,10.717848777770996,11.566702204720784,10.554937836139942,11.566702204720784,15300.0
2022-09-16,10.700700759887695,11.017949830942904,10.211967074690117,10.760721274315268,20100.0
2022-09-19,10.846464157104492,10.872187586527554,10.589236404530538,10.726424757291868,3200.0
2022-09-20,10.409174919128418,10.837888865782205,10.409174919128418,10.46919460999372,1900.0
2022-09-21,10.63210678100586,10.709275431171893,10.38345269586368,10.709275431171893,8600.0
2022-09-22,10.366303443908691,10.460620218553068,10.289134802060126,10.314857410107326,5800.0
2022-09-23,10.494917869567873,10.51206682099831,10.28056088292944,10.374878480382836,6500.0
2022-09-26,10.563511848449709,10.623532359661578,10.494917679384994,10.494917679384994,4000.0
2022-09-27,10.546363830566406,10.803592376230368,10.503492270004578,10.503492270004578,3700.0
2022-09-28,10.563511848449709,10.640680493074257,10.546363715037026,10.546363715037026,1900.0
2022-09-29,10.220541954040527,10.71785013488251,10.220541954040527,10.56351283127394,6500.0
2022-09-30,9.740382194519045,10.43489926346543,9.706085105787562,10.366305086002466,8700.0
2022-10-03,9.834697723388672,10.014757605602655,9.551746596724833,9.551746596724833,15500.0
2022-10-04,9.483153343200684,10.203392123421205,9.44885625842828,9.94616439648166,7700.0
2022-10-05,9.603193283081056,9.860421842514135,9.483153888330785,9.517450975074723,9200.0
2022-10-06,9.894719123840332,9.99761038609554,9.611767948211746,9.851847560140564,3100.0
2022-10-07,9.851847648620604,10.02333308725274,9.457430730913163,9.826125037252554,12300.0
2022-10-10,10.340581893920898,10.563512549318745,9.59461882486167,9.83469925022404,23100.0
2022-10-11,10.63210678100586,11.32662381479308,9.920441612574551,9.920441612574551,24800.0
2022-10-12,10.820741653442385,10.863613218535177,9.791828179750784,10.632107257658344,20000.0
2022-10-13,11.026524543762209,11.326624691478637,10.186245438487592,10.332008273926188,15600.0
2022-10-14,11.095118522644045,11.283752921164298,10.554939574843438,11.283752921164298,4900.0
2022-10-17,12.064010620117188,12.08973404656725,10.795017686032358,10.85503737900186,8800.0
2022-10-18,12.00399112701416,12.072585296609107,11.455236952547564,11.99541665138804,7900.0
2022-10-19,12.184051513671877,12.544171327294258,11.77248566194328,12.081160255166484,14000.0
2022-10-20,11.678170204162598,12.295518642933146,11.57527893398536,11.883952744517073,5400.0
2022-10-21,11.343771934509276,11.72104070866739,10.769295932521928,11.62672392398139,6300.0
2022-10-24,11.652446746826172,11.763912485869277,11.155138568145905,11.472386832634552,3000.0
2022-10-25,11.043672561645508,11.729615114225467,11.043672561645508,11.729615114225467,3800.0
2022-10-26,11.45523738861084,11.523831560816944,11.069394965524744,11.275177482143055,3600.0
2022-10-27,11.909675598144531,12.355537747304044,11.11226727078308,11.11226727078308,6300.0
2022-10-28,11.94397258758545,12.124032504604072,11.755338194111872,11.918249158220588,7900.0
2022-10-31,11.58385181427002,12.278367996664713,11.343771399240756,11.600999948082388,13700.0
2022-11-01,11.661020278930664,11.918248006055824,11.61814871850747,11.738188106444012,4000.0
2022-11-02,11.49810791015625,12.209772995673411,11.198008638338496,11.798207999680963,9600.0
2022-11-03,11.849655151367188,12.003992458934038,10.932207417957784,10.932207417957784,12400.0
2022-11-04,11.7124662399292,11.961120324901817,11.7124662399292,11.74676332690104,2200.0
2022-11-07,11.618149757385254,11.866803848825658,11.386643801023286,11.386643801023286,5200.0
2022-11-08,11.27517795562744,11.78963508648412,11.266604297021916,11.78963508648412,1700.0
2022-11-09,10.60638427734375,11.112266928914671,10.289136015005916,11.112266928914671,6300.0
2022-11-10,9.637490272521973,11.120841099061929,9.53459901332897,10.606383985389876,23200.0
2022-11-11,9.697509765625,10.323431730885058,9.54317248423728,9.86042070442885,5200.0
2022-11-14,9.637490272521973,9.937590391781844,9.603193186124305,9.937590391781844,5800.0
2022-11-15,9.603193283081056,9.740381630056818,9.560321720224366,9.740381630056818,3000.0
2022-11-16,9.77467918395996,10.074779320592356,9.560322177138849,9.560322177138849,5600.0
2022-11-17,10.47776985168457,10.47776985168457,9.64606450537433,9.663213456994365,8200.0
2022-11-18,10.40060043334961,10.41774856599067,9.877569713339357,9.980460962306603,4800.0
2022-11-21,10.254838943481444,10.289136030876085,10.13479872874668,10.160522157572958,5100.0
2022-11-22,10.220541954040527,10.28913612948721,10.220541954040527,10.220541954040527,3500.0
2022-11-23,10.220541954040527,10.220541954040527,10.091928079504768,10.220541954040527,3000.0
2022-11-25,10.3966064453125,10.458228735957857,10.132509594696954,10.431819302758525,2800.0
2022-11-28,9.88601779937744,10.414211449656234,9.88601779937744,10.378998595607026,4200.0
2022-11-29,10.123705863952637,10.26455728947242,9.912428725672964,9.912428725672964,3000.0
2022-11-30,9.745165824890137,10.106097768102272,9.745165824890137,9.842001797633326,2300.0
2022-12-01,9.824397087097168,10.106099964578126,9.595513079373491,9.595513079373491,4600.0
2022-12-02,10.062084197998049,10.062084197998049,9.815593348540364,9.930035348744122,5800.0
2022-12-05,9.903626441955566,10.299771331725626,9.850806731533844,10.141313879542093,7000.0
2022-12-06,10.11490249633789,10.11490249633789,10.11490249633789,10.11490249633789,1200.0
2022-12-07,9.736364364624023,10.114902357746034,9.736364364624023,10.114902357746034,8000.0
2022-12-08,10.035673141479492,10.40540854727996,9.683544583355571,10.070885997291883,8500.0
2022-12-09,9.921232223510742,10.25575394184018,9.868412518777252,9.886018527327932,6100.0
2022-12-12,9.815592765808104,9.842003037815427,9.815592765808104,9.842003037815427,300.0
2022-12-13,9.789183616638184,10.08849332505735,9.692348468431112,9.736364750176415,7800.0
2022-12-14,9.701151847839355,9.745167289840428,9.701151847839355,9.745167289840428,700.0
2022-12-15,9.701151847839355,9.991658130658283,9.701151847839355,9.701151847839355,3600.0
2022-12-16,9.771577835083008,10.097296984313674,9.68354526954358,10.097296984313674,1800.0
2022-12-19,9.69234848022461,9.69234848022461,9.69234848022461,9.69234848022461,1500.0
2022-12-20,9.718756675720217,9.850804664758604,9.692347245820663,9.692347245820663,1600.0
2022-12-21,9.727561950683594,9.83320052993264,9.692349090933911,9.692349090933911,5200.0
2022-12-22,9.91242790222168,9.91242790222168,9.683543934995663,9.692347358244506,8400.0
2022-12-23,9.481072425842283,9.833201041664305,9.481072425842283,9.709955606356177,2900.0
2022-12-27,9.639528274536133,9.824395976876966,9.463463996006936,9.463463996006936,7200.0
2022-12-28,8.908860206604004,9.815591801233154,8.908860206604004,9.51628297042964,14500.0
2022-12-29,9.181761741638184,9.454661181047172,8.970483754256774,8.970483754256774,4100.0
2022-12-30,9.190564155578612,9.498677286772477,9.128941865156138,9.128941865156138,4800.0
2023-01-03,9.35782527923584,9.5074801234775,9.199367011323329,9.199367011323329,4000.0
2023-01-04,9.41064453125,9.595512238277472,9.384235098686284,9.454660811883343,3600.0
2023-01-05,9.1465482711792,9.172957703005622,9.1465482711792,9.172957703005622,700.0
2023-01-06,9.22577667236328,9.76277377607765,9.199367240234272,9.199367240234272,5300.0
2023-01-09,9.384235382080078,9.753970807300634,9.37543195777941,9.37543195777941,7000.0
2023-01-10,9.56029987335205,9.683545297555616,9.243384147666724,9.472268147098733,6500.0
2023-01-11,9.69234848022461,9.938838482941188,9.683545055956689,9.683545055956689,3900.0
2023-01-12,9.903626441955566,10.079690744126614,9.850806731533844,9.8596101565276,2600.0
2023-01-13,9.930035591125488,9.947642440605415,9.76277471877012,9.938839015865453,2500.0
2023-01-17,9.991658210754396,10.211738780686952,9.921232495539236,9.921232495539236,8100.0
2023-01-18,9.771577835083008,10.123706418159196,9.36662954477501,10.123706418159196,10200.0
2023-01-19,9.736364364624023,9.850805517272988,9.401841811963594,9.850805517272988,3400.0
2023-01-20,9.69234848022461,9.70115190449253,9.437055053240108,9.463464486503126,2400.0
2023-01-23,9.753971099853516,9.815593392724942,9.533890522980393,9.533890522980393,3900.0
2023-01-24,9.771577835083008,9.78038042000434,9.56029984569653,9.68354526954358,5300.0
2023-01-25,9.94764232635498,10.20293576409632,9.771578031281775,9.859609759047988,5500.0
2023-01-26,9.771577835083008,9.991658409390816,9.569103270158626,9.771577835083008,5000.0
2023-01-27,9.815592765808104,9.89482190274863,9.68354476393438,9.89482190274863,2300.0
2023-01-30,10.45822811126709,10.801554080513831,9.877215578342367,9.886018162522518,16500.0
2023-01-31,10.11490249633789,10.38780276445875,9.956445061515488,10.167722200972507,7900.0
2023-02-01,9.991658210754396,10.114902792610549,9.859609365070412,10.009264219787813,10700.0
2023-02-02,10.317377090454102,10.317377090454102,9.974051107878209,9.974051107878209,4700.0
2023-02-03,10.343785285949709,10.55506240093893,10.194130452947183,10.326178439930292,1700.0
2023-02-06,10.60788345336914,10.827964019457545,10.34378660615491,10.34378660615491,4200.0
2023-02-07,10.836767196655272,11.012831477605902,10.695914932354055,10.695914932354055,7600.0
2023-02-08,10.440622329711914,11.004028912253998,10.423016320013511,10.836768042185682,4200.0
2023-02-09,10.625489234924316,10.651899506759609,10.334982961061849,10.56386694639007,3900.0
2023-02-10,10.062084197998049,10.69591565207011,10.00046106586324,10.299770783389878,14100.0
2023-02-13,10.24695110321045,10.449424813995895,9.736364274792438,10.44062139016852,9600.0
2023-02-14,9.903626441955566,10.062084733679916,9.903626441955566,10.062084733679916,2000.0
2023-02-15,9.80678939819336,9.991657089777798,9.745166274638107,9.921231382463787,8100.0
2023-02-16,9.930035591125488,10.12370673770075,9.930035591125488,10.12370673770075,1300.0
2023-02-17,10.449424743652344,10.58147358155196,9.82439592830812,9.82439592830812,4300.0
2023-02-21,10.220541954040527,10.39660709175887,10.220541954040527,10.39660709175887,4100.0
2023-02-22,10.16772174835205,10.519850298438596,10.14131231698073,10.45822801205862,5700.0
2023-02-23,10.273360252380373,10.423015095163755,10.123705409596989,10.423015095163755,1600.0
2023-02-24,10.123705863952637,10.123705863952637,10.123705863952637,10.123705863952637,500.0
2023-02-27,9.97405242919922,10.326181042945548,9.97405242919922,10.000461865344985,2800.0
2023-02-28,10.378998756408691,10.423015034537311,10.009263363393364,10.009263363393364,2800.0
2023-03-01,9.35782527923584,10.220540650002418,9.269792721608736,10.220540650002418,26900.0
2023-03-02,9.375432014465332,9.727561432754351,9.375432014465332,9.463464578922776,3900.0
2023-03-03,9.199366569519045,9.41944711347663,9.199366569519045,9.41944711347663,4700.0
2023-03-06,9.172958374023438,9.375432098738482,9.172958374023438,9.375432098738482,2000.0
2023-03-07,9.111334800720217,9.701150722133288,9.111334800720217,9.701150722133288,4800.0
2023-03-08,9.190564155578612,9.260990709756683,9.190564155578612,9.199367579793464,900.0
2023-03-09,9.208170890808104,9.472267737221792,9.076122887371628,9.076122887371628,2500.0
2023-03-10,9.25218677520752,9.25218677520752,9.137744785349096,9.15535079326694,3200.0
2023-03-13,9.340219497680664,9.340219497680664,9.190564636362302,9.190564636362302,2000.0
2023-03-14,9.155350685119627,9.736364051277814,9.155350685119627,9.419447517093223,2000.0
2023-03-15,9.084925651550291,9.55149706393705,9.058516218249018,9.084925651550291,6300.0
2023-03-16,9.155350685119627,9.296202944502047,9.1113352460746,9.28739952087677,2700.0
2023-03-17,7.975719928741455,9.146548450311853,7.975719928741455,9.137745026350398,36200.0
2023-03-20,8.134178161621094,8.336652734926412,7.94931043796876,8.134178161621094,28300.0
2023-03-21,8.142980575561523,8.57433826402042,8.116571143901368,8.15178399929514,8700.0
2023-03-22,8.037342071533203,8.231013197466968,8.028538647731509,8.142980638531428,3600.0
2023-03-23,8.354257583618164,8.37186443082342,8.107767599529364,8.21340616413885,4000.0
2023-03-24,8.275029182434082,8.275029182434082,8.275029182434082,8.275029182434082,900.0
2023-03-27,8.028538703918457,8.319044975081834,8.010932695732556,8.275028695306021,10100.0
2023-03-28,8.142980575561523,8.42468341871171,8.142980575561523,8.160587423028758,1200.0
2023-03-29,8.653568267822266,8.653568267822266,8.653568267822266,8.653568267822266,800.0
2023-03-30,8.239815711975098,8.521519394459684,8.239815711975098,8.363061125533397,5600.0
2023-03-31,8.275029182434082,8.459896896742583,8.160588023637125,8.160588023637125,4900.0
2023-04-03,8.407078742980957,8.477504464928248,8.363062456878694,8.451095029083222,3000.0
2023-04-04,8.407078742980957,8.442291603954603,8.195801577139084,8.407078742980957,4500.0
2023-04-05,8.442290306091309,8.547928872772053,8.363061171195575,8.398274026755823,3500.0
2023-04-06,8.627158164978027,8.688780453446926,8.380668171561716,8.380668171561716,800.0
2023-04-10,8.495109558105469,8.715190125305515,8.363061553601737,8.671174683498096,5300.0
2023-04-11,8.776812553405762,8.847238262116807,8.512715725969011,8.768009129931714,5800.0
2023-04-12,7.878884315490723,8.671174878998304,7.729229459257316,8.653568030245781,31400.0
2023-04-13,7.975719928741455,8.01973536946729,7.570771661462472,7.887687368208352,8900.0
2023-04-14,8.107768058776855,8.107768058776855,7.993326064082415,7.993326064082415,1600.0
2023-04-17,8.36306095123291,8.644763788305633,8.178193254518765,8.178193254518765,4300.0
2023-04-18,8.424683570861816,8.53912556284358,8.178193578653785,8.354257858802379,5600.0
2023-04-19,8.36306095123291,8.732796344661198,8.36306095123291,8.53032180085967,9600.0
2023-04-20,8.521519660949707,8.618354806354782,7.993325974371228,8.547929093416414,8000.0
2023-04-21,8.63596248626709,8.741601065850869,8.63596248626709,8.741601065850869,1500.0
2023-04-24,8.829631805419922,9.023302932705487,8.785615525644925,8.785615525644925,7500.0
2023-04-25,8.820829391479492,8.935270545748025,8.803222543413119,8.917664537222375,2700.0
2023-04-26,8.80322265625,8.95287750856951,8.80322265625,8.935270660277457,5000.0
2023-04-27,8.583142280578613,8.8032228518755,8.459896858417684,8.715190287540445,10900.0
2023-04-28,8.477503776550293,8.644764642708228,8.371865202207266,8.539126068365201,15100.0
2023-05-01,8.627158164978027,8.706387301318449,8.583141884839936,8.583141884839936,2900.0
2023-05-02,8.59194564819336,8.662371363380128,8.539125942032909,8.662371363380128,2700.0
2023-05-03,8.539125442504883,8.803222278776312,8.539125442504883,8.662370856642402,3300.0
2023-05-04,8.59194564819336,9.005696515030444,8.389471087375837,8.609551657219678,2200.0
2023-05-05,8.547929763793945,8.547929763793945,8.547929763793945,8.547929763793945,1000.0
2023-05-08,8.900057792663574,8.988090354937812,8.583142079649637,8.988090354937812,2800.0
2023-05-09,8.91766357421875,8.91766357421875,8.91766357421875,8.91766357421875,800.0
2023-05-10,8.398273468017578,9.005695395905171,8.398273468017578,8.917663682631662,2300.0
2023-05-11,8.169389724731445,8.574337967527436,8.160587140842908,8.389470273217514,8400.0
2023-05-12,8.36306095123291,8.36306095123291,8.169389830975074,8.345454104145526,4400.0
2023-05-15,8.539125442504883,8.539125442504883,8.169390039633022,8.169390039633022,4400.0
2023-05-16,8.257423400878906,8.433487695660174,8.160588248634404,8.389471412079663,7500.0
2023-05-17,8.151782989501953,8.24861811995431,8.046144436406493,8.14297956685885,1000.0
2023-05-18,8.20460319519043,8.20460319519043,8.046145759265698,8.046145759265698,1900.0
2023-05-19,7.993326187133789,8.398274467078485,7.993326187133789,8.063751901946715,4500.0
2023-05-22,7.746837139129639,8.125375192972003,7.746837139129639,8.054949469487802,14700.0
2023-05-23,7.799654483795166,8.14298044816882,7.75563904489707,7.826064754582843,9500.0
2023-05-24,7.905292510986328,7.993325061880149,7.7732445241862225,7.7732445241862225,7700.0
2023-05-25,7.790851593017578,7.8172610232248445,7.755638739561006,7.808457599975539,5700.0
2023-05-26,7.834867477416992,7.922900035853869,7.773245190235596,7.905293188350216,8700.0
2023-05-30,7.746837139129639,7.834868873714465,7.746837139129639,7.834868873714465,4700.0
2023-05-31,7.623590469360352,7.773245317427393,7.482739045189187,7.773245317427393,10800.0
2023-06-01,7.526755809783935,7.658803818561941,7.491542951473749,7.553165243631383,4900.0
2023-06-02,7.412313461303711,7.694016314518249,7.412313461303711,7.570771736007251,13700.0
2023-06-05,7.632392883300781,7.694015163336328,7.421115775001251,7.421115775001251,8400.0
2023-06-06,7.746837139129639,7.799656011972365,7.650001139683228,7.667607990324702,4200.0
2023-06-07,7.843671321868896,7.966916742382728,7.720426740895807,7.720426740895807,9900.0
2023-06-08,7.958113670349121,8.319045684099102,7.887687952521846,7.887687952521846,10600.0
2023-06-09,7.949309349060059,8.160587318250686,7.931703341359572,8.160587318250686,4100.0
2023-06-12,8.125373840332031,8.23101324751327,8.010932688376986,8.010932688376986,2800.0
2023-06-13,7.975719928741455,8.319045067830979,7.966916504780001,8.319045067830979,12900.0
2023-06-14,7.658803462982178,8.231013433382326,7.579574325577486,7.96691658854693,23700.0
2023-06-15,7.694016456604004,7.834867885812383,7.623590741999815,7.834867885812383,8400.0
2023-06-16,7.588377952575684,7.746836231622888,7.588377952575684,7.694016525426904,13200.0
2023-06-20,7.333084583282471,7.782049151126072,7.29787172538537,7.29787172538537,27900.0
2023-06-21,7.465131759643555,7.685212306890697,7.429918905665638,7.429918905665638,4200.0
2023-06-22,7.526755809783935,7.614787535789017,7.473936102548274,7.517952385321197,5300.0
2023-06-23,7.438722133636475,7.623589822049387,7.421116126880342,7.526754686039057,6100.0
2023-06-26,7.517951965332031,7.517951965332031,7.315478251244815,7.394706548361083,3900.0
2023-06-27,7.359493732452393,7.5707717112120605,7.359493732452393,7.5707717112120605,2800.0
2023-06-28,7.315478324890137,7.421116894982682,7.209838915256864,7.350691181587652,5900.0
2023-06-29,7.174626350402832,7.341888056175306,7.174626350402832,7.333084631757647,2100.0
2023-06-30,7.271461486816406,7.438722333424818,7.262658063431579,7.315477764199882,8600.0
2023-07-03,7.333084583282471,7.491542863589802,7.201036576053532,7.491542863589802,5500.0
2023-07-05,7.253854751586914,7.341887307707513,7.17462561898651,7.297871029647213,6900.0
2023-07-06,7.245052337646484,7.3330849060342,7.245052337646484,7.253855762393415,1600.0
2023-07-07,7.262658596038818,7.333084309200785,7.262658596038818,7.271462020069245,4400.0
2023-07-10,7.324280738830566,7.509148442072238,7.289067882953139,7.324280738830567,6000.0
2023-07-11,7.18342924118042,7.350690934527416,7.18342924118042,7.350690934527416,3600.0
2023-07-12,7.113003730773926,7.271462004826548,7.113003730773926,7.271462004826548,11100.0
2023-07-13,7.253854751586914,7.385903585767812,7.17462561898651,7.385903585767812,2600.0
2023-07-14,6.637629985809326,7.306675122940635,6.5231879881783845,7.262658840845542,48200.0
2023-07-17,6.4263529777526855,6.7256622752330895,6.373533270191641,6.531991553334004,24800.0
2023-07-18,6.49677848815918,6.549597774269778,6.391139915937983,6.470368635218695,10900.0
2023-07-19,6.752071857452393,6.840104000229599,6.531991290624194,6.531991290624194,13200.0
2023-07-20,7.086594581604004,7.139413448706119,6.69925272476868,6.69925272476868,13000.0
2023-07-21,7.165823459625244,7.315478310173809,7.042578041661507,7.209838900753049,11200.0
2023-07-24,7.509149074554443,7.729229652210535,7.227446203807695,7.227446203807695,26800.0
2023-07-25,7.197380542755127,7.571501880083951,7.197380542755126,7.402256917720736,10800.0
2023-07-26,7.170658111572266,7.402257205493776,7.090489129099461,7.108304411343435,3000.0
2023-07-27,7.3755340576171875,7.393349765607671,7.206289079206162,7.206289079206162,5700.0
2023-07-28,7.224103927612305,7.562594733461547,7.126120082300568,7.30427291445814,7100.0
2023-07-31,7.304272651672363,7.446794912270898,7.277549940185058,7.277549940185058,5400.0
2023-08-01,7.170658111572266,7.393349351996871,7.161750258075361,7.330995227018209,5700.0
2023-08-02,7.081581115722656,7.188472806773229,6.9034282973050365,7.188472806773229,4600.0
2023-08-03,7.019227981567383,7.126119674748653,6.974689563700271,7.117211821275298,4800.0
2023-08-04,7.126120090484619,7.339903489319226,7.126120090484619,7.126120090484619,14400.0
2023-08-07,7.108304500579834,7.2864577500059236,7.028135517100601,7.045950799568227,5200.0
2023-08-08,7.197380542755127,7.197380542755126,7.081581000296239,7.081581000296239,1700.0
2023-08-09,6.983598232269287,7.366627481332452,6.974690377756246,7.01032094630865,6600.0
2023-08-10,6.885613441467285,7.224103817402725,6.885613441467285,7.001412992978018,2400.0
2023-08-11,6.832168102264404,7.028136229265848,6.832168102264404,6.903429239355838,3600.0
2023-08-14,6.858890533447266,6.858890533447266,6.680737698065465,6.716368265141825,4100.0
2023-08-15,6.743091106414795,6.832167520190121,6.689645258149599,6.814352237435056,4300.0
2023-08-16,6.680737495422363,6.841075042402554,6.680737495422363,6.841075042402554,1700.0
2023-08-17,6.743091106414795,6.814352237435056,6.743091106414795,6.814352237435056,800.0
2023-08-18,6.72527551651001,6.876705200637204,6.69855238122296,6.778721362334284,3400.0
2023-08-21,6.716368675231934,6.939059945431268,6.618384397414258,6.930152515493237,3500.0
2023-08-22,6.716368675231934,6.725276529919854,6.716368675231934,6.725276529919854,1400.0
2023-08-23,6.769813537597656,6.787628819614367,6.716367691547523,6.716367691547523,1100.0
2023-08-24,6.716368675231934,6.725276529919854,6.716368675231934,6.725276529919854,2100.0
2023-08-25,6.680737495422363,6.814352330280781,6.636199075552941,6.769813910411358,5600.0
2023-08-28,6.69855260848999,6.796536874867126,6.520399783031416,6.600568342112855,5100.0
2023-08-29,6.76090669631958,6.76090669631958,6.600568719489952,6.680737707904767,9400.0
2023-08-30,6.769813537597656,6.921243647114615,6.769813537597656,6.769813537597656,2700.0
2023-08-31,6.778721332550049,6.84998246000264,6.778721332550049,6.84998246000264,1600.0
2023-09-01,7.126120090484619,7.286458064360431,6.734183434537982,6.823259850719069,19600.0
2023-09-05,7.117211818695068,7.170658090016159,7.001412696832256,7.170658090016159,6700.0
2023-09-06,6.743091106414795,6.743091106414795,6.72527582365973,6.72527582365973,800.0
2023-09-07,6.680737495422363,6.939059311265374,6.680737495422363,6.939059311265374,4400.0
2023-09-08,6.912336826324463,6.912336826324463,6.68073771499149,6.805444700074702,3700.0
2023-09-11,6.778721332550049,6.921243587455232,6.725275486960605,6.921243587455232,7400.0
2023-09-12,6.7876296043396,6.7876296043396,6.716368468034178,6.716368468034178,2100.0
2023-09-13,6.751998424530029,6.751998424530029,6.725275713211218,6.734183142067542,1300.0
2023-09-14,6.7876296043396,6.7876296043396,6.734183752110533,6.751999036186889,2000.0
2023-09-15,6.7876296043396,6.805444888415955,6.529307772857506,6.805444888415955,7500.0
2023-09-18,6.992504596710205,7.019227731428125,6.645106393876145,6.7698133648102,16000.0
2023-09-19,6.832168102264404,6.983598230958642,6.725276396627253,6.7519991106616,6200.0
2023-09-20,6.921244144439697,7.037043698243995,6.805444590635399,6.947967281759865,8700.0
2023-09-21,6.814352035522461,6.88561316443122,6.520399666398915,6.796536753295271,13800.0
2023-09-22,6.707460403442383,6.894520656162045,6.707460403442383,6.894520656162045,500.0
2023-09-25,6.680737495422363,6.903428745269776,6.645106929426766,6.698552778420162,3500.0
2023-09-26,6.636198997497559,6.725275836188677,6.573845720113591,6.725275836188677,3600.0
2023-09-27,6.547122478485107,6.751998439637015,6.511491913480414,6.680737309627628,1800.0
2023-09-28,6.636198997497559,6.698552699631373,6.547122583556287,6.573845720113591,5300.0
2023-09-29,6.707460403442383,6.805444244212245,6.547122437182908,6.636198849132707,1700.0
2023-10-02,6.511491775512695,6.689645021511231,6.511491775512695,6.609476039574399,16300.0
2023-10-03,6.422415256500244,6.582752792918137,6.368969411027614,6.511491665621295,35300.0
2023-10-04,6.511491775512695,6.511491775512695,6.413507511450993,6.4936764933878255,7500.0
2023-10-05,6.413508415222168,6.564938546997533,6.413508415222168,6.475862123820815,4200.0
2023-10-06,6.137370586395264,6.591660929566314,5.861233493874559,6.33333911963566,9000.0
2023-10-09,6.190816879272461,6.190816879272461,6.012664040563132,6.012664040563132,3800.0
2023-10-10,6.262078285217285,6.297708852081264,6.181909297398402,6.208632010171455,3400.0
2023-10-11,6.012663841247559,6.226447240611985,6.012663841247559,6.146278678225253,4400.0
2023-10-12,5.994848728179932,6.199724704096179,5.879049171194689,6.101740430897138,5600.0
2023-10-13,5.879049301147461,6.012664144872378,5.879049301147461,5.94140300815239,4200.0
2023-10-16,5.798880100250244,5.959217640327502,5.522742588547994,5.959217640327502,22600.0
2023-10-17,5.629634857177734,5.9235872342190845,5.39803575723616,5.8345108206838034,4500.0
2023-10-18,5.75434160232544,5.75434160232544,5.6029114930932185,5.6029114930932185,1100.0
2023-10-19,5.870141506195068,5.870141506195068,5.700896104640522,5.789972519998217,8100.0
2023-10-20,5.825603008270264,5.968125270937475,5.781064588811837,5.870141427728691,1100.0
2023-10-23,5.531650066375732,5.789971853554325,5.415850527364693,5.789971853554325,7100.0
2023-10-24,5.513835430145264,5.6652655489065,5.406943731519633,5.522742859322473,9500.0
2023-10-25,5.487112045288086,5.513835181112468,5.317866651066559,5.513835181112468,6200.0
2023-10-26,5.700896263122559,5.718711546689353,5.389128588328719,5.389128588328719,900.0
2023-10-27,5.504928112030029,5.683081385162814,5.308959978808851,5.522743396868318,7600.0
2023-10-30,5.317866802215576,5.424758923801449,5.291144090381493,5.424758923801449,2200.0
2023-10-31,5.41585111618042,5.41585111618042,5.317866847537395,5.326774701391239,2400.0
2023-11-01,5.202067852020264,5.300051698387184,5.202067852020264,5.300051698387184,5400.0
2023-11-02,5.255513668060303,5.317866947206448,5.193159964164299,5.193159964164299,4600.0
2023-11-03,5.157529354095459,5.549466007958912,5.157529354095459,5.549466007958912,3800.0
2023-11-06,6.591660976409912,6.591660976409912,5.487112173727787,5.496020027461036,47700.0
2023-11-07,6.3600616455078125,6.947966803319338,6.119555125187134,6.591660737168377,16800.0
2023-11-08,6.2442626953125,6.360061819561999,5.700895940180851,5.700895940180851,1500.0
2023-11-09,6.404600143432617,6.529307119488028,5.896863960939408,6.253170031561845,7900.0
2023-11-10,6.315524101257324,6.44023108460483,6.279893534586608,6.431323230562221,1400.0
2023-11-13,6.547122478485107,6.903428553281882,6.547122478485107,6.796536858267801,10000.0
2023-11-14,6.636198997497559,6.912336517840272,6.449138315845964,6.796536967341695,8200.0
2023-11-15,6.680737495422363,6.769813910411358,6.57384579743557,6.582753226559544,2500.0
2023-11-16,6.912336826324463,7.259734643824194,6.511492308575055,6.5204001627416455,23800.0
2023-11-17,7.224103927612305,7.678394286738897,6.743091280786861,6.743091280786861,8400.0
2023-11-20,7.277550220489502,7.357719207538913,6.743091297909765,7.295365079000641,8100.0
2023-11-21,6.939059734344482,7.259734847856639,6.912337020593408,7.259734847856639,4200.0
2023-11-22,6.947967052459717,7.1884731566546405,6.858890214165485,6.9034286333126005,2900.0
2023-11-24,6.947967052459717,7.081581460401376,6.921243916021478,7.081581460401376,2700.0
2023-11-27,6.939059734344482,6.939059734344482,6.83216802984043,6.83216802984043,2200.0
2023-11-28,7.794193267822266,7.90999281259844,6.939058886744065,6.939058886744065,7200.0
2023-11-29,7.482425689697266,7.945623899283138,7.482425689697265,7.580410383763349,9700.0
2023-11-30,7.233011722564697,7.589318233471646,7.233011722564697,7.295365000936038,2800.0
2023-12-01,7.188473224639893,7.304272775717697,7.126119946944035,7.304272775717697,5400.0
2023-12-04,7.090489387512207,7.446795045377264,7.090489387512207,7.259734362623185,3300.0
2023-12-05,7.028135776519775,7.339903443585952,6.930151931706024,6.930151931706024,10300.0
2023-12-06,7.21519660949707,7.357718869027932,7.054858642775015,7.054858642775015,4800.0
2023-12-07,7.179566383361816,7.509149336452287,7.143935816797974,7.233011808457722,4300.0
2023-12-08,7.277550220489502,7.58041046067629,7.152842812912673,7.152842812912673,13100.0
2023-12-11,7.197380542755127,7.250826812159087,7.090488853446838,7.090488853446838,6600.0
2023-12-12,7.081581115722656,7.206288513364814,7.081581115722656,7.090488969018449,6500.0
2023-12-13,7.13502836227417,7.277550636509398,6.9034292418920415,7.224104358921306,8000.0
2023-12-14,7.250827789306641,7.393350060924503,7.126120376891136,7.215197221402175,2600.0
2023-12-15,7.250827789306641,7.313181070764519,7.037043957129971,7.250827789306641,14700.0
2023-12-18,7.197380542755127,7.571501880083951,6.965781882587169,6.965781882587169,2300.0
2023-12-19,7.2864580154418945,7.402257568074801,7.126120042642532,7.152842754942523,2800.0
2023-12-20,7.2864580154418945,7.384441860208335,7.179566316742222,7.295365019875421,5600.0
2023-12-21,7.170658111572266,7.21519652955712,6.9657821533916335,7.21519652955712,11600.0
2023-12-22,6.947967052459717,7.126119879548491,6.698552669785588,7.028135612274743,14500.0
2023-12-26,6.69855260848999,7.037043401611122,6.529307211929425,6.858890151402707,19600.0
2023-12-27,6.689645290374756,6.8677981187836,6.511492037216064,6.511492037216064,19400.0
2023-12-28,6.27098560333252,6.6718296858176105,6.012663785775487,6.529307420889553,55600.0
2023-12-29,6.413508415222168,6.529307977726846,6.262078708196692,6.262078708196692,17700.0
2024-01-02,6.8232598304748535,6.876705680024935,6.37787732614099,6.41350789250771,15600.0
2024-01-03,7.21519660949707,7.428979998793362,6.6718294331610695,6.956874376972629,19600.0
2024-01-04,6.974689960479736,7.330995624686989,6.680737575133826,7.224103925424814,6800.0
2024-01-05,7.028135776519775,7.304272877335523,7.028135776519775,7.108304762958166,9600.0
2024-01-08,7.028135776519775,7.117212192145847,7.028135776519775,7.054858913582524,3800.0
2024-01-09,7.090489387512207,7.286457924087837,7.090489387512207,7.10830467040546,1000.0
2024-01-10,7.037043571472168,7.17065840616623,6.751998619108158,7.161750552303363,6600.0
2024-01-11,6.814352035522461,6.96578214682849,6.814352035522461,6.96578214682849,5900.0
2024-01-12,7.108304500579834,7.108304500579834,6.805444273880369,6.805444273880369,1500.0
2024-01-16,6.974689960479736,7.170658500543581,6.832167694796835,7.170658500543581,5000.0
2024-01-17,6.716368675231934,6.903429376179366,6.50258525972052,6.903429376179366,50800.0
2024-01-18,6.671829700469971,6.671829700469971,6.671829700469971,6.671829700469971,500.0
2024-01-19,6.716368675231934,6.81435295304961,6.591661682850275,6.81435295304961,11200.0
2024-01-22,6.58275318145752,6.787629146903416,6.58275318145752,6.591661035270311,1600.0
2024-01-23,6.5293073654174805,6.654014346170039,6.466954087416126,6.591661068168684,4300.0
2024-01-24,6.564938545227051,6.698553392331038,6.502585261395109,6.591661684547804,3700.0
2024-01-25,6.680737495422363,6.680737495422363,6.680737495422363,6.680737495422363,500.0
2024-01-26,6.76090669631958,6.76090669631958,6.458046450974607,6.458046450974607,6300.0
2024-01-29,6.502584457397461,6.841074823525812,6.324431208369544,6.841074823525812,10900.0
2024-01-30,6.511491775512695,6.823259425072844,6.431322793575864,6.787628860823103,5000.0
2024-01-31,6.8410749435424805,6.9301517819940806,6.48476928873546,6.66292211613897,9400.0
2024-02-01,6.992504596710205,7.143935127111996,6.6985522385621685,6.947966605180094,3200.0
2024-02-02,7.482425689697266,7.6605793699993425,7.3488112789704125,7.464610831366881,40800.0
2024-02-05,7.651671409606934,7.812009379847726,7.4824255855750526,7.66057926339802,9200.0
2024-02-06,7.883270263671875,8.025792521855829,7.455702639620346,7.651671169373117,13700.0
2024-02-07,7.92780876159668,8.34646858121576,7.88327118781786,8.061424031432438,37200.0
2024-02-08,7.918900966644287,8.007976954816519,7.722932433465887,7.847639836306629,13400.0
2024-02-09,8.487154960632324,8.542146834543939,7.818080751453799,7.818080751453799,21100.0
2024-02-12,7.983058929443359,8.349674372898786,7.928066175884963,8.285516888814128,5400.0
2024-02-13,7.64393949508667,7.836412823167276,7.607277950408467,7.836412823167276,13700.0
2024-02-14,7.863908767700195,7.873074372395086,7.643939499503868,7.643939499503868,5900.0
2024-02-15,8.047215461730957,8.047215461730957,7.84557742871961,7.964726778189923,5400.0
2024-02-16,7.891404151916504,8.120539008669853,7.891404151916504,8.001388778268499,3800.0
2024-02-20,7.561450004577637,7.863907934834336,7.561450004577637,7.863907934834336,9300.0
2024-02-21,7.515623092651367,7.845577844292912,7.515623092651367,7.845577844292912,9900.0
2024-02-22,7.488127708435059,7.515623648411736,7.442300559087148,7.478962103749442,5200.0
2024-02-23,7.607277870178223,7.680600958761325,7.488127632710642,7.616443474771152,3800.0
2024-02-26,7.753923892974853,7.992224363165794,7.570616175166493,7.61644332313862,4900.0
2024-02-27,7.579782009124756,7.78142006778033,7.579782009124756,7.78142006778033,4500.0
2024-02-28,7.671434879302978,7.680600483328552,7.561450253236425,7.616443003309757,2800.0
2024-02-29,7.579782009124756,7.579782009124756,7.396473411684892,7.469796501028769,1300.0
2024-03-01,7.607277870178223,7.900570224510631,7.607277870178223,7.653105019062703,4900.0
2024-03-04,7.396472454071045,7.7905846638292,7.396472454071045,7.616442567703538,3200.0
2024-03-05,7.598111629486084,8.14803562190094,7.515622943215847,8.14803562190094,3600.0
2024-03-06,7.378142833709717,7.808916624996261,7.378142833709717,7.433134711868765,5200.0
2024-03-07,7.552284240722656,7.598111384291713,7.1490073002910846,7.524788304213246,8300.0
2024-03-08,7.524788856506348,7.726427778561754,7.332315538653488,7.6439390888990815,5400.0
2024-03-11,7.515623092651367,7.515623092651367,7.341480986902858,7.341480986902858,1100.0
2024-03-12,7.185669422149658,7.51562330921893,7.158173046373852,7.506457704946973,13300.0
2024-03-13,7.2223310470581055,7.414804368551182,7.21316544268221,7.405638764175287,5300.0
2024-03-14,6.94736909866333,7.240661885806294,6.846549634795424,7.222331113924864,16100.0
2024-03-15,7.094014644622803,7.488126860684094,6.90154177545617,7.0665187077590135,12700.0
2024-03-18,7.057353973388672,7.4239702977435185,6.974865715596917,7.094015518416139,7800.0
2024-03-19,7.011526584625244,7.249826604328664,6.97486504313241,7.039022522224845,4300.0
2024-03-20,7.075684070587158,7.194834299074571,6.929037904473449,7.194834299074571,14500.0
2024-03-21,6.94736909866333,7.185669570162003,6.88321161559836,6.993196246886944,3700.0
2024-03-22,7.3689775466918945,7.469796577045673,6.9931964914603215,7.011527263982835,23400.0
2024-03-25,6.9931960105896,7.488127271704768,6.434106831537257,7.488127271704768,45500.0
2024-03-26,6.93820333480835,7.313984344594152,6.93820333480835,6.993195645725294,9800.0
2024-03-27,7.112346649169922,7.222331283033765,6.993196410630715,7.13984258911584,5200.0
2024-03-28,7.011526584625244,7.167338354489813,6.984030209985594,7.057353292971262,4100.0
2024-04-01,7.194834232330322,7.249826544112816,6.984030151977406,7.020691693165736,8700.0
2024-04-02,7.176503658294678,7.176503658294678,6.984030343264242,7.1581728871984485,5300.0
2024-04-03,7.295653820037842,7.295653820037842,6.984030277304953,7.258992278191626,8400.0
2024-04-04,7.24066162109375,7.24066162109375,7.24066162109375,7.24066162109375,500.0
2024-04-05,6.965699195861816,7.103180190176465,6.736564351017415,7.103180190176465,20500.0
2024-04-08,7.048188209533691,7.084849751460416,6.855714895898359,7.048188209533691,5300.0
2024-04-09,7.094014644622803,7.094014644622803,7.039022333855188,7.039022333855188,1200.0
2024-04-10,6.93820333480835,6.93820333480835,6.919872564502701,6.919872564502701,800.0
2024-04-11,6.883211612701416,6.974865472069995,6.8740460082445205,6.892376780118236,1800.0
2024-04-12,7.011526584625244,7.011526584625244,6.883211189400325,6.883211189400325,10100.0
2024-04-15,7.057353973388672,7.057353973388672,7.057353973388672,7.057353973388672,1000.0
2024-04-16,7.139842510223389,7.149008114797476,6.974865561250554,6.974865561250554,3700.0
2024-04-17,7.203999996185303,7.240661538188073,7.203999996185303,7.203999996185303,1400.0
2024-04-18,7.203999996185303,7.3048190181728945,7.029857453152115,7.185669225183917,3700.0
2024-04-19,7.341481208801269,7.341481208801269,7.139842284934631,7.194834599523697,4900.0
2024-04-22,7.451465606689453,7.460631210689835,7.194834376199461,7.194834376199461,5800.0
2024-04-23,7.460631370544434,7.497292913251379,7.350646742423597,7.350646742423597,5600.0
2024-04-24,7.717261791229248,7.717261791229248,7.25899209281459,7.41480386020198,8900.0
2024-04-25,7.671434879302978,7.671434879302978,7.332315397077746,7.515623107188668,12000.0
2024-04-26,7.579782009124756,7.78142006778033,7.543119590372646,7.552285195060673,16700.0
2024-04-29,7.671434879302978,7.75392356737292,7.579781461287572,7.579781461287572,4000.0
2024-04-30,7.524788856506348,7.772254051414237,7.442300166843675,7.552284795033863,6800.0
2024-05-01,7.515623092651367,7.634773322513023,7.460631216764514,7.543119030594793,2300.0
2024-05-02,7.423969745635986,7.588946248950484,7.423969745635986,7.579781518935318,1900.0
2024-05-03,7.451465606689453,7.58894617037475,7.4239696687684145,7.4239696687684145,2600.0
2024-05-06,7.442299842834473,7.689765901048765,7.423969509307537,7.506457321298879,2500.0
2024-05-07,7.286488056182861,7.5064573024337955,7.222330577879693,7.396472679308328,20700.0
2024-05-08,7.396472454071045,7.396472454071045,7.185668818019978,7.23149552440672,2000.0
2024-05-09,7.332315444946289,7.625607783038504,7.332315444946289,7.378142591293226,7500.0
2024-05-10,7.744757652282715,7.744757652282715,7.139841796172786,7.332315102578679,19800.0
2024-05-13,8.386335372924805,8.523816810857408,7.790585097457181,7.790585097457181,40400.0
2024-05-14,8.294682502746582,8.52381737368389,8.294682502746582,8.52381737368389,8500.0
2024-05-15,8.450493812561035,8.468824146689741,8.25802049676899,8.468824146689741,2400.0
2024-05-16,8.587974548339844,8.606305756912672,8.175531970332685,8.468824314856862,12700.0
2024-05-17,8.496320724487305,8.64296688978968,8.175531582328288,8.175531582328288,6700.0
2024-05-20,8.35883903503418,8.597139483451574,8.35883903503418,8.35883903503418,2400.0
2024-05-21,8.386335372924805,8.496320872902931,8.386335372924805,8.496320872902931,1300.0
2024-05-22,8.331343650817871,8.50548575985115,8.331343650817871,8.432162674565545,6200.0
2024-05-23,8.413832664489746,8.413832664489746,8.038051619401234,8.285516823255556,4100.0
2024-05-24,8.129705429077148,8.59714079357151,8.028886396650604,8.349674703869718,20200.0
2024-05-28,8.31301212310791,8.477989495702893,8.18469716582745,8.18469716582745,18500.0
2024-05-29,8.386335372924805,8.578808686766363,8.203027663094774,8.33134349701585,20500.0
2024-05-30,8.496320724487305,8.697958764738026,8.322177747630663,8.432162371607445,7500.0
2024-05-31,8.542146682739258,8.670462509719483,8.43216206279052,8.496320413320662,7100.0
2024-06-03,8.395501136779785,8.743786229127958,8.34967398992974,8.487155430479877,3300.0
2024-06-04,8.422996520996094,8.597139492751046,8.15720013565228,8.386334980744536,11300.0
2024-06-05,8.230523109436035,8.422996411781067,8.083876950331259,8.175531236811771,11000.0
2024-06-06,8.184697151184082,8.413832002009347,8.184697151184082,8.413832002009347,2200.0
2024-06-07,8.120538711547852,8.368004767345399,8.065546837424005,8.239688937589625,3000.0
2024-06-10,8.203027725219727,8.313012351950704,8.157200578895123,8.239689267463385,3000.0
2024-06-11,8.230523109436035,8.24885431636416,8.203027173123903,8.212192776587965,1300.0
2024-06-12,8.03805160522461,8.441328589123422,8.028886000706871,8.432162984605684,4000.0
2024-06-13,8.083877563476562,8.111374375954325,8.065547229238176,8.065547229238176,5900.0
2024-06-14,8.248854637145996,8.514651029379719,8.193861888303116,8.193861888303116,5400.0
2024-06-17,8.53298282623291,8.83544078055359,8.477990073592718,8.51465161732613,9400.0
2024-06-18,8.395501136779785,8.532982577329921,8.368005198301807,8.532982577329921,4200.0
2024-06-20,8.31301212310791,8.413832017062662,8.31301212310791,8.322177726936541,2700.0
2024-06-21,8.386335372924805,8.386335372924805,8.230523601049253,8.230523601049253,6900.0
2024-06-24,8.386335372924805,8.41383218495939,8.285516351038316,8.285516351038316,5800.0
2024-06-25,8.386335372924805,8.477989664879873,8.3496738309588,8.477989664879873,4700.0
2024-06-26,8.386335372924805,8.386335372924805,8.239689205060781,8.386335372924805,3500.0
2024-06-27,8.505485534667969,8.505485534667969,8.505485534667969,8.505485534667969,300.0
2024-06-28,8.193861961364746,8.276350648324541,8.111374148485048,8.258020314600197,7500.0
2024-07-01,8.368005752563477,8.496321597426684,8.221359572194201,8.221359572194201,1300.0
2024-07-02,8.53298282623291,8.881267054660242,8.340509503112465,8.468824469139328,21500.0
2024-07-03,8.780447959899902,9.0554099728107,8.707124873001042,9.046244368428308,5800.0
2024-07-05,8.46882438659668,8.597140225453044,8.358839756468427,8.386335695480454,4600.0
2024-07-08,8.386335372924805,8.450493726925396,8.3496738309588,8.368005038981856,6900.0
2024-07-09,8.606305122375488,8.95459019285919,8.386335006120472,8.523816438039866,4400.0
2024-07-10,8.688793182373047,8.798778680701902,8.432162392459269,8.532982286914038,10300.0
2024-07-11,8.707124710083008,8.936259570874666,8.707124710083008,8.862936485347745,8400.0
2024-07-12,9.990279197692873,10.320233943988256,8.798778666542049,8.972920769468985,97600.0
2024-07-15,10.631857872009276,10.879323066715358,10.017776376221423,10.347730260522908,40800.0
2024-07-16,10.833495140075684,11.218441747760815,10.54020281958418,10.943479760259995,19100.0
2024-07-17,10.833495140075684,10.833495140075684,10.659353043303868,10.778503267023558,6000.0
2024-07-18,10.549368858337402,10.897653940329716,10.439384233615634,10.769338107780936,20800.0
2024-07-19,10.906818389892578,11.035134219144048,10.631857272193834,10.631857272193834,23500.0
2024-07-22,11.438411712646484,11.456742920878346,10.970977265775538,11.016804412275077,42700.0
2024-07-23,10.93863010406494,11.428982004278412,10.438847235490492,11.183805604521236,29900.0
2024-07-24,9.854196548461914,10.948059390684165,9.675029730912089,10.7971818813157,37100.0
2024-07-25,9.863627433776855,10.005074885688469,9.778758602909502,10.005074885688469,9900.0
2024-07-26,10.014504432678224,10.13709263760726,9.82590754021083,10.014504432678224,7000.0
2024-07-29,10.297399520874023,10.467137162204088,9.825906872113494,9.99564451344356,17900.0
2024-07-30,10.467137336730955,10.61801484296189,10.372838445686188,10.391698583615492,17300.0
2024-07-31,10.429418563842772,10.693454215029664,10.372839046080834,10.467137942583758,9800.0
2024-08-01,10.325689315795898,10.467137656686797,10.137092427242267,10.419988209723163,9000.0
2024-08-02,10.448278427124023,10.6934548532232,9.901346953088003,10.23139221124466,17800.0
2024-08-05,10.61801528930664,10.61801528930664,10.01450433971252,10.061653787216905,8500.0
2024-08-06,10.65573501586914,10.65573501586914,10.41998866993974,10.59915549715367,4500.0
2024-08-07,10.608585357666016,11.08950810971243,10.231391571336038,10.47656708280006,18900.0
2024-08-08,10.533145904541016,10.863191120251418,10.193671519270984,10.684023409105476,9100.0
2024-08-09,10.325689315795898,10.542576412108248,9.901346091725006,10.495426965144617,5300.0
2024-08-12,11.051788330078123,11.089507707342518,10.589724834463183,10.589724834463183,38900.0
2024-08-13,11.080078125,11.41012336503952,10.844331781914894,11.164946952398788,21900.0
2024-08-14,11.174376487731934,11.24981524196853,10.985778702839552,11.22152503465414,23700.0
2024-08-15,11.315824508666992,11.391263266780696,11.014069476212171,11.259244990431249,13100.0
2024-08-16,11.44784164428711,11.5044202575841,11.315823381092724,11.400692200339057,7000.0
2024-08-19,11.834466934204102,11.92876493449878,11.44784306460373,11.55157113471816,19900.0
2024-08-20,12.04192352294922,12.14565158918063,11.85332573081804,11.947624626883629,9000.0
2024-08-21,12.456836700439451,12.81517124684895,11.928764500651532,11.938194570128315,26300.0
2024-08-22,12.353108406066896,12.881179696806024,12.268239580944307,12.400256953978635,14500.0
2024-08-23,12.64543342590332,12.77745169892613,12.353108470404049,12.75859156022248,8600.0
2024-08-26,12.815171241760254,13.088636961371948,12.711442276158662,12.711442276158662,20900.0
2024-08-27,13.578989028930664,14.07877192475963,12.84346068884966,12.84346068884966,27700.0
2024-08-28,13.82416534423828,14.163640652105029,13.437541487435308,13.654427690304908,23400.0
2024-08-29,13.46583080291748,13.814735281153125,13.24894459994705,13.79587604143005,17900.0
2024-08-30,13.44697093963623,13.729866716771388,13.21122460857375,13.371532185640309,12300.0
2024-09-03,13.343242645263672,13.861884779381189,13.182935060185514,13.446971611667731,16300.0
2024-09-04,13.248944282531738,13.673287508095202,13.154645388272789,13.41868103317658,24700.0
2024-09-05,12.67372226715088,13.201794440461736,12.315388638008834,13.201794440461736,28700.0
2024-09-06,13.00376796722412,13.060347484032675,12.579424738713143,12.768021629240144,8700.0
2024-09-09,13.00376796722412,13.428111195735095,12.645433425572367,12.645433425572367,26700.0
2024-09-10,13.578989028930664,13.786446063061538,13.135786550547753,13.1829350998176,9100.0
2024-09-11,13.343242645263672,13.578988988107913,13.23951457816054,13.43754154212174,9000.0
2024-09-12,13.437541007995604,14.031621876265202,13.23008398273458,13.475260385379348,15400.0
2024-09-13,13.588418960571287,13.720437235369191,13.248944553049297,13.644998478142082,7200.0
2024-09-16,14.154210090637209,14.154210090637209,13.44697108956434,13.795875555510849,23000.0
2024-09-17,13.711007118225098,15.068905642893345,13.46583070843887,14.15421048986929,30000.0
2024-09-18,13.701577186584473,13.890174080893436,13.484690982954396,13.861884771572324,10000.0
2024-09-19,13.711007118225098,13.880744771046476,13.512980156367131,13.711007118225098,8800.0
2024-09-20,13.843025207519531,13.843025207519531,13.437541219778009,13.843025207519531,9300.0
2024-09-23,14.3899564743042,14.625702808813896,13.692147539987706,13.76758629508674,44700.0
2024-09-24,14.720001220703123,15.32351217792032,14.31451812536586,14.446535500884584,36600.0
2024-09-25,14.85201930999756,15.172634473911048,14.361666494764949,15.163204404548672,21800.0
2024-09-26,14.65399169921875,14.842588581587544,14.408815302488884,14.814299274057444,11300.0
2024-09-27,14.257938385009766,14.644562234646726,14.05991142552487,14.644562234646726,11300.0
2024-09-30,14.974607467651367,15.087765601748371,14.267368455069413,14.267368455069413,24700.0
2024-10-01,14.53140354156494,15.087765020587236,14.53140354156494,15.087765020587236,32600.0
2024-10-02,14.814300537109377,15.068906125189436,14.550264879281658,14.550264879281658,6800.0
2024-10-03,14.795439720153809,15.031186057245048,14.625702968972734,14.795439720153809,13900.0
2024-10-04,14.446535110473633,14.804869647328054,14.144780089670288,14.804869647328054,13000.0
2024-10-07,13.663857460021973,14.191929649950282,13.569559464917532,14.191929649950282,16700.0
2024-10-08,12.77745246887207,13.61670890713647,12.739733088492782,13.305523794182102,34700.0
2024-10-09,11.174376487731934,12.796310603119675,10.844331263471153,12.73973198709267,74200.0
2024-10-10,11.410122871398926,11.78731664429604,11.089507714785931,11.278104601234489,27000.0
2024-10-11,11.95705509185791,12.173941300961497,11.419552805386376,11.419552805386376,10400.0
2024-10-14,13.277234077453612,13.67328800896779,12.18337118062434,12.18337118062434,26900.0
2024-10-15,13.720437049865724,13.927894079085869,13.286663752024095,13.286663752024095,23200.0
2024-10-16,13.692148208618164,14.031622623141406,13.2112254469012,13.909034415293888,16600.0
2024-10-17,13.44697093963623,14.003332424831832,13.21122460857375,13.937322840609736,12900.0
2024-10-18,13.050917625427246,13.729867341589031,12.513416253920502,13.3338134154364,12200.0
2024-10-21,12.164510726928713,12.984908777645662,11.806177083202922,12.984908777645662,28800.0
2024-10-22,12.023062705993652,12.758590996203138,11.843895892733974,12.192800349619256,10000.0
2024-10-23,12.14565086364746,12.192800308863736,11.796746407928426,12.023062665805496,5900.0
2024-10-24,12.541706085205078,12.85289119737858,12.117362832177662,12.239950143627013,7000.0
2024-10-25,12.36253833770752,12.739733039346246,12.202230746888729,12.513416757943588,6500.0
2024-10-28,12.805741310119627,13.531840479942328,12.353108762152958,12.353108762152958,21400.0
2024-10-29,13.098066329956056,13.343241828029075,12.824600624977748,13.173505083101734,17200.0
2024-10-30,12.82460117340088,13.248944402816887,12.82460117340088,13.08863682070181,9600.0
2024-10-31,12.513416290283203,12.937759526879567,12.37196794521713,12.89061007852421,9800.0
2024-11-01,12.079642295837402,12.447405993591364,12.051352088855651,12.447405993591364,6700.0
2024-11-04,11.966483116149902,12.164510066029491,11.41955171158739,11.627008730342403,14700.0
2024-11-05,12.258809089660645,12.494555418307964,11.749597055754467,11.862755185589076,10800.0
2024-11-06,11.834466934204102,12.9188997830491,11.834466934204102,12.268240253602292,7900.0
2024-11-07,11.570430755615234,12.126791360522835,11.570430755615234,11.74959757765312,9100.0
2024-11-08,10.174811363220217,12.032492658250474,9.571300446748731,11.787316264124478,106800.0
2024-11-11,9.750469207763672,9.976785488578455,8.486868624263023,9.712749827627874,49200.0
2024-11-12,9.750469207763672,10.04279417899086,9.09037960573674,9.09037960573674,18800.0
2024-11-13,9.363844871520996,9.675029967012549,9.269545976214076,9.637310588749962,18400.0
2024-11-14,9.33555507659912,9.401564665956332,9.08094948688145,9.326125906091766,12200.0
2024-11-15,9.005510330200195,9.297835286969212,8.769763991186059,9.297835286969212,16200.0
2024-11-18,9.590160369873049,10.099372385118482,9.005509604169092,9.005509604169092,21500.0
2024-11-19,9.43928337097168,9.835337281592931,9.429853301837628,9.571300741644835,4600.0
2024-11-20,9.15638828277588,9.580731533509068,9.137528143085047,9.429854013186242,16600.0
2024-11-21,9.194107055664062,9.580730900783331,9.1563876780744,9.335554496800071,15400.0
2024-11-22,9.194107055664062,9.43928345964732,9.1563876780744,9.222396364031084,7600.0
2024-11-25,9.203536987304688,9.250686433412165,9.005510033094003,9.194106918223016,26800.0
2024-11-26,9.05265998840332,9.212967574605322,8.948931021272063,9.212967574605322,11000.0
2024-11-27,9.005510330200195,9.288406116877342,9.005510330200195,9.137527704495524,9500.0
2024-11-29,9.278976440429688,9.505292719635058,9.099808711583057,9.137528091450616,7100.0
2024-12-02,9.231825828552246,9.618449648346946,9.194106453433273,9.231825828552246,27400.0
2024-12-03,9.231825828552246,9.458142079266096,9.21296659064318,9.2412558971572,13900.0
2024-12-04,9.51472282409668,9.533582064448703,9.109238814567188,9.109238814567188,15900.0
2024-12-05,9.231825828552246,9.609019579741991,9.231825828552246,9.609019579741991,10800.0
2024-12-06,9.44871425628662,9.60902094890835,9.335555215505098,9.410993976492136,9100.0
2024-12-09,9.354413986206056,9.580730236041482,9.194106417747417,9.429852736151195,15500.0
2024-12-10,9.165818214416504,9.42042380129702,9.146958075010051,9.42042380129702,6600.0
2024-12-11,9.241256713867188,9.3072654013338,9.194107265976356,9.28840616175802,7100.0
2024-12-12,9.26011562347412,9.335554377690949,9.250686453672682,9.297835000582534,10500.0
2024-12-13,9.269546508789062,9.382704650078232,9.194107747929614,9.316695959151458,8600.0
2024-12-16,9.326125144958496,9.344984383735,9.194106876319438,9.297834937842415,13900.0
2024-12-17,9.307265281677246,9.392134106929465,9.21296728640882,9.29783521236013,4400.0
2024-12-18,9.109238624572754,9.401564487990102,8.958361107699647,9.30726559029394,20600.0
2024-12-19,9.184677124023438,9.2601158803328,8.977220993823149,9.2601158803328,6200.0
2024-12-20,9.128098487854004,9.194107174665051,9.005510284275694,9.01494035362039,12700.0
2024-12-23,8.996079444885254,9.0903783316586,8.798052502101896,9.0903783316586,12600.0
2024-12-24,9.099808692932127,9.099808692932127,8.958361243543921,9.024369933351624,1600.0
2024-12-26,9.175246238708496,9.288405262410263,9.118667626158445,9.203536444284357,10800.0
2024-12-27,9.212967872619627,9.30726587388813,9.024370071480696,9.231827113152944,25600.0
2024-12-30,9.024369239807127,9.194106885468992,8.977220693168507,9.11866813168614,21400.0
2024-12-31,9.01494026184082,9.316695283391676,8.958360745649584,9.052659639534676,16500.0
2025-01-02,9.203536987304688,9.307265049300424,9.194106918223016,9.203536987304688,5300.0
2025-01-03,9.354413986206056,9.354413986206056,9.184676349179066,9.26954516769256,5500.0
2025-01-06,9.38270378112793,9.505291980996644,9.335554335132134,9.34498440419147,11100.0
2025-01-07,9.533581733703612,9.62788063009512,9.439283736613032,9.514722494005866,3500.0
2025-01-08,9.486433029174805,9.637310541485189,9.439283581752584,9.533581577296117,3800.0
2025-01-10,9.533581733703612,9.731608696685038,9.448713806112368,9.495862355007196,8100.0
2025-01-13,9.920207023620604,9.92963619432673,9.646740389220636,9.73160922068256,13600.0
2025-01-14,9.90134620666504,9.939065584813632,9.90134620666504,9.939065584813632,2300.0
2025-01-15,9.948495864868164,9.96735510469141,9.618450624602502,9.618450624602502,6000.0
2025-01-16,10.278539657592772,10.28796972665188,9.967354573049382,9.967354573049382,7200.0
2025-01-17,10.108802795410156,10.269110370377827,10.108802795410156,10.193671617369612,9500.0
2025-01-21,10.25968074798584,10.25968074798584,9.957925722818905,10.023934409748945,8800.0
2025-01-22,10.08051300048828,10.203101203961312,9.910776248934084,10.203101203961312,5000.0
2025-01-23,10.231390953063965,10.25025019159036,10.023933933468422,10.212530815236702,4100.0
2025-01-24,10.278539657592772,10.278539657592772,10.14652228796884,10.14652228796884,2700.0
2025-01-27,10.250250816345217,10.27854012550948,10.08994323224618,10.1653819895515,3700.0
2025-01-28,10.250250816345217,10.250250816345217,10.023934544429256,10.023934544429256,1900.0
2025-01-29,10.287969589233398,10.287969589233398,9.967354439913423,10.278539520300251,3300.0
2025-01-30,10.693453788757324,11.296963824555396,10.184241746402256,10.184241746402256,16300.0
2025-01-31,10.882050514221191,10.948059198586463,10.542576124098662,10.919769890901472,17800.0
2025-02-03,10.61801528930664,10.768892801879945,10.44827763801122,10.674593906871172,7400.0
2025-02-04,10.542576789855955,10.778323133820171,10.495427341202928,10.778323133820171,3900.0
2025-02-05,10.429418563842772,10.71231345474969,10.344549736850327,10.6463047667782,13300.0
2025-02-06,10.467137336730955,10.63687408159032,10.467137336730955,10.570865397439505,4600.0
2025-02-07,10.56143569946289,10.8820508611162,10.438847496518925,10.57086576875879,22500.0
2025-02-10,10.561436653137209,10.717181187104284,10.162340124458265,10.717181187104284,15700.0
2025-02-11,10.366754531860352,10.366754531860352,9.899520953643936,10.279148932177725,8000.0
2025-02-12,10.142871856689451,10.201275588941616,10.123403327065008,10.123403327065008,2700.0
2025-02-13,10.07473373413086,10.123403200964557,10.07473373413086,10.123403200964557,1600.0
2025-02-14,10.590638160705566,10.590638160705566,10.064999912302468,10.133137911516195,7800.0
2025-02-18,10.532233238220217,10.785318555208168,10.425159109484047,10.522499901651903,9800.0
2025-02-19,10.483564376831056,10.580904246318592,10.035798377918564,10.580904246318592,6400.0
2025-02-20,10.522500038146973,10.561436169857066,10.055265529315252,10.357021246301429,9100.0
2025-02-21,10.220744132995604,10.629573972580276,10.133137606183093,10.337552525975427,13300.0
2025-02-24,9.792447090148926,10.26941494628372,9.734042427129474,10.26941494628372,7600.0
2025-02-25,9.918988227844238,10.220743933381682,9.78271223618458,10.220743933381682,4200.0
2025-02-26,10.094202041625977,10.123403909431948,9.782712976200576,9.811914844006546,4500.0
2025-02-27,9.802180290222168,10.064999877674818,9.7827126883612,10.04553134750324,8300.0
2025-02-28,10.094202041625977,10.15260670554856,9.860585242556926,9.918988978168867,2100.0
2025-03-03,9.831382751464844,9.987127274303717,9.831382751464844,9.987127274303717,2400.0
2025-03-04,9.88005256652832,9.967659095787749,9.62696817215851,9.967659095787749,19800.0
2025-03-05,9.646435737609863,10.006595190074512,9.646435737609863,9.831383060528037,7500.0
2025-03-06,9.442020416259766,9.51989267685613,9.35441389101121,9.510159340514514,3800.0
2025-03-07,9.724308013916016,9.92872293890722,9.50042548708835,9.50042548708835,2800.0
2025-03-10,9.48095703125,10.016329546452628,9.48095703125,9.831383150158944,6000.0
2025-03-11,9.442020416259766,9.928722509142336,9.442020416259766,9.68537146270105,4600.0
2025-03-12,9.568563461303713,9.578297726352142,9.442020800605938,9.442020800605938,2400.0
2025-03-13,9.59776496887207,9.880052146535643,9.59776496887207,9.69510575909147,1300.0
2025-03-14,9.714573860168455,9.75351092090881,9.607499728064356,9.734042390538631,1600.0
2025-03-17,9.47122287750244,9.73404246977548,9.47122287750244,9.578297938788774,8200.0
2025-03-18,9.685372352600098,9.704840883693258,9.519893551550863,9.519893551550863,1500.0
2025-03-19,9.617234230041504,9.704840762243068,9.597765699191982,9.597765699191982,800.0
2025-03-20,9.646435737609863,9.675637604482509,9.578297738803489,9.665904267732031,1600.0
2025-03-21,9.354413986206056,9.821648482849614,8.896914682624326,9.821648482849614,47700.0
2025-03-24,8.828776359558105,9.393350757271,8.653564223643835,9.14999969176335,35000.0
2025-03-25,8.721701622009277,9.208403719379636,8.69249975609402,8.828775749238948,19200.0
2025-03-26,8.721701622009277,8.809308148065636,8.565957099380455,8.809308148065636,21000.0
2025-03-27,8.955318450927734,8.955318450927734,8.57569140719107,8.61462753804382,5800.0
2025-03-28,8.906648635864258,9.1986701004506,8.750904102301048,8.984520902645864,9500.0
2025-03-31,8.750904083251953,9.072127415104491,8.692500347448206,8.809308747366343,9200.0
2025-04-01,8.760638236999512,8.926117033518798,8.750903971719406,8.760638236999512,4500.0
2025-04-02,8.809308052062988,9.02345723249914,8.809308052062988,9.013722967863275,1300.0
2025-04-03,8.692500114440918,8.71196771641678,8.663297319011198,8.71196771641678,900.0
2025-04-04,8.643829345703125,8.809308132786889,8.40047829744001,8.663296946842673,9900.0
2025-04-07,8.030585289001465,8.458882762624853,7.933244489931729,8.196064090433621,8600.0
2025-04-08,7.787233829498291,8.965052983342332,7.787233829498291,8.244734076908287,9200.0
2025-04-09,8.18632984161377,8.254467844115599,7.826170369615913,7.826170369615913,5700.0
2025-04-10,7.933244228363037,8.166861952765611,7.933244228363037,8.166861952765611,6400.0
2025-04-11,7.952712535858154,8.468616511505783,7.524414624210796,8.225265456989463,48700.0
2025-04-14,7.787233829498291,8.439414736983622,7.543882772326469,7.748297697483224,52200.0
2025-04-15,7.787233829498291,8.429680471902202,7.60228697034907,7.60228697034907,6900.0
2025-04-16,8.137659072875977,8.137659072875977,7.728829683942456,7.738563484934647,1200.0
2025-04-17,8.02085018157959,8.127925234980044,7.719094942938906,7.913776056489699,4300.0
2025-04-21,8.312871932983398,8.400478460589255,8.118191276254047,8.215531140463424,1700.0
2025-04-22,8.225265502929688,8.351808163382218,7.7872337880159135,8.118191372536288,11500.0
2025-04-23,8.68276596069336,8.70223356291898,8.24473423504463,8.70223356291898,14100.0
2025-04-24,8.147393226623535,8.653563867645222,8.079255228143927,8.604893470883813,11800.0
2025-04-25,8.118191719055176,8.546489187220939,8.118191719055176,8.157127852524791,2900.0
2025-04-28,7.68989372253418,8.13765925369653,7.592553389672799,8.098723120551977,13600.0
2025-04-29,7.680159091949463,7.962446740056589,7.563350698070492,7.68989335685036,9900.0
2025-04-30,7.69962739944458,7.787233929683216,7.602287068154602,7.602287068154602,4700.0
2025-05-01,7.88457441329956,7.88457441329956,7.69962709493016,7.69962709493016,1900.0
2025-05-02,7.79696798324585,8.12792556480344,7.6509572581966,7.835904114704943,13300.0
2025-05-05,7.816435813903809,8.147393405161088,7.796968211759006,7.972180344304734,9800.0
2025-05-06,7.69962739944458,8.215531387359118,7.641223200670593,8.030584989985817,32000.0
2025-05-07,7.767765998840332,7.923510995774704,7.767765998840332,7.923510995774704,3000.0
2025-05-08,7.816435813903809,7.835904344359237,7.631489416130366,7.738563548703345,7800.0
2025-05-09,7.845638275146484,7.933243873529621,7.835904010333718,7.845638275146484,1300.0
2025-05-12,8.030585289001465,8.254467827226936,7.88457501870752,8.02085102343236,7000.0
2025-05-13,7.933244228363037,8.03058502422333,7.933244228363037,8.01111649372702,4800.0
2025-05-14,7.874840259552002,7.91377639107729,7.874840259552002,7.91377639107729,1700.0
2025-05-15,7.972180366516113,8.059786897188372,7.874840498899648,7.874840498899648,5000.0
2025-05-16,8.18632984161377,8.410213308607965,8.001383436975662,8.020851039843043,7000.0
2025-05-19,8.40047836303711,8.575691416214129,8.118191181980013,8.575691416214129,3600.0
2025-05-20,8.507553100585938,8.507553100585938,8.312872432166134,8.390744699534055,2100.0
2025-05-21,8.244733810424805,8.468616330197532,8.127925418155044,8.468616330197532,3200.0
2025-05-22,7.933244228363037,8.225265687633284,7.933244228363037,8.01111649372702,4300.0
2025-05-23,7.923510551452637,8.030584679656242,7.923510551452637,7.952712417633513,3300.0
2025-05-27,8.264202117919922,8.429680919855148,7.787234243311643,7.981914913732301,4000.0
2025-05-28,8.254467010498047,8.507552320389594,8.07925488914361,8.07925488914361,1900.0
2025-05-29,8.0889892578125,8.34207364264935,8.0889892578125,8.34207364264935,2300.0
2025-05-30,8.079255104064941,8.254467230080307,8.079255104064941,8.254467230080307,2600.0
2025-06-02,8.147393226623535,8.264201621864554,8.147393226623535,8.264201621864554,800.0
2025-06-03,7.933244228363037,8.264201820315275,7.8651062282472095,8.12792582008362,8100.0
2025-06-04,7.981914520263672,8.011116387309599,7.913776521052971,8.011116387309599,1900.0
2025-06-05,7.981914520263672,8.020850652428447,7.952712653217745,8.011116387309599,3500.0
2025-06-06,8.059786796569824,8.07925532683645,7.82617000323403,7.933244134768614,7000.0
2025-06-09,8.127925872802734,8.254467608607005,8.079255474556904,8.15712774042598,7500.0
2025-06-10,7.933244228363037,8.186329554951293,7.8651062282472095,8.186329554951293,4500.0
2025-06-11,8.0889892578125,8.215530986075636,8.050053127198325,8.050053127198325,3100.0
2025-06-12,7.981914520263672,8.030584917547294,7.933244122980049,7.991648785382519,3000.0
2025-06-13,7.913776397705078,7.972180130886623,7.9040421327379535,7.9040421327379535,3800.0
2025-06-16,8.0889892578125,8.273935646152188,7.92351047062461,7.92351047062461,6400.0
2025-06-17,7.952712535858154,8.030584799038527,7.923510669243164,8.011116269088133,4700.0
2025-06-18,7.962446689605713,7.981914290973561,7.933243895088055,7.9721800261343425,1100.0
2025-06-20,7.962446689605713,8.059786553066136,7.913776293720207,7.933243895088055,1500.0
2025-06-23,7.9916486740112305,8.118191333860908,7.96244680737226,8.108457068877717,2200.0
2025-06-24,7.904042243957519,8.050053435587142,7.904042243957519,8.050053435587142,2000.0
2025-06-25,8.127925872802734,8.127925872802734,7.884574809884217,7.884574809884217,1200.0
2025-06-26,8.079255104064941,8.079255104064941,7.94297818088802,7.94297818088802,600.0
2025-06-27,7.933244228363037,7.981914626293183,7.894308095681046,7.933244228363037,4100.0
2025-06-30,7.787233829498291,7.991648754655046,7.728829631475691,7.933244092477139,6400.0
2025-07-01,7.816435813903809,7.884574742187183,7.80670247698672,7.884574742187183,1400.0
2025-07-02,7.855371952056885,7.933244217312394,7.855371952056885,7.933244217312394,4400.0
2025-07-03,7.88457441329956,7.93324388078674,7.796967886525696,7.796967886525696,4200.0
2025-07-07,8.040319442749023,8.069521310739553,7.787234111336047,7.865106378184556,2000.0
2025-07-08,7.874840259552002,8.020850520694182,7.874840259552002,8.020850520694182,3500.0
2025-07-09,7.865106105804443,7.88457463599767,7.865106105804443,7.88457463599767,3200.0
2025-07-10,7.981914520263672,7.981914520263672,7.826169991604575,7.874840388888196,2500.0
2025-07-11,7.904042243957519,8.040319170483045,7.855371846747645,8.040319170483045,2400.0
2025-07-14,7.894308090209961,7.972180355519974,7.865106222796363,7.942978488106376,1800.0
2025-07-15,8.838510513305664,8.84824477859754,8.050053590876345,8.65356411431318,31400.0
2025-07-16,9.05265998840332,9.169468390589795,8.799574652843955,8.974787720279002,28400.0
2025-07-17,8.916382789611816,9.052659718928078,8.73143639039962,8.73143639039962,6700.0
2025-07-18,8.906648635864258,9.111063568243631,8.848244899933377,9.01372369892195,10900.0
2025-07-21,9.120797157287598,9.617233517438516,8.955318370570625,8.955318370570625,13600.0
2025-07-22,9.26680850982666,9.519892898501972,9.081861190371349,9.081861190371349,6000.0
2025-07-23,9.325212478637695,9.43228661008463,9.179202215000002,9.43228661008463,14200.0
2025-07-24,9.149999618530272,9.51989334653869,9.003989351718552,9.315478416015898,38800.0
2025-07-25,8.369999885559082,9.289999961853027,8.329999923706055,9.130000114440918,23000.0
2025-07-28,8.430000305175781,8.59000015258789,8.220000267028809,8.34000015258789,19900.0
2025-07-29,8.140000343322754,8.449999809265137,8.140000343322754,8.359999656677246,11400.0
2025-07-30,7.880000114440918,8.300000190734863,7.860000133514404,8.140000343322754,23300.0
2025-07-31,7.800000190734863,8.180000305175781,7.800000190734863,7.889999866485596,9200.0
2025-08-01,8.010000228881836,8.489999771118164,7.820000171661377,7.900000095367432,4800.0
2025-08-04,8.0600004196167,8.140000343322754,8.029999732971191,8.050000190734863,1700.0
2025-08-05,7.989999771118164,8.359999656677246,7.989999771118164,8.0600004196167,2000.0
2025-08-06,7.940000057220459,8.149999618530273,7.940000057220459,8.149999618530273,6100.0
2025-08-07,7.940000057220459,8.350000381469727,7.940000057220459,8.350000381469727,5400.0
2025-08-08,7.900000095367432,8.079999923706055,7.900000095367432,7.940000057220459,8400.0
2025-08-11,7.849999904632568,8.0,7.849999904632568,7.889999866485596,8300.0
2025-08-12,8.050000190734863,8.140000343322754,7.889999866485596,7.889999866485596,3200.0
2025-08-13,8.0600004196167,8.229999542236328,8.0600004196167,8.180000305175781,4300.0
2025-08-14,7.860000133514404,8.1899995803833,7.800000190734863,8.0,10800.0
2025-08-15,7.869999885559082,7.949999809265137,7.829999923706055,7.920000076293945,1900.0
2025-08-18,7.809999942779541,7.940000057220459,7.809999942779541,7.900000095367432,1700.0
2025-08-19,7.829999923706055,7.900000095367432,7.829999923706055,7.829999923706055,2500.0
2025-08-20,7.960000038146973,7.980000019073486,7.849999904632568,7.849999904632568,4000.0
2025-08-21,8.300000190734863,8.5600004196167,8.149999618530273,8.149999618530273,12600.0
2025-08-22,8.369999885559082,8.489999771118164,8.149999618530273,8.210000038146973,1900.0
2025-08-25,8.039999961853027,8.59000015258789,8.0,8.369999885559082,7900.0
2025-08-26,8.1899995803833,8.420000076293945,8.069999694824219,8.069999694824219,2400.0
2025-08-27,8.09000015258789,8.210000038146973,7.869999885559082,8.180000305175781,6700.0
2025-08-28,8.029999732971191,8.399999618530273,7.980000019073486,8.010000228881836,5400.0
2025-08-29,8.40999984741211,8.40999984741211,8.130000114440918,8.34000015258789,7800.0
2025-09-02,8.529999732971191,8.529999732971191,8.199999809265137,8.489999771118164,2300.0
2025-09-03,8.6899995803833,8.779999732971191,8.59000015258789,8.649999618530273,7700.0
2025-09-04,8.520000457763672,8.539999961853027,8.279999732971191,8.539999961853027,2600.0
2025-09-05,8.510000228881836,8.510000228881836,8.5,8.5,700.0
2025-09-08,8.449999809265137,8.6899995803833,8.260000228881836,8.380000114440918,2800.0
2025-09-09,8.5,8.5,8.279999732971191,8.279999732971191,800.0
2025-09-10,8.460000038146973,8.460000038146973,8.460000038146973,8.460000038146973,900.0
2025-09-11,8.199999809265137,8.5,8.199999809265137,8.329999923706055,7500.0
2025-09-12,7.800000190734863,8.220000267028809,7.800000190734863,8.220000267028809,10200.0
2025-09-15,7.949999809265137,7.949999809265137,7.849999904632568,7.849999904632568,4400.0
2025-09-16,8.180000305175781,8.449999809265137,7.840000152587891,8.449999809265137,1400.0
2025-09-17,7.989999771118164,8.25,7.989999771118164,8.0,5500.0
2025-09-18,7.929999828338623,8.3100004196167,7.829999923706055,8.0,3700.0
2025-09-19,7.949999809265137,7.949999809265137,7.869999885559082,7.869999885559082,3400.0
2025-09-22,7.960000038146973,7.96999979019165,7.920000076293945,7.920000076293945,1900.0
2025-09-23,7.860000133514404,7.949999809265137,7.860000133514404,7.949999809265137,4100.0
2025-09-24,7.579999923706055,7.989999771118164,7.579999923706055,7.949999809265137,15300.0
2025-09-25,7.739999771118164,7.960000038146973,7.639999866485596,7.800000190734863,3100.0
2025-09-26,7.760000228881836,8.220000267028809,7.599999904632568,7.760000228881836,3500.0
2025-09-29,7.619999885559082,7.809999942779541,7.619999885559082,7.730000019073486,26900.0
2025-09-30,7.860000133514404,8.079999923706055,7.690000057220459,8.079999923706055,6300.0
2025-10-01,7.690000057220459,7.869999885559082,7.690000057220459,7.820000171661377,3600.0
2025-10-02,8.09000015258789,8.09000015258789,7.730000019073486,7.940000057220459,3500.0
2025-10-03,7.760000228881836,7.909999847412109,7.739999771118164,7.739999771118164,10100.0
2025-10-06,7.559999942779541,7.889999866485596,7.5,7.889999866485596,22500.0
2025-10-07,7.510000228881836,7.659999847412109,7.510000228881836,7.550000190734863,4500.0
2025-10-08,7.590000152587891,7.679999828338623,7.510000228881836,7.679999828338623,2700.0
2025-10-09,7.550000190734863,7.670000076293945,7.510000228881836,7.670000076293945,2500.0
2025-10-10,7.440000057220459,7.550000190734863,7.420000076293945,7.550000190734863,10200.0
2025-10-13,7.5,7.550000190734863,7.429999828338623,7.429999828338623,3800.0
2025-10-14,7.5,7.599999904632568,7.5,7.5,3900.0
2025-10-15,7.349999904632568,7.550000190734863,7.25,7.53000020980835,12900.0
2025-10-16,7.670000076293945,7.699999809265137,7.360000133514404,7.360000133514404,4500.0
