Date,Open,High,Low,Close,Volume
2020-01-02,208.71446228027344,208.9138901038073,205.64693717191028,205.70393104125768,15873500.0
2020-01-03,206.0838165283203,207.22630240410257,205.1436132545173,205.4665205702207,8604500.0
2020-01-06,205.741928100586,206.2357735674345,203.32020290667376,204.07996181924173,11885500.0
2020-01-07,206.68212890625,207.9262270462006,205.78941328152936,206.6916206394848,9388000.0
2020-01-08,207.03350830078125,209.5501942336473,205.43802766965,205.70394110817188,11959100.0
2020-01-09,210.6233673095703,211.8579737744501,209.7116681754289,210.3574538545127,13122500.0
2020-01-10,212.5702362060547,214.5930912181421,210.89022839675087,212.6367073214513,12296000.0
2020-01-13,218.8856964111328,219.5124985800529,215.61874333927784,217.29970752276512,17544800.0
2020-01-14,215.096435546875,218.59605946240524,213.56742594770589,218.4773475820076,17266900.0
2020-01-15,213.7383575439453,216.3595250570941,213.102063623474,215.24836913840093,10743400.0
2020-01-16,212.67469787597656,214.94446831705807,211.52556056466955,214.91597862672123,13700500.0
2020-01-17,215.9891357421875,216.53046887013704,214.01378281351967,214.53610349195992,12956200.0
2020-01-21,211.07920837402344,211.4021156917545,209.62617616341896,211.259652745086,15831100.0
2020-01-22,211.1836700439453,214.2321973344322,210.83228753523585,213.38696937396125,10059600.0
2020-01-23,208.106674194336,209.05636921353528,205.8653933693776,206.96702857833992,18519900.0
2020-01-24,202.997314453125,208.7714620254019,200.69430108682104,207.4988741518636,18143900.0
2020-01-27,195.1338348388672,197.55556001229448,189.4641544706016,191.09763104688693,24574700.0
2020-01-28,199.6543884277344,200.30018860402603,196.7483238624133,199.18904712265007,16196700.0
2020-01-29,201.35435485839844,203.2157490995667,198.9801171591146,201.8671838253171,12871900.0
2020-01-30,198.08740234375,199.30301089187657,194.71598189758143,197.4226186832428,14376000.0
2020-01-31,196.197494506836,197.47008238041565,194.4291628090384,196.11202543126632,18181400.0
2020-02-03,202.3800201416016,204.2034328913611,198.17286355151543,198.17286355151543,14118800.0
2020-02-04,211.66802978515625,213.0925723090344,209.39825927675824,210.21499757009624,16695100.0
2020-02-05,209.141830444336,215.29584988043047,206.5966403529071,215.1249117391592,15766100.0
2020-02-06,209.78761291503903,212.3992740805288,208.72395918664023,211.90544313016943,10790800.0
2020-02-07,205.637451171875,206.88154926687,204.07046026421773,206.5206750314456,13790300.0
2020-02-10,204.9156951904297,204.9156951904297,201.5252770683933,202.7598834725544,17420300.0
2020-02-11,206.28326416015625,208.9423986552951,204.4598369474951,208.8474378468665,16073500.0
2020-02-12,213.0260772705078,214.17521456501817,209.13233657235216,210.00605420937043,18671900.0
2020-02-13,209.27479553222656,213.6813798526512,207.973717989862,208.9329047448145,28069700.0
2020-02-14,208.58151245117188,210.49039413825324,207.251930788556,209.9775652267611,10690000.0
2020-02-18,209.4267578125,209.7401589199324,206.56816641949445,207.55585739283205,12987000.0
2020-02-19,210.9652404785156,212.3138055996721,209.6451650472206,210.37643423311928,10798100.0
2020-02-20,207.0714874267578,211.30713342112293,203.44366013220773,211.30713342112293,14950100.0
2020-02-21,201.89566040039065,206.6536417149751,200.91747569113824,206.59664784129004,17681200.0
2020-02-24,195.78912353515625,196.8527772917656,192.3227281106706,193.31041901997548,19380200.0
2020-02-25,195.2667999267578,199.38847296833205,193.83276561723216,198.020909776924,18132400.0
2020-02-26,198.2393493652344,202.36102239210948,196.3874324302758,196.39693865511327,19482100.0
2020-02-27,194.71597290039065,199.40746871678647,191.7054413624029,194.69697494205485,22741200.0
2020-02-28,197.5365600585937,198.41027771990943,188.57239335625823,188.970307098518,31251100.0
2020-03-02,200.3666534423828,200.49011843350905,193.5060574706848,198.09688289953183,21542200.0
2020-03-03,196.9762420654297,200.75602408175067,192.0663206883344,200.46162095237835,20813800.0
2020-03-04,201.29736328125,202.0001283233112,198.34381118256584,198.95161541712483,12474400.0
2020-03-05,200.822509765625,204.3268721201524,198.6192104242291,199.43594869854715,13462900.0
2020-03-06,194.3455810546875,196.58686179782745,190.98366718557529,196.3019504042292,21700500.0
2020-03-09,187.7167205810547,189.8345364119144,184.1743477331732,185.7793346308617,25502600.0
2020-03-10,196.007553100586,197.01422749550323,190.698761457234,195.19081480997824,19022600.0
2020-03-11,188.90383911132807,192.88306354697804,186.2446901682765,191.50599418081487,18908200.0
2020-03-12,175.78855895996094,180.90455991689905,174.67740300294705,177.11812622900845,30247100.0
2020-03-13,184.24082946777344,186.13072772914444,178.362215116164,185.0955491688261,23650500.0
2020-03-16,169.8529510498047,178.54265422211574,165.721772137017,167.28876303982878,26628500.0
2020-03-17,175.5131378173828,179.86274283441068,170.6507038554845,172.14171753110878,19276500.0
2020-03-18,170.94509887695312,173.2338672898037,161.4481489393446,167.14631890190972,22054200.0
2020-03-19,171.7808380126953,177.8303905880404,168.46639721160707,170.2423222427803,20905700.0
2020-03-20,172.17970275878906,178.82756761826977,170.94509638664644,178.29574074810256,21006100.0
2020-03-23,167.46922302246094,169.52056782529283,161.4006721824807,166.45305684598924,22554700.0
2020-03-24,176.40585327148438,179.30242603501583,172.06573999296086,173.87966099304734,20801500.0
2020-03-25,179.07449340820312,185.370976124876,175.2329787321335,176.47233828772664,19605200.0
2020-03-26,185.4944305419922,186.4441255224664,178.16278413343582,179.150460537003,15416800.0
2020-03-27,179.1029815673828,183.04422462202345,178.54266497964227,180.41356534111824,13376400.0
2020-03-30,181.64816284179688,181.8475906724832,177.60245295353025,178.04881075332676,12254400.0
2020-03-31,184.6966857910156,186.89047899664345,181.01187892036648,182.3414461688693,19084800.0
2020-04-01,178.12478637695312,183.1676643525256,175.7315509933747,179.96719693860982,17948600.0
2020-04-02,179.3973846435547,181.6766614010361,176.3507700713641,176.7192522052292,13412100.0
2020-04-03,177.6974334716797,180.96438661678263,176.08295485681717,180.5560102280469,9483100.0
2020-04-06,186.5675811767578,186.97595756507985,183.0062249014652,184.943610830294,13248700.0
2020-04-07,188.03961181640625,191.31605669981656,187.13740445593032,189.98648948345163,14934500.0
2020-04-08,186.1212158203125,188.8563419660581,184.13066177484325,188.36249652503287,13608000.0
2020-04-09,186.4916076660156,190.27140430412112,183.67101227878035,188.6569111665524,17821300.0
2020-04-13,189.4071655273437,190.24764035182795,185.6938547482825,187.46977968992263,16117900.0
2020-04-14,194.47854614257807,197.5080755922027,193.97520893841065,194.6399925579529,16757100.0
2020-04-15,197.6980133056641,198.6287103805868,191.18310479881245,194.46905598953424,10768100.0
2020-04-16,201.962142944336,202.52245951857537,198.6002145165078,199.9392879494765,16353800.0
2020-04-17,198.9611053466797,204.1654299636069,198.34475131205843,204.1654299636069,13558500.0
2020-04-20,201.45880126953125,205.22909150925125,198.82814211054173,199.31248133477345,19295400.0
2020-04-21,196.9097595214844,201.4588067258132,194.7159663711428,199.34097642387496,14107600.0
2020-04-22,199.39796447753903,201.33533586159064,198.68569324217964,201.33533586159064,13471100.0
2020-04-23,194.9154052734375,199.96777509282555,193.2249493478532,199.66388023096545,20424000.0
2020-04-24,194.0796661376953,196.11201280943828,192.6171422488017,195.5326982936464,14673900.0
2020-04-27,193.44338989257807,197.3276392262065,191.86689260855013,197.1092134190353,17286800.0
2020-04-28,191.0311584472656,194.8679346634779,189.375843526159,194.50704589796968,17203800.0
2020-04-29,196.3019561767578,196.6628449186744,192.3227317559689,192.7216019222576,19117800.0
2020-04-30,192.4746856689453,196.30195539460448,189.26471190244573,195.8745955389405,20107400.0
2020-05-01,184.6966857910156,187.45081007890897,183.15818447614856,185.90280253935504,22276200.0
2020-05-04,181.53419494628903,185.1905265228336,179.9956936708205,184.96259450412884,25709400.0
2020-05-05,185.2095184326172,188.2960271072096,184.4307615958693,186.50110418070983,22957200.0
2020-05-06,185.3519744873047,188.9038390630847,185.1240424666913,187.72621202670945,18598900.0
2020-05-07,186.6055908203125,188.1250942481735,184.98160586317945,188.03962516916567,16164600.0
2020-05-08,191.0691375732422,192.8070811458554,188.6853938712754,189.7490621152939,23819700.0
2020-05-11,195.06735229492188,196.24497934248924,192.19928375372407,192.5791559671608,17920700.0
2020-05-12,190.2333984375,197.5840427729572,189.95799327042155,196.5393725022556,17826800.0
2020-05-13,189.42616271972656,194.38355706913464,188.0206037480709,193.37688273213465,22429700.0
2020-05-14,191.17361450195312,191.6199723301696,184.2693275017505,185.66538037022383,20025900.0
2020-05-15,193.43386840820312,194.20313352191508,190.0339730997568,190.60378139845267,17209500.0
2020-05-18,204.45034790039065,204.6307922773309,199.7873417567517,201.81019683752947,23556600.0
2020-05-19,206.2737579345703,209.49322351156715,204.3648761381692,205.82740011048907,21438100.0
2020-05-20,205.8843688964844,210.0316910588572,199.986771169758,208.93289616667872,38324100.0
2020-05-21,201.4873046875,203.7855649627309,198.9896020762349,200.66106014244025,29850700.0
2020-05-22,189.65408325195312,194.5735107486065,188.97980793604285,193.0065053480916,51979300.0
2020-05-26,191.57247924804688,196.3969316547024,190.88869767915423,195.58019336359143,28683200.0
2020-05-27,191.0596466064453,192.778606850169,186.8525044157805,192.778606850169,23605400.0
2020-05-28,189.4546661376953,192.18977796122016,187.678726583336,188.98931035767248,18763200.0
2020-05-29,196.95724487304688,197.4226006384661,186.8050030352439,189.9389994239787,43179500.0
2020-06-01,196.17849731445312,196.7767952927779,193.6807949010044,195.5421889309852,16169700.0
2020-06-02,203.54812622070312,203.77605823208216,196.7483067054468,196.7863026196076,22485800.0
2020-06-03,207.61282348632807,207.95471426425783,202.9973052298748,204.75424676752385,19999500.0
2020-06-04,207.0714874267578,208.932895966953,205.43802539018867,206.3497244575205,14962400.0
2020-06-05,208.50555419921875,209.4932306896512,207.69830759834093,208.93291407977893,11983200.0
2020-06-08,207.98321533203125,209.3127826016022,204.49783624783072,208.5530381568168,12731200.0
2020-06-09,209.61669921875,209.61669921875,205.3240733995769,205.4285404380257,14140100.0
2020-06-10,212.4277801513672,213.6813845632458,209.50273217270976,210.83229943573588,13372400.0
2020-06-11,204.412353515625,208.88540877394027,202.8168584075312,207.0335064538991,15560300.0
2020-06-12,206.69161987304688,208.4580531582728,203.12077187860123,207.5083581552738,12716500.0
2020-06-15,206.1122894287109,206.76758124877983,202.0475962889849,203.33918197299465,17419900.0
2020-06-16,211.4210968017578,213.52942086642787,209.02787582931805,209.88259553501857,17212400.0
2020-06-17,212.96910095214844,213.6813721927911,211.30713472398227,213.1115494037988,12486700.0
2020-06-18,212.29481506347656,214.659560843001,211.70600879749847,212.48476565745275,10358800.0
2020-06-19,209.54071044921875,215.10592389429968,209.0183752854525,214.9919651280948,19545200.0
2020-06-22,210.27197265625,210.9082665649715,208.4058254659852,209.80661689112728,13303600.0
2020-06-23,217.24273681640625,218.6435427737773,213.23502265442104,213.79533924089105,18263400.0
2020-06-24,214.8400115966797,219.40804238835184,212.9710095684464,216.8153790049264,12159500.0
2020-06-25,210.9842529296875,213.38698021436485,209.7591382167025,213.29200491417205,14953100.0
2020-06-26,204.8587188720703,211.079209651968,202.75988650449244,211.03173649398693,19340600.0
2020-06-29,204.20343017578125,205.60897476793008,201.1644089665961,204.2129219092863,12333000.0
2020-06-30,204.84922790527344,205.5425012630677,202.18058702239128,204.88722382392348,12933800.0
2020-07-01,205.08663940429688,205.65646222037023,203.9375165298503,204.9536826793725,11788100.0
2020-07-02,212.351806640625,213.7051104153023,208.9898782438548,210.68984039967128,18128700.0
2020-07-06,227.9268035888672,228.38265313851008,221.1080003372743,221.57334162023616,33702900.0
2020-07-07,224.61236572265625,229.16141301915664,224.25149146624287,228.88599334612965,16491600.0
2020-07-08,244.7174072265625,245.48665787866227,231.74458419093204,232.54232453450248,39922700.0
2020-07-09,248.42120361328125,254.51825822296405,243.0364492310165,252.1914938962529,36803900.0
2020-07-10,247.87989807128903,248.72511153969427,242.84651173707547,247.1201246915187,20335000.0
2020-07-13,239.0097503662109,252.2959892698184,238.0695470543189,248.29778124326364,21568700.0
2020-07-14,236.0751800537109,237.1863214422447,229.0949161487223,234.1662983592344,19782600.0
2020-07-15,236.67349243164065,239.79798254089903,234.1377940818275,238.8292896033972,12614700.0
2020-07-16,230.301025390625,232.72275041152827,228.6295674953417,229.60775213461253,18032100.0
2020-07-17,234.70762634277344,235.4578790314231,232.1814341151347,234.1473097596253,18742400.0
2020-07-20,241.9917755126953,244.7079182260858,239.73149682332308,243.549289191298,19015000.0
2020-07-21,244.92633056640625,248.74412295064937,243.61574685136105,248.06981864471743,17120700.0
2020-07-22,239.0382232666016,243.378321784312,237.04387250583144,242.8939825619525,19682200.0
2020-07-23,239.2091827392578,244.6984187144309,236.17965335164303,239.41811679986543,25712000.0
2020-07-24,236.4740447998047,236.92989432260703,229.72171306141547,232.63728354142765,17221500.0
2020-07-27,238.2404937744141,240.14937555161,233.4445310155611,234.6791374422752,18966900.0
2020-07-28,236.5215606689453,238.99075916235748,236.02771517378417,238.5159116261786,9878700.0
2020-07-29,239.75050354003903,241.5074451135458,237.51872895042325,237.74664647956425,11493600.0
2020-07-30,240.0259246826172,241.0895784683263,237.0628663648338,239.0382337462908,7032900.0
2020-07-31,238.39244079589844,241.6024000127789,235.6193331599872,241.4124639127403,12304100.0
2020-08-03,244.9643402099609,247.53800564566103,241.2225394448626,241.24153740314125,11530300.0
2020-08-04,249.01004028320312,249.35191657123,245.80006655001355,246.9966625404989,10994500.0
2020-08-05,251.583724975586,252.59610896474084,248.5874381830292,250.4725689892068,10673800.0
2020-08-06,252.31497192382807,252.33398437340853,246.1609665974472,250.1686808359055,10359500.0
2020-08-07,239.4181060791016,244.7933830500453,235.1159890540248,244.46098401636408,22529600.0
2020-08-10,235.6478271484375,239.0857184427857,233.7199474400516,236.7969499939072,13621700.0
2020-08-11,235.92323303222656,240.15887915990007,235.3629164532945,238.64885307821456,10681800.0
2020-08-12,242.3526763916016,243.19788989525105,236.17015248807624,236.7114856095372,11112300.0
2020-08-13,240.9566192626953,244.04312804732425,240.15887893163207,243.49231769339664,8794500.0
2020-08-14,241.1940460205078,242.9034999592249,238.98125487916784,242.6375865122241,7876400.0
2020-08-17,244.0336151123047,244.4277466459582,237.50447658478828,240.2728310885961,9760000.0
2020-08-18,246.16094970703125,248.269273715915,243.178893566787,245.6955794601325,13267800.0
2020-08-19,247.4810028076172,248.1458008635988,244.4324901422401,247.76592868120488,14096500.0
2020-08-20,244.9928131103516,245.85703901284384,241.39346105104644,243.967155292742,21460800.0
2020-08-21,252.4289093017578,253.9769167269703,245.3157033108804,245.9994848428028,25648200.0
2020-08-24,262.1347961425781,263.03701796032755,257.9561440558034,259.49464527563674,22475800.0
2020-08-25,271.6127624511719,274.5758061316385,262.1538086291305,264.072182042153,27535500.0
2020-08-26,277.27294921875,277.7668091766245,269.808360292088,274.7087900607084,19530300.0
2020-08-27,269.8748474121094,275.6489803991395,267.9089717589151,275.57301754955927,14805800.0
2020-08-28,274.4618530273437,274.9367005239308,269.3050161701817,270.7485421261457,9681500.0
2020-08-31,272.5909423828125,274.64228696807817,269.342972877211,274.10095388674625,13253800.0
2020-09-01,283.00909423828125,283.00909423828125,274.3383747339999,274.6517902966839,13797100.0
2020-09-02,281.1761779785156,283.9587770993345,275.2120951238185,283.9587770993345,12638600.0
2020-09-03,268.288818359375,276.10765835956664,264.1671458313159,274.46183541897125,16766200.0
2020-09-04,267.2347106933594,269.5044668486014,253.93897966188936,265.5347483964084,15885800.0
2020-09-08,256.4366455078125,260.1879525269188,253.1791984606268,256.6361023345001,12734000.0
2020-09-09,259.4091796875,261.77393991119527,257.25338250245807,260.64380055901097,9465700.0
2020-09-10,254.0908966064453,263.16050163671173,253.94844814678515,261.0711609537204,10676800.0
2020-09-11,257.9466552734375,260.71977753572355,254.63222886629063,258.91536276060503,9412800.0
2020-09-14,260.3114013671875,262.3912357043846,258.08911857861887,261.50799734109927,7883300.0
2020-09-15,263.97723388671875,265.0599001794809,260.97619398371404,264.0152298046385,8291400.0
2020-09-16,264.1481628417969,269.33824217797434,264.01519163949627,266.8927661300844,9583500.0
2020-09-17,261.84991455078125,262.0208527002243,258.6219136676579,259.3711954542889,8016900.0
2020-09-18,258.7064208984375,263.32192473096603,256.9399731107251,262.0968390365887,11753500.0
2020-09-21,260.04547119140625,260.42534336474165,252.99872209912,255.5629099883148,9076400.0
2020-09-22,261.4415283203125,262.41971294986286,256.4651071234014,262.134787078241,9673300.0
2020-09-23,259.2192687988281,263.8537561779809,257.8421994189194,261.54600422182875,7353200.0
2020-09-24,256.1612548828125,257.604780917333,253.8857892650825,254.4517864126351,9562100.0
2020-09-25,257.45281982421875,258.1366013987917,251.25131249495809,254.109903783191,11466600.0
2020-09-28,262.12530517578125,264.81292905771363,260.40540326356535,261.6694411787261,8761700.0
2020-09-29,262.9990234375,265.2497958993391,261.07114379046067,261.5744809697648,7673300.0
2020-09-30,279.1913757324219,280.1600543000686,269.43798851364977,269.7229144328831,24777700.0
2020-10-01,275.45904541015625,280.7203642502644,273.7496058650148,280.4069776271995,16304000.0
2020-10-02,273.67364501953125,277.2910245508039,272.09714770271665,272.2016002503736,11482800.0
2020-10-05,273.7685546875,275.41153739597087,270.5491038556796,274.5188218182341,17876400.0
2020-10-06,277.68133544921875,281.907460817206,272.47699640641787,272.9518439072518,15860400.0
2020-10-07,281.5845642089844,284.4431553999399,278.1371667620932,282.9996004680809,16669300.0
2020-10-08,285.4213256835937,287.0927690717311,280.5788321068647,283.1135449503446,15105800.0
2020-10-09,284.6615600585937,287.38717997597723,282.76217012509835,283.53142072957274,11442200.0
2020-10-12,290.9295654296875,294.0635763472122,286.1288641174332,288.6598094301874,14780100.0
2020-10-13,293.246826171875,294.414961476374,287.78607982446186,290.9485514786243,10898500.0
2020-10-14,285.89617919921875,294.36744202193245,285.66823270053374,293.45574297436286,15157800.0
2020-10-15,284.3956604003906,284.77840186579164,277.8902437666355,279.0203831503888,9709900.0
2020-10-16,291.85076904296875,294.4054509195393,287.71011274158377,288.69777467734684,12338000.0
2020-10-19,289.9324035644531,298.0237947791549,288.1469722724672,294.3010064950243,14107300.0
2020-10-20,294.2250061035156,296.11488988218287,291.613344849325,292.1261882652175,8806100.0
2020-10-21,292.4775695800781,298.2042292565045,292.2211623643783,296.0674155118321,11139700.0
2020-10-22,290.87255859375,296.16236624765725,288.90668315590534,295.79197131774936,8008400.0
2020-10-23,294.3294982910156,294.718847751246,288.76427030955864,291.81278325985863,6231400.0
2020-10-26,291.43292236328125,299.5907995610351,287.94755767612213,294.32950972486003,9350100.0
2020-10-27,301.186279296875,303.2566073935702,290.23626837517105,292.2686295400597,13175900.0
2020-10-28,292.4490966796875,297.7293988510866,290.6066859599123,297.7293988510866,13644500.0
2020-10-29,296.836669921875,299.70473841759144,293.3702889328475,293.8736261287075,11174500.0
2020-10-30,289.3625793457031,295.1936917255352,285.0889517352728,293.0283882288795,14918500.0
2020-11-02,295.20318603515625,295.77300882335953,290.0273657497546,295.30766755448246,11857600.0
2020-11-03,271.20440673828125,279.47624203150264,266.6553595961493,271.80271922244697,58132500.0
2020-11-04,280.8343200683594,284.12028586657664,270.9479909457882,273.3127513699793,28791200.0
2020-11-05,273.27471923828125,276.598651531362,265.5347112665854,274.547306981174,50065200.0
2020-11-06,284.8610534667969,285.7537691688237,275.20835119347595,276.82661214855574,25259600.0
2020-11-09,275.9148864746094,288.70727925070435,275.88639678397897,288.4888389676104,22559900.0
2020-11-10,253.13169860839844,265.91458444560743,251.03285191384649,265.8860947565696,61064000.0
2020-11-11,252.2864532470703,258.24105902788324,248.06505231257088,248.74410969441635,41699000.0
2020-11-12,251.013900756836,257.5573136778422,249.807798455808,257.40535898928545,27119100.0
2020-11-13,247.71844482421875,252.08704770009325,244.2330803410139,251.40326612837035,33942800.0
2020-11-16,245.3157196044922,249.3614296856105,244.10011113171188,247.3195911782113,20864200.0
2020-11-17,243.8816680908203,247.1866171744017,243.63476709511704,247.1866171744017,19739500.0
2020-11-18,242.96046447753903,245.31570393167905,239.8454661536521,244.79338329422345,28307100.0
2020-11-19,246.81626892089844,248.25028878755265,240.8046828180841,242.1722460555777,20752800.0
2020-11-20,257.12042236328125,258.6684298946405,248.7251218015849,250.6909974634606,34178400.0
2020-11-23,256.5221252441406,261.8594359617738,253.00922724155112,260.9287243457323,25317100.0
2020-11-24,265.8765869140625,266.493882827718,259.0767676753221,262.3389674710511,20660500.0
2020-11-25,263.7492980957031,265.27829314306206,260.2639046731476,261.830924618189,15229300.0
2020-11-27,262.5716857910156,264.888943925116,261.7986094787737,264.7749561791444,9583200.0
2020-11-30,250.11167907714844,255.43948347692145,249.3139386982977,255.43948347692145,30476100.0
2020-12-01,250.7289886474609,252.3054858405835,248.4117305064752,252.1155352457912,14573100.0
2020-12-02,248.1743011474609,249.86475706631165,247.025149344995,248.82008678333847,13919700.0
2020-12-03,253.48312377929688,255.08811082423583,249.9027836695685,250.51057346550584,15520500.0
2020-12-04,253.8059997558593,257.652253079689,252.8752881818397,257.38633962745376,15527600.0
2020-12-07,250.719467163086,252.59036737659093,249.38990002763848,252.33396017337995,11388700.0
2020-12-08,252.704345703125,254.89813889209927,250.5960215885065,251.85913220178995,9447700.0
2020-12-09,250.529525756836,254.43278722080905,249.8647566559564,254.10038817917385,9060700.0
2020-12-10,251.54571533203125,252.70434441582745,248.0603508384685,248.81058903701137,10290300.0
2020-12-11,251.2323455810547,251.97310658711564,249.29495949505144,250.994921810107,7771300.0
2020-12-14,243.15040588378903,247.7326957800024,243.15040588378903,247.22460548507044,18369900.0
2020-12-15,242.2767028808593,242.81802151968247,239.60806212992625,242.4951286831076,16595600.0
2020-12-16,248.71563720703125,249.9407228884558,244.1096106652664,244.7743797751513,15804800.0
2020-12-17,251.1278381347656,251.5267227810464,247.11064689363468,251.3842743296572,14306600.0
2020-12-18,246.92071533203125,251.57421532450243,246.160970877813,250.62452026553308,15981800.0
2020-12-21,247.3290557861328,247.3575454761336,241.69737153098805,242.33366542633053,10901800.0
2020-12-22,242.96046447753903,245.34419362131496,242.5615943314408,244.89783582875845,11468400.0
2020-12-23,243.29286193847656,244.40401785805767,239.82648093089523,242.6470762841792,10729200.0
2020-12-24,210.8322906494141,218.3348753760456,200.6040714103739,216.75363957230107,141830000.0
2020-12-28,211.1741943359375,213.67189698345967,204.48834748286689,205.9698694593816,73512100.0
2020-12-29,224.3749389648437,227.15755289344392,218.0499811800068,220.10131139852896,69715900.0
2020-12-30,226.3977966308593,231.14627176007005,222.8411933962633,231.10639198847707,44812300.0
2020-12-31,221.0225067138672,226.9011209074852,219.40517339469656,225.5145743638245,23451800.0
2021-01-04,216.3880157470703,218.7907429844172,213.7193605726612,215.10592167570363,24897900.0
2021-01-05,228.30667114257807,228.6485619206372,216.6444177560684,217.5276416373858,35823800.0
2021-01-06,216.1600799560547,226.3123218446728,214.4981137027762,223.1308377919185,37146100.0
2021-01-07,215.4857940673828,218.3823667742812,209.01837330500064,217.77456254162024,49361800.0
2021-01-08,224.3084716796875,226.59724018217443,215.27971742658832,216.41650829104864,34884900.0
2021-01-11,215.93214416503903,219.21334207811137,214.4981099541025,218.33487131849188,23036900.0
2021-01-12,214.251205444336,218.1924340385428,213.8143393526156,216.8960951004385,18969900.0
2021-01-13,223.4632263183593,228.3921454646192,214.90646547996872,218.3728607683255,38805100.0
2021-01-14,230.7568817138672,233.3400532135127,229.3228475138121,232.9696727517133,31381600.0
2021-01-15,231.21275329589844,234.5651755187879,229.96864066134987,233.8623959952104,21561600.0
2021-01-19,238.99073791503903,240.1588731838485,234.5651702846136,237.42374698143976,23681900.0
2021-01-20,252.134521484375,255.4679602776044,249.48489324695925,254.04341774817533,44640800.0
2021-01-21,246.92071533203125,251.2893183997689,244.92634991171693,250.84296056275755,20709900.0
2021-01-22,245.6101226806641,247.2340930580292,242.64707884042167,243.88167077972528,13518200.0
2021-01-25,248.2312774658203,251.8591192299397,244.8788553598122,250.3585849377104,19478600.0
2021-01-26,252.5429229736328,252.61888582613955,247.9843692986124,250.5295451022894,14681200.0
2021-01-27,247.1581268310547,252.5429103004332,246.8732299204597,251.79264312601083,16050400.0
2021-01-28,247.6424865722656,248.4117372319351,244.3850105759749,246.1324749446777,10244900.0
2021-01-29,241.0610809326172,245.87602699413804,239.60804875792425,243.1504070113552,14693000.0
2021-02-01,251.374755859375,251.66915897203413,242.3574070458424,245.78103875407223,15289300.0
2021-02-02,241.6973876953125,251.66918561594423,241.26052160075847,251.26082370449265,30534300.0
2021-02-03,250.1781463623047,254.7841728989897,248.1078182224805,251.3842775584707,29179700.0
2021-02-04,253.5305633544922,256.408137980156,252.19911232562643,256.01875956107,16763000.0
2021-02-05,252.30548095703125,253.0462418905565,249.96921041235143,251.29877760298768,11018700.0
2021-02-08,249.38040161132807,251.6691699936859,248.64914690953543,251.65018652772443,10721100.0
2021-02-09,253.084228515625,253.7585328788801,249.33295039952432,249.7698020142129,12432800.0
2021-02-10,254.31884765625,256.7975378456852,251.28931810312267,255.18307363677908,13090800.0
2021-02-11,255.40147399902344,260.4633646704267,253.75852016813204,255.23053585171544,15295800.0
2021-02-12,254.3758087158203,256.65507089397875,252.31495783650087,255.5534212283508,9355100.0
2021-02-16,257.0824279785156,260.49182928387296,256.7975021113738,257.3673248632684,16708700.0
2021-02-17,257.2059020996094,258.6171707631425,254.3378334325339,257.2629104673994,13262400.0
2021-02-18,251.203842163086,252.78981663622463,249.1334849669188,251.887623745352,15382300.0
2021-02-19,250.33010864257807,255.83835718759104,249.62734359709407,252.66635029349467,14718400.0
2021-02-22,241.22254943847656,246.40787644125703,241.22254943847656,245.01182351946304,14403500.0
2021-02-23,240.0354156494141,242.077254140359,229.4653054685005,234.86907243613305,15980300.0
2021-02-24,237.74664306640625,239.32314024591312,235.6193355385856,239.32314024591312,12831700.0
2021-02-25,228.0977478027344,237.74665288919192,227.9932952598593,237.4237600534064,17967300.0
2021-02-26,225.79946899414065,232.5802904445497,225.6950019686516,232.3238832384181,17470700.0
2021-03-01,229.53179931640625,230.57645517834192,227.22403280583129,228.92399506309204,14043300.0
2021-03-02,222.62750244140625,229.0664334480639,222.48505398642544,226.7776649967333,14644200.0
2021-03-03,224.3844451904297,227.5554666428485,222.65694972675635,225.5525660010265,13571700.0
2021-03-04,218.9047088623047,224.47941416447856,216.87236203646304,223.17833658412843,22964800.0
2021-03-05,222.1241607666016,224.53637966654324,216.8533506706555,223.57719294289,15988400.0
2021-03-08,215.286376953125,219.19911599009745,215.13442226459097,217.4991681971128,17138400.0
2021-03-09,226.160385131836,226.7302079747029,221.35017724665056,221.63984178065363,15291300.0
2021-03-10,222.5135498046875,229.18515163525893,221.88674760312028,228.8765036468375,10491200.0
2021-03-11,228.68655395507807,229.56027159724883,223.1783201759019,225.26764623250105,15162500.0
2021-03-12,220.2057647705078,223.6056744513132,218.1506234949427,221.9389696578488,17778400.0
2021-03-15,218.6957550048828,218.85720140971185,214.8779771946124,216.9198300605688,14499700.0
2021-03-16,215.5142822265625,218.2874044152597,214.1847150055673,216.596948452339,19336600.0
2021-03-17,221.6018218994141,223.77663150635803,214.4506198998382,215.10591175091568,16949500.0
2021-03-18,224.536376953125,227.45194749473947,223.71014695848947,226.5592318957931,14822300.0
2021-03-19,227.72735595703125,229.4463160666764,224.96755123441403,227.60390546197505,15959700.0
2021-03-22,225.19168090820312,226.5307543785792,223.1783320815017,223.99031727473127,12063200.0
2021-03-23,225.7140045166016,228.99044930457288,223.6531681456677,225.36262201062527,12295600.0
2021-03-24,218.0404815673828,225.3626367291664,217.70809699686325,224.91627889940904,15949900.0
2021-03-25,211.51608276367188,217.70809854920856,211.30714869330865,213.68138631907613,24819800.0
2021-03-26,215.8276824951172,217.7071326273836,209.3317721124492,210.83229196538056,22030800.0
2021-03-29,220.1962890625,220.69013453300428,213.77635591072848,214.1467363908077,18029100.0
2021-03-30,217.71759033203125,218.85722149441764,215.2388856705225,217.7365882905767,14828700.0
2021-03-31,215.3243408203125,219.8733879331542,215.0774253399778,218.32538046374432,16825400.0
2021-04-01,213.0735778808593,219.61697606928672,212.2568395739917,219.07564294547151,23497500.0
2021-04-05,213.9662933349609,215.1724100815977,211.3261423086637,215.13441416529625,14962100.0
2021-04-06,218.97119140625,220.3292483519556,214.38416264342737,214.65956782774097,18100400.0
2021-04-07,214.08026123046875,216.7109206354676,213.49145492345409,214.735553148248,18034900.0
2021-04-08,216.75840759277344,217.87904081752657,215.21989172820489,217.005323093686,12211300.0
2021-04-09,212.07638549804688,213.74785795165727,210.1865017458789,213.53892389495607,19763000.0
2021-04-12,231.73507690429688,232.5898111180875,224.74532096867387,225.9229480117829,57500300.0
2021-04-13,229.7217254638672,233.33056940127847,227.6323993394277,231.402689689648,20793000.0
2021-04-14,227.19552612304688,232.76073928831607,226.64470129542417,232.0769577430738,12405200.0
2021-04-15,227.0625762939453,228.8290095908779,226.1480224345172,227.9268022302888,11288900.0
2021-04-16,226.6826934814453,229.721714470764,225.85646349919804,229.721714470764,14418800.0
2021-04-19,222.96939086914065,226.4262800883833,221.09849056044547,225.4955830462168,11216000.0
2021-04-20,218.3159027099609,222.82695419702245,216.93883329463765,221.1554816348192,12093900.0
2021-04-21,217.8980255126953,217.9455131614562,214.69755796471355,217.79355848189968,14315900.0
2021-04-22,217.81256103515625,222.22863713037108,216.3595287978303,217.256983066204,11986200.0
2021-04-23,220.4052124023437,221.27893004383088,218.9141843299656,219.04714104733984,8967000.0
2021-04-26,220.99403381347656,221.74430101321457,219.20861698498888,219.8544026590555,7792900.0
2021-04-27,224.05203247070312,225.0112191602469,220.4052073144553,221.69679303535912,11646300.0
2021-04-28,224.81179809570312,227.1860355591241,224.44141763105728,225.61904462974445,9187700.0
2021-04-29,222.39956665039065,226.07489612971685,220.8990613127216,225.82796615701025,9552800.0
2021-04-30,219.33206176757807,222.0861860177444,218.91419364057387,220.1108186390308,9326400.0
2021-05-03,219.1041412353516,224.2894678536328,218.81447672306675,219.6359681201808,13620900.0
2021-05-04,216.4354858398437,219.8353956966373,214.10873597586703,218.6672748980393,13260500.0
2021-05-05,215.3718414306641,217.76507700476444,215.324353780112,216.53047054639225,10013800.0
2021-05-06,215.0299530029297,216.9483410750332,211.66803887827783,215.6852449106559,12247700.0
2021-05-07,213.9757843017578,217.2807189395264,213.72886881146803,216.4354909448006,10550000.0
2021-05-10,208.48654174804688,211.6585195634252,207.5653364407071,211.6585195634252,17266700.0
2021-05-11,210.2434844970703,210.2529762302742,202.2850357311233,202.9593255596865,13887700.0
2021-05-12,208.83792114257807,213.9567765256475,207.9832014536304,213.43445587751023,20366900.0
2021-05-13,195.713134765625,204.65925935195017,194.10814800014384,202.42747044885007,51693900.0
2021-05-14,198.9705810546875,200.3286523501597,195.6561549985782,199.363756149801,31626800.0
2021-05-17,200.43313598632807,202.4274868248254,198.9041264312156,200.0200209730393,20529800.0
2021-05-18,202.96881103515625,204.34586584943824,200.78450969636657,201.81018200739464,19519400.0
2021-05-19,201.84815979003903,202.19955677815105,199.54989973298115,200.4806112245264,17030400.0
2021-05-20,206.07432556152344,206.6821297886437,201.93365473576813,202.28028414026272,19123400.0
2021-05-21,200.442626953125,205.02965560092093,199.3124875700338,204.402853414992,22825500.0
2021-05-24,199.85382080078125,201.34483443537,198.20134626177327,199.4644423676685,15884200.0
2021-05-25,200.5091094970703,203.2822171513484,200.39513624333583,202.12358809488487,14116100.0
2021-05-26,201.1264038085937,202.99730409805628,200.8984717941796,201.62024926089336,9405800.0
2021-05-27,202.03811645507807,204.6212879752276,201.83867413197444,203.39617332872376,18680200.0
2021-05-28,203.19674682617188,203.73806543608825,201.39231764699443,202.05710124303008,10401500.0
2021-06-01,208.4390563964844,211.9054518720346,207.261443860375,211.8009848414576,23052800.0
2021-06-02,208.54351806640625,208.8759171072968,206.5206776044241,208.3915633910737,13126400.0
2021-06-03,206.121810913086,207.69830820179183,205.42378445937075,207.0335245533004,12448100.0
2021-06-04,208.002197265625,208.05917664547445,206.2167660773001,207.29941776802588,8999100.0
2021-06-07,205.98883056640625,207.4133730032173,204.83970778244785,207.0335008165457,9928600.0
2021-06-08,204.9631805419922,207.2519344640129,203.9375082096231,206.35921885114377,9443000.0
2021-06-09,202.5889434814453,205.67545221812463,202.5794372571211,204.383866444051,10233600.0
2021-06-10,202.3515167236328,203.99448498457744,201.5347784596542,202.7598786100244,10735900.0
2021-06-11,200.9934539794922,202.7219058761925,200.3856497447484,202.71239965160223,12276600.0
2021-06-14,203.17774963378903,204.3411173084328,201.567067733103,201.57276277297711,10773100.0
2021-06-15,199.4929351806641,203.7000916883877,199.0940650080124,203.3961823237792,12167000.0
2021-06-16,198.7901763916016,200.9744634308936,197.75120107211987,199.19853831055207,10917800.0
2021-06-17,200.9554748535156,201.80070285355,199.21753120354003,199.34098170386224,11233700.0
2021-06-18,201.6202545166016,203.0827784630956,199.99626966535808,201.3448348472722,13724600.0
2021-06-21,200.442626953125,201.1264085211937,198.4767658133244,199.9582877137413,9273800.0
2021-06-22,200.68955993652344,201.01245276761543,199.30299882184005,199.8348257180377,11092100.0
2021-06-23,204.0514678955078,205.44752070217527,202.4084996061356,203.4151739856492,13785800.0
2021-06-24,207.39439392089844,208.53402499619384,204.71624712731864,206.0743184812021,13488200.0
2021-06-25,217.0053253173828,218.6672917038398,209.97758753684343,210.5569021140564,27383900.0
2021-06-28,217.0907745361328,219.27507591388647,215.31484953997088,217.95500045591464,13564900.0
2021-06-29,217.8980255126953,218.08796161654303,214.2530984971684,215.2958559672741,10273800.0
2021-06-30,215.3718414306641,216.5114725879321,214.3271710833038,215.57128376650425,9348600.0
2021-07-01,210.7088317871093,217.3377135338889,210.4049369127609,216.59695256936908,13316400.0
2021-07-02,206.79608154296875,208.45804775513955,205.57098139698024,208.1351549403761,12989200.0
2021-07-06,200.9554748535156,204.56430438729183,198.84049926113096,204.4883415368764,23719900.0
2021-07-07,197.5365600585937,201.3828277079737,197.36562191431696,200.9649595892585,18340400.0
2021-07-08,189.7965545654297,192.10430649636345,188.28652847810213,191.56298787317485,33992500.0
2021-07-09,195.5802001953125,196.8413979993775,191.3635518702501,191.8858870440657,16911300.0
2021-07-12,195.14334106445312,196.0692995643285,192.80709928172263,193.64282109846675,11259500.0
2021-07-13,198.9705810546875,202.1045772453517,197.7169912731387,198.7046676315955,17375900.0
2021-07-14,200.86050415039065,205.4665309640295,200.4141463152052,204.65928437072893,19484200.0
2021-07-15,203.9564971923828,205.70394704175504,202.4379357834796,204.28889624572108,14283600.0
2021-07-16,201.43032836914065,204.3743743654894,200.82252410934245,204.0419897886353,11150200.0
2021-07-19,198.4007873535156,198.56223376573223,193.0160184037663,195.73214670293115,15865800.0
2021-07-20,199.99627685546875,200.86050282779223,197.03037817460287,198.48626520571435,9986800.0
2021-07-21,200.46163940429688,201.1929086740848,197.93544701135448,198.62872036283824,7650300.0
2021-07-22,203.2727203369141,205.50450948125115,201.9051716495545,201.94315307509387,10563100.0
2021-07-23,196.1405029296875,196.482393701908,193.31990768166733,195.91257091780872,25539900.0
2021-07-26,182.11349487304688,188.58566815071453,181.2777731872225,188.3909789507865,55736800.0
2021-07-27,176.7097625732422,177.49799670206917,170.6317056388738,174.35450844671627,59265700.0
2021-07-28,186.14971923828125,188.03961758130788,180.2141252489723,180.66048307626403,34535200.0
2021-07-29,187.60275268554688,191.02166064169955,185.1050645729096,190.9314384531902,23363200.0
2021-07-30,185.3709716796875,186.18295685727605,180.9074080222776,180.99287709545607,17250600.0
2021-08-02,190.02447509765625,191.9048816909435,186.37764965990493,186.39664761804207,17889200.0
2021-08-03,187.4508056640625,187.5077850460569,182.3414418743588,185.2000186369128,20115900.0
2021-08-04,190.61328125,193.04923664279644,187.00443751413096,187.5552623282916,22327300.0
2021-08-05,189.2552185058593,190.2144052393592,187.697719284971,189.24572677268657,9881400.0
2021-08-06,186.51060485839844,189.2932188092869,185.83631501640824,189.2267332019488,11967700.0
2021-08-09,185.42794799804688,185.66537174708407,183.12019611317928,184.79165408957067,14657200.0
2021-08-10,185.8837890625,188.4669604935296,185.2598416811436,187.346327404948,9983700.0
2021-08-11,185.0575714111328,187.01394082564656,184.9341064218609,186.7100459559259,8985100.0
2021-08-12,182.0185546875,183.27214460379813,180.14290118863713,181.55319890147013,12873400.0
2021-08-13,179.1314697265625,179.73927395866738,177.31756325479694,179.1219779932094,15377000.0
2021-08-16,173.51878356933594,176.89018929910858,172.37913795179455,175.69357879012531,21020700.0
2021-08-17,164.99050903320312,168.9412437288272,164.43968419178665,167.070343411132,40558000.0
2021-08-18,163.679931640625,166.53850824445556,163.45199963410755,165.3418978154278,34339800.0
2021-08-19,152.47354125976562,158.8497980347361,151.48585030510688,158.31415994739416,66663000.0
2021-08-20,150.01382446289062,158.5325750474146,147.67756845082243,155.8639344891775,75948900.0
2021-08-23,152.9578857421875,153.3472641989951,145.1134096763781,151.2674296759264,88699200.0
2021-08-24,163.0626220703125,165.39127017543365,159.69880993454169,160.5364299936118,62786400.0
2021-08-25,160.59344482421875,161.077784101203,157.725361607229,160.2135580951357,26055400.0
2021-08-26,156.92759704589844,159.97610968713118,156.5287269101855,159.03592097123453,18816500.0
2021-08-27,151.44786071777344,153.63216208584697,150.57414306878312,151.94170616848814,31718100.0
2021-08-30,154.12599182128906,155.07568680063108,150.27023252375176,152.1126431022665,23769400.0
2021-08-31,158.58956909179688,160.49845077471315,157.7823225665702,159.2638444089763,24629100.0
2021-09-01,164.5631561279297,165.99719042808718,160.811863600935,161.03028940360352,29550200.0
2021-09-02,163.34754943847656,169.2166579218289,163.03414833142426,169.05521150144375,29302400.0
2021-09-03,161.73304748535156,163.404505324736,160.3844824403037,160.99702522894958,16423500.0
2021-09-07,166.3485870361328,167.9440677509332,164.64862479586728,165.38938576933836,24608500.0
2021-09-08,162.1224365234375,165.5983091393198,160.74536720853402,165.48435037882393,18993000.0
2021-09-09,158.90296936035156,160.53643137710048,157.25049489546984,158.883971403414,17295800.0
2021-09-10,159.64373779296875,163.0056517694159,159.17838201886113,162.58778364429,15064300.0
2021-09-13,157.0890655517578,158.46801885657788,154.81929490622855,156.2153478232692,15458600.0
2021-09-14,152.09365844726562,154.86582436275603,151.45736449439963,154.66733844250265,20925900.0
2021-09-15,149.91885375976562,150.0803001713392,146.17705312919114,150.00432283215238,31796600.0
2021-09-16,148.3993377685547,149.70897959818697,145.93963115856158,147.1267499268435,24358900.0
2021-09-17,151.99868774414062,152.31208883328185,150.1372791668401,150.50765963742597,25489000.0
2021-09-20,143.8693084716797,147.33568961084174,141.59003165489676,146.6329100563743,36177500.0
2021-09-21,142.6251983642578,144.90447522230036,142.04684021208163,143.95478015424848,19494700.0
2021-09-22,144.24917602539062,146.25303309747792,143.4229459950746,143.85030585588646,19832000.0
2021-09-23,143.5843963623047,144.9994327068631,142.08387645027383,144.90447189695516,24707500.0
2021-09-24,137.78175354003906,140.5548612252698,137.29741430264733,140.2794560489951,32067400.0
2021-09-27,142.6251983642578,143.3944635419851,137.1739579480059,137.6298075231357,24287400.0
2021-09-28,144.72401428222656,145.99660204992614,141.37159223486546,144.5055884991008,26299600.0
2021-09-29,140.15599060058594,144.4486160814479,140.06101530359155,142.8911168526319,17361300.0
2021-09-30,140.60235595703125,142.05538823360146,139.4760132151474,139.63366294225227,14291500.0
2021-10-01,136.94602966308594,140.98223381277825,136.12929130255912,139.6906479052288,20211000.0
2021-10-04,132.60592651367188,134.76172387675618,131.46628084313963,134.57178776206635,25218500.0
2021-10-05,135.93934631347656,136.5946382042089,132.1880538349669,132.36849820965503,14032100.0
2021-10-06,136.85105895996094,137.60321000060372,132.91932213435675,133.48913045489303,14875900.0
2021-10-07,148.1524200439453,150.32721521846432,143.1665212924664,143.45143269079003,46035900.0
2021-10-08,153.39474487304688,154.59135539066122,149.96634524471156,151.81824764977998,33499200.0
2021-10-11,155.70248413085938,161.25820538400234,155.70248413085938,161.07776102493827,42193600.0
2021-10-12,154.80029296875,157.39295639467937,154.0785299484258,155.58378848584334,24512700.0
2021-10-13,158.9789276123047,159.80041895457447,155.37009842298232,156.11085931899646,18595000.0
2021-10-14,158.39012145996094,160.48895366045744,156.1868367272645,159.79566591829462,17403700.0
2021-10-15,159.54876708984375,161.2582210640456,157.1127969880056,158.58958031405095,20762800.0
2021-10-18,158.42813110351562,160.73588305961667,158.20019908057392,158.20019908057392,18945900.0
2021-10-19,168.09600830078125,168.51387640271903,161.87550340045115,162.01796633949093,33538900.0
2021-10-20,168.26695251464844,172.9299584250886,167.26978436133592,171.8473067087872,33714400.0
2021-10-21,168.49488830566406,170.73616912714076,167.8206129581497,168.09601813716347,16444000.0
2021-10-22,168.76080322265625,172.9299638071656,166.9658802031567,170.0713869957244,20807300.0
2021-10-25,167.30776977539062,169.31162684533334,165.08548690859047,168.91275667625607,13119700.0
2021-10-26,161.4386749267578,166.10166684465415,159.05493095639824,165.70279664243557,17577000.0
2021-10-27,160.71688842773438,163.7749076323091,158.92196537210978,159.10240974927356,11801800.0
2021-10-28,161.24871826171875,161.78055966924467,158.38064960705773,160.01412627361003,12440100.0
2021-10-29,156.6427001953125,160.08059155857677,154.5343760744167,158.66555524159807,17155400.0
2021-11-01,161.60958862304688,163.2478182155784,157.45942631022697,157.4974077322705,17609500.0
2021-11-02,154.70530700683594,158.69403753026447,154.57235028880137,158.69403753026447,19072900.0
2021-11-03,157.87730407714844,158.26666801892097,154.90475405117368,157.04156782905935,13569700.0
2021-11-04,156.50022888183594,161.39116670804475,156.22482371463516,160.76436454534536,16669200.0
2021-11-05,150.74508666992188,156.50498929256432,150.3367247665464,156.50498929256432,22098200.0
2021-11-08,154.00253295898438,154.00253295898438,151.45734301724016,153.62739940499557,16223100.0
2021-11-09,152.13165283203125,156.20583823256163,151.51434235297145,154.00255324540947,14010100.0
2021-11-10,155.7214813232422,158.10521041885642,153.67964298754666,155.44606167406596,17216800.0
2021-11-11,159.40631103515625,161.09676697043818,158.18119637401642,158.18119637401642,16747500.0
2021-11-12,158.4186248779297,159.35882816996295,155.18016136323348,156.86492230919728,13741800.0
2021-11-15,158.16220092773438,159.98562810308877,157.33597090444894,158.8080010713382,9655700.0
2021-11-16,159.95712280273438,161.39117153524455,158.28566481007144,160.1185837059036,11887500.0
2021-11-17,153.4517364501953,159.8336887003415,153.02911517367235,159.56777523085185,18829500.0
2021-11-18,136.376220703125,141.02972084705402,134.75223572330495,139.51970913203346,61571500.0
2021-11-19,133.28018188476562,137.7627430762097,132.9572890891501,135.8443552761032,28575700.0
2021-11-22,129.747314453125,133.62207143938537,128.4082556383158,132.86231261030002,26390400.0
2021-11-23,126.9362335205078,129.96576280181011,126.60383448360686,129.18890431505352,24102900.0
2021-11-24,129.65237426757812,129.88029180870018,124.61898752731398,126.40441888581891,20010400.0
2021-11-26,126.64183807373048,127.24013608874348,124.6189830222204,126.2429534087936,14814900.0
2021-11-29,124.9893569946289,127.78146255659108,123.98268263363744,127.49655116413048,18648900.0
2021-11-30,121.1146011352539,124.713953268957,119.78502669772088,123.36633004736343,32625400.0
2021-12-01,116.32814025878906,122.6578583978058,115.76782367830675,121.91234433378332,29203800.0
2021-12-02,115.86279296875,118.71187804175206,113.33660072613446,116.83147870550756,34478600.0
2021-12-03,106.32785034179688,112.24445332484208,103.23184264181891,112.06400895792868,70266500.0
2021-12-06,117.3823013305664,117.59123539124988,107.72390485535612,107.9233399372091,43111400.0
2021-12-07,119.2247085571289,122.93801215805551,117.24934126146788,122.795563707655,38542800.0
2021-12-08,118.78785705566406,120.5827800972874,115.21700168510836,117.01192472673172,22275000.0
2021-12-09,117.67671966552734,121.33304423789434,117.01382711558196,118.36049402999625,23499300.0
2021-12-10,118.76885223388672,118.91130793043048,116.60354883233435,117.02141694336996,15008300.0
2021-12-13,116.09071350097656,117.04990746924852,113.72597500561876,116.8124837218464,15820500.0
2021-12-14,120.21239471435548,121.2285680734784,114.2483112798323,114.846616520797,17691500.0
2021-12-15,116.30914306640624,117.37279678584964,111.8455724010644,116.46109049249922,24893500.0
2021-12-16,114.20082092285156,119.3671639135452,112.9187341537104,116.16668923436072,22533400.0
2021-12-17,115.957763671875,116.68903291485768,111.8835710549088,113.4790590220732,19781100.0
2021-12-20,109.21493530273438,112.85226923480388,107.9755829209968,112.53886811629584,23970500.0
2021-12-21,116.79349517822266,116.79349517822266,110.73443639485998,110.97186014666956,18036300.0
2021-12-22,111.8835678100586,112.69081437225594,109.3573828285784,111.199786237448,24502000.0
2021-12-23,112.69081115722656,113.57402054345326,109.5853044778189,110.92437789357764,17563300.0
2021-12-27,110.72492980957033,115.6728468335016,110.26147966327692,111.87406706551268,17864400.0
2021-12-28,109.02498626708984,110.56348749277788,108.7115851857098,110.41154006415576,17052100.0
2021-12-29,106.45130920410156,108.45516623623396,104.82733162155974,108.07529403224125,21100500.0
2021-12-30,116.80298614501952,118.04709152334456,106.6507515112668,106.96414535494458,45437100.0
2021-12-31,112.81427001953124,116.72701603141684,112.62432667200407,115.13152814017782,24287000.0
2022-01-03,114.32428741455078,115.81530835197437,109.99368030877996,113.37459236534852,16775300.0
2022-01-04,113.54553985595705,114.78964532033976,109.94619468369552,113.5170501632518,20824000.0
2022-01-05,115.06504821777344,120.2503819825026,111.77909718334428,112.06400857796804,36651100.0
2022-01-06,120.25988006591795,121.94083709528802,117.25409440086644,118.00910746280884,32045800.0
2022-01-07,123.2799072265625,127.1451728823502,121.73189971934976,123.68828361726835,38113000.0
2022-01-10,121.84586334228516,125.9295544705272,119.8799951120843,125.35023997918132,23372200.0
2022-01-11,125.5401840209961,127.4775554395058,121.05762247411174,122.71009698636682,23616400.0
2022-01-12,130.49758911132812,131.72268924467855,128.7643986918972,129.177513684641,25961100.0
2022-01-13,124.7614288330078,129.08254402697176,124.69495771772618,128.39876246044054,19887700.0
2022-01-14,124.95137786865234,127.601020537498,122.84305381335768,126.12899039205232,18614900.0
2022-01-18,122.13078308105467,125.4832052795705,118.5409298863878,119.91798474135732,26122200.0
2022-01-19,121.31404113769533,124.27709224054747,120.73472658958386,121.6559391738378,14665200.0
2022-01-20,124.43854522705078,129.87080224630154,124.10614615242793,128.94010512503317,28966400.0
2022-01-21,117.03091430664062,122.47266967119836,116.35758092089792,121.7793819096423,26341400.0
2022-01-24,114.31478881835938,114.70415999744654,109.51882620955934,113.31760617832047,28509300.0
2022-01-25,113.14665985107422,116.2996469091603,112.1019968174525,113.87792904652784,22224100.0
2022-01-26,107.66693115234376,114.846623460127,107.27945104807974,114.846623460127,27513200.0
2022-01-27,106.1664047241211,108.77806596931552,104.72286426924248,107.4200018319905,21472700.0
2022-01-28,109.43336486816406,109.5188339456115,104.52343590506467,107.55296546273902,18892400.0
2022-01-31,119.4621353149414,119.5381126541364,111.58916286940682,112.22545678256976,20346500.0
2022-02-01,120.82020568847656,121.56096666982508,116.78400171701752,118.53143713500911,15036100.0
2022-02-02,116.69852447509766,121.20957593706612,115.0745468182608,121.20957593706612,14050100.0
2022-02-03,117.25884246826172,118.96828911593128,114.6566802045972,115.4354298125084,16651500.0
2022-02-04,116.07172393798828,117.70520049557678,113.64050705912048,115.16950934157248,13538200.0
2022-02-07,109.04398345947266,110.6869590555334,107.88535435927692,110.25959194308848,28589200.0
2022-02-08,115.767822265625,116.0907150886208,110.92437920150276,112.21596498468172,22340500.0
2022-02-09,120.13642120361328,120.42133261063576,115.80581418869892,116.89795767588969,18253600.0
2022-02-10,117.7431869506836,121.88385040253516,117.1923621226748,117.86664468981756,16116600.0
2022-02-11,116.10021209716795,120.34534984602875,115.80580896995048,119.03002026098672,13889900.0
2022-02-14,115.78681182861328,116.22747459483908,113.3650939433828,114.49522605825123,13154900.0
2022-02-15,119.8895034790039,120.4260835115679,117.17147665530742,117.54375549933272,14634700.0
2022-02-16,119.2436981201172,121.16208601714048,118.24652274892968,119.29118576685842,17993300.0
2022-02-17,118.1705551147461,122.89053341709476,117.81536864510416,118.7118810022926,15906000.0
2022-02-18,113.00421142578124,114.79913448197756,111.30425642500732,114.79913448197756,21201400.0
2022-02-22,107.24905395507812,109.0724665704895,106.42281671734597,108.26522728981654,21755100.0
2022-02-23,104.20053100585938,109.59479860819224,104.08656500351805,109.30988722513764,24489200.0
2022-02-24,103.45027923583984,103.46926994825336,94.98849309561,95.03977743840387,35294700.0
2022-02-25,102.51007843017578,103.08939294745625,98.76827789146554,102.46259078295044,21428400.0
2022-02-28,99.89842224121094,102.0827164566625,98.42639205064296,100.63918320321616,23063500.0
2022-03-01,101.70284271240234,105.65357772592884,100.5252228411236,100.5252228411236,21218500.0
2022-03-02,100.1168441772461,101.98774446815712,98.0465088077666,101.98774446815712,20791800.0
2022-03-03,96.91637420654295,101.26597164542562,95.98566995153112,100.69615611478048,21725900.0
2022-03-04,95.53931427001952,99.13865914123616,94.33320482425243,95.2449111425578,24574700.0
2022-03-07,93.69691467285156,98.16047839346837,93.6399280443276,94.5516343991328,20679400.0
2022-03-08,92.5952606201172,95.83372398225636,90.76234901750531,94.32370519520212,23275500.0
2022-03-09,95.85272216796876,95.89071083963142,93.3740174953658,95.21642822021504,20853600.0
2022-03-10,88.24565887451172,90.88580985152043,86.25130079620712,90.4014706116908,37671200.0
2022-03-11,82.3480453491211,89.22383451655514,82.31955566091858,88.5685499511056,39341800.0
2022-03-14,73.8482894897461,78.30235436973503,73.20249656266051,76.6403880238411,69992600.0
2022-03-15,72.89859008789062,76.10855657327214,69.59364830621439,71.32209291305026,86209300.0
2022-03-16,99.69898223876952,100.42074520710338,82.73742930776318,87.3719382040865,159834300.0
2022-03-17,95.32089233398438,96.76442558492558,90.95228941946652,94.15276426435852,80663200.0
2022-03-18,102.85197448730467,106.11892045841792,94.58962339179378,95.4443503665843,83781800.0
2022-03-21,98.37889862060548,100.36376487876753,93.73489078958016,97.638137702125,58882900.0
2022-03-22,109.20542907714844,112.29193791351878,106.7172327447034,108.27473200863936,88193400.0
2022-03-23,111.3422393798828,117.86759578867942,107.01163251369547,109.87970821555164,81605700.0
2022-03-24,109.35738372802734,110.63947056441816,105.24520252518742,107.18258124831938,55850200.0
2022-03-25,107.3060302734375,108.13226748759573,103.89662888394736,104.96978156804926,42396500.0
2022-03-28,109.3003921508789,110.3830510977984,106.28986079274016,108.1322713789464,30168000.0
2022-03-29,110.83890533447266,113.58352337301862,109.9177000022884,112.40590357252644,28060900.0
2022-03-30,110.71544647216795,114.06026808008014,109.72776278812636,109.72776278812636,28381700.0
2022-03-31,103.32682037353516,109.3003956326995,103.24134405460384,109.24341625047728,31240200.0
2022-04-01,104.65638732910156,112.96621867655377,104.22902747232892,111.70312981839544,55873000.0
2022-04-04,111.58916473388672,112.27294630687088,107.67167278046304,109.87971080142628,39088500.0
2022-04-05,105.41614532470705,109.2149253364082,104.68488336051762,109.2149253364082,35226000.0
2022-04-06,102.26315307617188,103.96310791562466,100.78163126450023,103.74467488784352,23739800.0
2022-04-07,99.0247039794922,102.120712005826,97.44821389568196,101.31347262735945,26814300.0
2022-04-08,98.3219223022461,101.11402792400492,98.13103702695172,99.22413690062832,20814900.0
2022-04-11,96.44153594970705,98.69230859792027,94.17176534281616,96.00466984730112,23504100.0
2022-04-12,94.73207092285156,97.18228562401004,94.39018016242956,96.09013498630632,23953600.0
2022-04-13,94.99798583984376,96.25158289920373,93.2695412997323,94.24772595078473,18330400.0
2022-04-14,90.68637084960938,94.27717310344336,90.51067959837656,92.39582469748795,20931200.0
2022-04-18,89.94561767578125,90.48694356662244,87.20099954995153,89.05290200661925,19159200.0
2022-04-19,88.7964859008789,89.22384576900753,86.37476065988842,87.64735577633931,23870000.0
2022-04-20,84.91223907470703,88.98642451952176,84.77927509991467,88.77749769192992,20949700.0
2022-04-21,81.66426849365234,85.48204633302358,81.1039519388816,85.04518751601648,25639000.0
2022-04-22,82.13912200927734,86.11834654684677,81.96912578555148,82.14862098844812,25130300.0
2022-04-25,81.52182006835938,81.83522117554924,77.68505842110704,78.53977817439105,24674000.0
2022-04-26,79.76487731933594,81.90169097016617,79.0905947701012,81.5503084736565,21194600.0
2022-04-27,83.87705993652344,84.91223122740811,80.51513885417502,81.02797501035676,29351600.0
2022-04-28,86.33677673339844,86.40325509419476,82.56648638892644,84.16197429363606,17707500.0
2022-04-29,92.20588684082033,98.312426164008,91.79752493433216,96.4225350860268,44933400.0
2022-05-02,96.11863708496094,96.22310412222156,90.36348728415844,91.56010510012672,25479500.0
2022-05-03,95.33038330078124,97.5241837194221,94.42817593189814,95.09295954627538,15216100.0
2022-05-04,96.30857849121094,96.46052593148856,91.75003935331132,92.80420143838064,17740600.0
2022-05-05,89.8791275024414,93.51646081951664,89.31881097220857,93.01312366643364,18673100.0
2022-05-06,85.52003479003906,89.13837030051788,84.2474397648601,88.66352281638795,18568600.0
2022-05-09,80.5721206665039,84.14297591053428,80.18274948255049,82.5807308169198,23338600.0
2022-05-10,80.31571197509766,84.1809706295593,79.30903751704474,84.1809706295593,23400900.0
2022-05-11,77.61857604980469,83.11730375993187,77.37165331940932,81.208422014177,24962400.0
2022-05-12,77.0107650756836,78.93865203710915,74.08570994421991,76.62139388832036,23833100.0
2022-05-13,83.56365966796875,83.91504942069342,77.8749887388608,77.9889547454304,20078400.0
2022-05-16,82.12962341308594,84.59882886249858,81.99665945259986,83.28824517917216,19644800.0
2022-05-17,87.36244201660156,89.72718781037487,85.03569213833075,88.08421225359248,27330300.0
2022-05-18,82.9178695678711,87.03005072805367,82.62346643136219,85.4725514807195,18991300.0
2022-05-19,83.27875518798828,85.55801734551346,81.42684562800196,81.8447137381605,20776400.0
2022-05-20,82.42402648925781,85.63399284725446,80.4676571892667,84.23794009605788,21020800.0
2022-05-23,82.8418960571289,83.01758730933643,80.49614830392531,82.68044240433527,13998200.0
2022-05-24,78.32135009765625,80.83804337030752,77.43813343202689,80.71457837951755,15214400.0
2022-05-25,78.16939544677734,79.84086072505335,76.99177564066377,79.50846891432751,23093700.0
2022-05-26,89.72718811035156,90.30649540293868,82.36705175188696,82.90837762004044,50825000.0
2022-05-27,88.71101379394531,89.74617787032986,85.82394011256031,87.57137544188399,26716000.0
2022-05-31,91.21820831298828,94.32370779755644,90.64838551235744,93.3835117694722,33790000.0
2022-06-01,88.6825180053711,92.05393821115943,87.25797548105454,91.07575350375777,23730900.0
2022-06-02,92.5952606201172,92.7187183591955,88.7015126482882,88.9579271050194,23228100.0
2022-06-03,88.52107238769531,91.17072237622614,88.3434827800241,90.36348305430624,15855900.0
2022-06-06,94.02930450439452,97.26776070478674,92.98938731428572,94.62760974932384,37287200.0
2022-06-07,99.07218170166016,99.2051384214641,94.41867477172894,94.96000062967292,35958700.0
2022-06-08,113.6025161743164,114.96532615272454,102.38661352775394,102.81398061633188,92337000.0
2022-06-09,104.3714828491211,112.27294502743196,103.93462401482576,109.21492594176682,72512300.0
2022-06-10,104.3144989013672,109.043983351709,102.7949882983491,107.94234088162015,49859200.0
2022-06-13,93.56394958496094,99.27161864748672,92.67124119886724,98.39790097360866,36396700.0
2022-06-14,99.93641662597656,100.73890288363503,95.757756817769,96.8593993447264,28567500.0
2022-06-15,102.5955581665039,103.16537376445892,99.13107527340232,101.4369290114896,24026100.0
2022-06-16,96.3465576171875,99.63250878762996,95.45384921857072,97.61915272142556,22357800.0
2022-06-17,97.09681701660156,107.07811372618696,96.22879437537372,106.87867864104676,73019300.0
2022-06-21,101.03804779052734,101.67624003129104,98.6448196420658,100.62967866153458,33975000.0
2022-06-22,99.86043548583984,101.71233792636998,97.89456703143162,98.98671778290245,24233000.0
2022-06-23,106.47030639648438,107.40100343341486,102.64398590185156,104.42846070950736,33228200.0
2022-06-24,111.70313262939452,112.14948320955922,108.55014540289768,109.49984043793404,27029900.0
2022-06-27,112.75729370117188,115.2739797252926,111.95004713204844,113.9349135054395,21724300.0
2022-06-28,110.88639831542967,114.84662501529544,110.64897454811498,112.99472252848004,18659400.0
2022-06-29,110.193115234375,111.19978966642816,107.98982301335415,109.98418116456814,13793900.0
2022-06-30,107.96133422851562,108.8350519408704,105.77703270203044,108.04680330564678,13836200.0
2022-07-01,110.16462707519533,110.75818648831596,107.23956454839308,107.91384717222635,16679400.0
2022-07-05,114.08686065673828,114.46674011556456,106.49879944161512,108.7495792575424,20989300.0
2022-07-06,113.12767028808594,113.9633992743493,109.69927078026812,112.9472259206436,20222700.0
2022-07-07,116.23316955566406,118.71187406580592,114.56170434005014,114.56170434005014,24202000.0
2022-07-08,114.81812286376952,119.50961106983488,114.6281795231692,116.10970859746138,27221400.0
2022-07-11,104.0580825805664,109.7657516536986,103.83015780556552,109.65178564339917,31249900.0
2022-07-12,103.7161865234375,105.41614138460692,101.67434089434587,105.2831846688147,22318500.0
2022-07-13,103.61172485351562,105.07425604843247,101.3799430138067,101.46541208740672,16861400.0
2022-07-14,98.54035949707033,103.07990063440614,95.64378672336532,102.37712833273277,35314900.0
2022-07-15,97.28675842285156,98.4263895281766,92.91815561271068,98.2839338286115,33572300.0
2022-07-18,97.9515380859375,101.57937256150564,97.77109372404144,100.55370026061892,20503400.0
2022-07-19,99.48055267333984,99.54703103446708,96.42253357029092,98.7397917220369,19842500.0
2022-07-20,98.73029327392578,101.76932168110442,97.67613122352792,100.89559675725177,21897900.0
2022-07-21,99.8414306640625,101.24698242287852,98.4643758409557,98.82525732503116,17865500.0
2022-07-22,95.54882049560548,99.43306981024654,94.66560380063451,99.06268931676824,18819800.0
2022-07-25,95.97618103027344,96.1756161246178,93.77288876746164,95.4443541120218,16604300.0
2022-07-26,96.33706665039062,99.9554024144506,95.73875414127336,99.06268676313157,28004300.0
2022-07-27,97.60964965820312,97.79009402442357,94.77956265292266,97.05882482649696,19366600.0
2022-07-28,95.49183654785156,97.51468431908498,90.80983983940418,96.79291407973868,33875400.0
2022-07-29,84.87425231933594,89.48027203053809,84.62732956857172,89.48027203053809,59201800.0
2022-08-01,85.79544067382812,85.98538401643071,83.5731579073602,84.70329724765325,36050900.0
2022-08-02,87.96075439453125,90.0975681660575,83.76309694558972,83.76309694558972,34430500.0
2022-08-03,90.9048080444336,91.45563289237606,86.3462690717203,87.37194142742048,23921700.0
2022-08-04,92.5287857055664,97.8185866552548,90.2780059090642,95.98567498441496,42517800.0
2022-08-05,87.90376281738281,89.43277227634044,86.16582655438661,88.38810927375758,27206100.0
2022-08-08,86.27029418945312,88.08421519865486,85.79544666816658,86.868606703457,16194100.0
2022-08-09,86.60269165039062,88.43560333850792,86.04236781791639,86.60269165039062,16744900.0
2022-08-10,87.78031158447266,88.27414981016281,84.10498922370108,86.5836938223799,17855400.0
2022-08-11,90.09756469726562,92.79469494270894,88.91993771391087,89.73667597034178,17521200.0
2022-08-12,90.00259399414062,90.03109093108625,86.83061610040626,86.90659344106527,17846400.0
2022-08-15,89.46126556396484,89.86963470133385,87.7328209641793,88.51157056967394,14425100.0
2022-08-16,87.98924255371094,88.86296020835867,86.80212381241856,88.02723122290404,12003200.0
2022-08-17,85.25411224365234,87.74231561436099,85.2446205110081,87.24847742975491,14491500.0
2022-08-18,86.17533111572266,87.30547060030432,84.06700684004196,85.52004642547492,13418600.0
2022-08-19,85.12116241455078,87.03955042105802,84.69380255188031,85.86193061976323,12364300.0
2022-08-22,85.50103759765625,86.30827687877563,84.80776432216223,85.0641787778222,15545000.0
2022-08-23,85.31110382080078,85.64349562258458,82.34805280433262,84.68430164121031,17345900.0
2022-08-24,87.86578369140625,89.41189292837313,83.14580533336205,83.47819715497103,22808300.0
2022-08-25,94.8650360107422,95.94768776579296,90.17354024179014,91.22770230522347,39170600.0
2022-08-26,93.0701141357422,99.5755237257025,92.69973364893148,99.566024746513,45773400.0
2022-08-29,91.74053955078124,95.8337301062515,91.62658078299523,93.98182042814923,18323500.0
2022-08-30,89.11936950683594,92.09191930005171,87.96074776874129,91.0377573391908,17865800.0
2022-08-31,90.61040496826172,93.65892510061477,90.14504919352024,91.79752373844272,16169000.0
2022-09-01,88.99591827392578,89.76516891132796,87.05853958935926,88.08421193629411,11929100.0
2022-09-02,87.18199920654297,88.95602577725727,86.20380732288214,87.15350227177434,12378900.0
2022-09-06,84.00052642822266,84.96921946159712,83.38323042637238,84.82676375132459,15573500.0
2022-09-07,86.04236602783203,86.28928875796818,83.34143175188147,84.06699867793866,12753300.0
2022-09-08,85.01669311523438,85.64349529240837,83.83907334534125,84.10498678574314,13291800.0
2022-09-09,87.50489807128906,88.22666831119945,86.15633288941284,86.46973398319473,10745500.0
2022-09-12,89.92662048339844,90.06906893472595,87.19149428834658,87.77080880907089,15604000.0
2022-09-13,84.9692153930664,87.54288805185571,84.741290614903,86.1943228497916,21149800.0
2022-09-14,84.44688415527344,85.26362249773088,83.73461285049765,84.95972036418381,10843600.0
2022-09-15,84.36140441894531,86.51246290797032,83.76309196133738,84.17146108097555,12188800.0
2022-09-16,82.08213806152344,83.8105826489932,81.12294409535683,83.2882475076159,19322000.0
2022-09-19,83.25027465820312,83.34998858462797,80.7240822533293,80.81905031274293,12822100.0
2022-09-20,81.48383331298828,84.26643993282636,80.73357339890522,83.52567175184467,19129000.0
2022-09-21,77.49510192871094,80.87602067955363,77.40013388839672,80.83803201430854,23847300.0
2022-09-22,76.64988708496094,79.09060308856895,76.1370508853517,78.47329985317273,19141200.0
2022-09-23,74.8359603881836,75.75715834712635,73.69632217042013,75.27281916903397,20492100.0
2022-09-26,74.94043731689453,76.91200075351493,74.81697232742351,75.91862202572936,17880600.0
2022-09-27,73.95275115966797,76.36497729330026,73.22148196299796,75.43427301906506,16975100.0
2022-09-28,76.91580200195312,77.38115780496811,72.44273907361416,72.63742830269604,20725400.0
2022-09-29,75.08287811279297,75.20634308966758,72.87958618656815,74.12369145970521,17913600.0
2022-09-30,75.96611022949219,77.66606535502461,74.69352225312194,74.77899133559514,17116900.0
2022-10-03,76.40296173095703,76.85407266353076,74.12369947137489,75.74767709184627,13249600.0
2022-10-04,79.87885284423828,80.75541808905315,78.19788851434171,78.82469073785525,18252000.0
2022-10-05,80.14476013183594,81.94918207333397,79.06210841605667,79.86934771352749,13194000.0
2022-10-06,80.07828521728516,80.96150189137866,79.31852628956669,79.8408614580729,11583600.0
2022-10-07,77.1532211303711,79.49896898098967,76.69261846760925,78.20738317858914,11632400.0
2022-10-10,75.25382995605469,75.77616510557667,73.79129878299099,75.75716714799522,14070900.0
2022-10-11,71.57852172851562,73.9242625206346,70.41039357670378,73.48740364756634,18387900.0
2022-10-12,71.92040252685547,72.82071149428774,70.30591674709305,71.13215397091486,13247900.0
2022-10-13,71.23662567138672,71.96788765069883,67.80822606027833,68.6059664013461,17563400.0
2022-10-14,69.34672546386719,72.30977646168287,69.11880069344993,72.22430738987558,13675300.0
2022-10-17,72.9080810546875,73.95275133816617,71.33159114201581,71.36957981101483,14487400.0
2022-10-18,72.49971008300781,74.68401139872205,71.28410168823027,74.08570617974179,14970600.0
2022-10-19,67.68476104736328,70.59083274244071,66.97248978067927,69.59365007084389,23094500.0
2022-10-20,68.39703369140625,71.17014871886133,67.95068310826478,67.99816351297439,19173400.0
2022-10-21,68.54898834228516,69.12830289688453,65.97056253851936,67.61828401413591,19526800.0
2022-10-24,59.97323989868164,60.87544723840112,55.09180462068104,60.20116466687223,101023200.0
2022-10-25,60.03971862792969,62.84986576495099,58.1783136879761,61.80615189488626,69302400.0
2022-10-26,65.06360626220703,66.28871367760108,59.75480746216618,60.17267557936663,52957400.0
2022-10-27,62.52791976928711,64.46529857655106,62.12904957986174,62.148047538747726,25812600.0
2022-10-28,60.53356170654297,60.92293651685739,58.71014539821273,60.02072553018768,28638000.0
2022-10-31,60.38161087036133,61.58772035290063,60.03972008487344,60.29613817398936,20645300.0
2022-11-01,62.54691696166992,65.00757285195421,62.33798289007471,64.5887627809892,27257000.0
2022-11-02,61.44526290893555,64.26585818642762,61.093880400080174,63.13572607617694,28298100.0
2022-11-03,61.92961120605469,63.51560014593542,60.21066554340538,60.22965625568748,23360500.0
2022-11-04,66.29821014404297,68.03615385128082,64.05692921184078,67.5897960116035,51292200.0
2022-11-07,66.20323944091797,68.26407590988644,65.2174540903784,67.71325830106217,26087600.0
2022-11-08,64.70271301269531,65.45297287733325,62.93627986214975,64.21837381492438,23870200.0
2022-11-09,61.57822036743164,63.42063098737887,61.540238943529786,63.088239186253816,22099300.0
2022-11-10,66.26022338867188,66.46915746823254,64.57926626369493,64.60775595716257,28757200.0
2022-11-11,67.20991516113281,69.04282688820344,65.82336126460451,68.68194537944068,38723400.0
2022-11-14,67.74175262451172,70.27743678020519,67.73225364482788,69.47969638112801,30310700.0
2022-11-15,75.3108139038086,76.32698723032718,73.8957631838472,74.95942415703203,53150500.0
2022-11-16,74.22816467285156,76.40295984657793,73.51589342289988,76.27950210500153,26637300.0
2022-11-17,80.02130889892578,81.36987416396536,71.94890077649112,72.17682556529819,62050600.0
2022-11-18,76.43146514892578,78.3688367847294,75.84265157610005,78.01745423347415,29528300.0
2022-11-21,73.06004333496094,75.08289126191714,72.62318446439944,74.73150871689947,19005100.0
2022-11-22,72.16732025146484,72.93657812026613,70.82825408345877,71.64499235439492,20694100.0
2022-11-23,74.55106353759766,74.87870949842807,72.98406521157305,74.25666038234641,19032700.0
2022-11-25,71.70197296142578,72.22430811302631,71.15114811893756,71.70197296142578,13036900.0
2022-11-28,72.06285858154297,73.52254232403666,70.92322740719466,70.98020679223258,19107400.0
2022-11-29,75.84264373779297,76.82082843440627,75.45326530755388,76.20352523155773,24178100.0
2022-11-30,83.15528869628906,85.11641111476297,78.11241075803909,78.57775926144733,60169600.0
2022-12-01,81.61679077148438,83.19328070672674,80.02130287867163,80.10677195094478,20243000.0
2022-12-02,85.52952575683594,87.22948060426694,81.72125418505343,81.72125418505343,35042600.0
2022-12-05,85.96638488769531,88.22666353747502,85.12115695002734,88.22666353747502,30929800.0
2022-12-06,86.84960174560547,87.91326271597912,84.7127880720281,87.25797087082417,26675700.0
2022-12-07,83.88656616210938,84.76978285534715,82.26258848336863,82.68044938163287,19507400.0
2022-12-08,89.43276977539062,89.58947030823562,86.49821592101343,87.343443828652,29241500.0
2022-12-09,86.7451400756836,89.03390856303096,86.63592717661372,88.5780517631251,15452100.0
2022-12-12,84.91223907470703,86.31683453726346,83.3357417919801,85.55802476187904,15190200.0
2022-12-13,86.8116226196289,90.20203344823864,85.75746059979583,88.74899402546495,21150600.0
2022-12-14,86.33677673339844,86.6739144040091,84.99770329301809,86.47922518824919,15575500.0
2022-12-15,81.87320709228516,89.34730953435114,81.72125965626243,88.40710624441839,30419400.0
2022-12-16,82.42402648925781,86.01387228056471,82.25308110654808,84.3329153885836,25084600.0
2022-12-19,82.77542114257812,85.26361744942355,82.1495681269338,85.23512775821509,20737000.0
2022-12-20,81.59779357910156,82.81340203348255,80.76206457811412,80.76206457811412,15315400.0
2022-12-21,83.39271545410156,83.94069277192908,81.16093365796627,81.68326880509484,18212900.0
2022-12-22,83.54467010498047,85.17814666028133,82.31006370976067,84.59883213205026,16004800.0
2022-12-23,81.34138488769531,84.19047012197117,81.21791989036036,83.43071116125823,17949300.0
2022-12-27,85.339599609375,86.12689908339635,81.87321115314978,82.1961112448105,22959900.0
2022-12-28,82.81339263916016,85.6149969502263,82.1153663058428,84.50385565271597,16268800.0
2022-12-29,84.64631652832031,85.01669701524182,82.68044808019918,83.21702809779492,12535400.0
2022-12-30,83.65863037109375,84.91223474633259,83.01284471684046,83.0508261413041,11926700.0
2023-01-03,87.35295104980469,89.69869166081159,86.18482298818273,86.52671377472583,27891000.0
2023-01-04,98.69230651855467,99.262122091707,92.09192890881076,93.8773529701808,53291800.0
2023-01-05,99.31910705566406,100.38276084222132,95.57730635355884,96.29907659843556,30400400.0
2023-01-06,101.99724578857422,102.5670613469376,97.30575010837296,98.87274832807076,21072400.0
2023-01-09,105.25470733642578,107.42001095708363,102.68103454200536,106.35634986026994,42085300.0
2023-01-10,109.10095977783205,109.6707825784168,105.61558084165776,107.28704608247077,33478600.0
2023-01-11,109.23391723632812,109.41436160743758,106.66024461988351,108.83504706970524,22804400.0
2023-01-12,107.45799255371094,108.06579678455306,105.8435066784882,107.94233904083757,16590600.0
2023-01-13,111.12381744384766,112.04502278186848,108.3507024507216,108.75907160327934,25615100.0
2023-01-17,109.39537048339844,111.12381511118846,108.58812392869382,109.70876432993776,16945600.0
2023-01-18,107.52447509765624,110.87689747662596,107.3535296982324,110.87689747662596,15347900.0
2023-01-19,110.71544647216795,111.11431663910844,108.2367419059554,108.28422230929712,18489900.0
2023-01-20,113.8304443359375,114.02038043946088,111.87407493637468,112.35082078743255,18342700.0
2023-01-23,113.5170440673828,114.24831328700704,112.19412105520904,113.96340188405772,13590200.0
2023-01-24,113.43157196044922,113.96339883642791,109.21492388491008,109.21492388491008,7807100.0
2023-01-25,114.20082092285156,114.26729928138192,111.58915973750568,112.54835369252731,9705000.0
2023-01-26,114.50473022460938,115.19801078909732,112.78768287438804,114.91309937999858,11171000.0
2023-01-27,112.42488861083984,113.68798466741808,110.93386778886926,113.66899395596776,18027400.0
2023-01-30,105.6060791015625,107.4579886638457,104.25751396604804,106.07143485957904,21918200.0
2023-01-31,104.65638732910156,106.44181858722251,103.33631184326842,103.91562637971006,15330000.0
2023-02-01,107.14459228515624,108.21774505353343,104.60890831079364,106.23288593186624,16623000.0
2023-02-02,104.2195281982422,106.864432274655,102.38661654211494,106.84068845032422,23396900.0
2023-02-03,100.98107147216795,104.02009258546197,100.48722601275902,102.61454803766269,15982200.0
2023-02-06,100.14533233642578,100.93358090557092,98.02751659715342,98.59733213372188,15337500.0
2023-02-07,100.1928253173828,101.94975966766756,98.5023693291435,101.46541317528052,16861700.0
2023-02-08,99.82244110107422,101.75032077384496,98.34091923344702,101.71233210472658,14329500.0
2023-02-09,103.00392150878906,104.28600834300572,102.32963891072842,103.04191017924856,16281300.0
2023-02-10,98.4358901977539,101.27547627664124,97.6191519015231,100.47773593833097,18776000.0
2023-02-13,99.51854705810548,101.00006904578623,98.91074279415449,100.658178241614,18538600.0
2023-02-14,98.97721862792967,99.22414136809464,96.72643876562198,98.34092468750283,12978400.0
2023-02-15,97.89456176757812,98.23645254523048,96.86888943462102,97.23926990281146,18230200.0
2023-02-16,97.9230499267578,99.2621160802906,96.89737760984056,97.54317048579613,21747100.0
2023-02-17,94.97899627685548,96.00466134102354,94.2572260686206,95.91919227134188,18121600.0
2023-02-21,90.31599426269533,92.7139756189898,89.9361148084787,91.64556872965444,27172700.0
2023-02-22,90.01209259033203,91.0662546392992,88.84871764313073,90.76709839022531,24484000.0
2023-02-23,89.42328643798828,95.41585968734763,87.49539946373986,95.06446992201607,40482900.0
2023-02-24,84.52285766601562,87.06804063611956,83.60165232766336,85.5390310582438,36174500.0
2023-02-27,84.7602767944336,86.65016777206314,84.42313188914906,86.27978731025628,25840000.0
2023-02-28,83.37372589111328,84.84574881090961,82.8798804278232,84.0100198095852,24597200.0
2023-03-01,85.42506408691406,88.24565945350163,85.21613726897253,88.24565945350163,35434900.0
2023-03-02,85.23512268066406,86.34531487191283,83.54466681074985,84.48486279261047,24829000.0
2023-03-03,85.1876449584961,85.90941524112226,83.95304571372851,85.57702341543863,25834300.0
2023-03-06,85.1116714477539,86.70715939267814,83.6016525778944,85.07842864371891,16983900.0
2023-03-07,84.26643371582031,85.52003072450471,83.76308932026907,85.01668632895347,14514700.0
2023-03-08,82.57597351074219,83.35472308469477,82.1011260328297,82.99384160989638,14721500.0
2023-03-09,79.17607116699219,81.37936317722705,78.70596955490075,80.83803734160547,24327700.0
2023-03-10,78.78669738769531,80.2682192889832,78.18839213808242,78.48279527344144,18123100.0
2023-03-13,78.7297134399414,79.54169857121443,77.84649683948464,78.83418046493289,17848300.0
2023-03-14,79.6319351196289,79.6889217543776,78.0269552785838,78.6917389706618,20126100.0
2023-03-15,77.4096450805664,78.38782981678479,76.11805924082229,77.44763375180572,21025300.0
2023-03-16,78.08392333984375,78.33084606633605,76.60240147208555,77.36215311772662,22877500.0
2023-03-17,77.56159210205078,79.92633796617024,76.56441665838426,79.77438328203164,23711100.0
2023-03-20,76.92530059814453,77.78002760946582,75.48176728115621,76.11806123851825,19536500.0
2023-03-21,79.48946380615234,79.85794590764004,77.87498530179316,78.31184410596568,16529400.0
2023-03-22,79.44198608398438,81.09445331122019,79.30902936717216,80.57211817688818,21204700.0
2023-03-23,82.16761016845703,83.93404349016599,80.97099965679459,83.26925987257574,26861400.0
2023-03-24,82.52850341796875,83.67763358856952,81.32238661589464,81.55031865059114,20332500.0
2023-03-27,81.7877426147461,83.782100826719,81.19892905876999,82.7469294253931,18258300.0
2023-03-28,93.44998931884766,94.50415134702595,87.42891925953032,90.55341667464644,118875200.0
2023-03-29,94.89352416992188,96.23259761910091,91.43663489460305,92.68073304579364,53695000.0
2023-03-30,98.1794662475586,99.76546240027096,95.44434726277198,96.24208758290224,57780700.0
2023-03-31,97.03983306884766,98.38839819764952,96.04455603664508,97.68562594322565,28382600.0
2023-04-03,93.44049835205078,96.6314744008572,92.69973734886332,95.81473605231754,26888100.0
2023-04-04,95.65328216552734,96.36555342004158,92.36733831417342,93.9628262141092,26868400.0
2023-04-05,93.59244537353516,95.39686008140048,92.74721740114836,94.24772999810602,20117700.0
2023-04-06,97.57167053222656,98.04651807242996,93.32653236351244,93.57345511318576,26849200.0
2023-04-10,96.4320297241211,97.65713712523058,95.52981514028504,95.5583120761601,16308300.0
2023-04-11,94.7415771484375,97.38172814263704,94.20974301065486,97.3057508021541,19017700.0
2023-04-12,89.11936950683594,93.91533184212572,88.87245403977828,92.89915854825765,35516000.0
2023-04-13,91.33216094970705,92.3008538493173,90.31124178399362,91.05200268040302,24231700.0
2023-04-14,89.79367065429688,91.28469160590086,89.119380786824,90.81933581053526,14098700.0
2023-04-17,91.56959533691406,92.33885325740196,90.68637864716744,91.87349746426784,15714100.0
2023-04-18,90.68637084960938,94.18124863647408,90.3929169001628,94.03879294155126,20672300.0
2023-04-19,88.7869873046875,90.05008344745494,88.27415111336241,89.84114937925604,18985200.0
2023-04-20,86.17533111572266,89.0719040612477,85.52004642547492,88.65403589976904,25533900.0
2023-04-21,84.64631652832031,85.65299820036172,83.85807514971192,85.43456515252686,23097300.0
2023-04-24,82.51899719238281,84.02901599585759,81.71175789911284,83.95303865763042,22757100.0
2023-04-25,78.74870300292969,81.38885378746438,78.07631880880807,81.02797231722639,36441300.0
2023-04-26,78.65373992919922,80.93300938756362,78.59676054755943,80.76206399704634,24983000.0
2023-04-27,80.22074127197266,80.3821876899979,78.48279760801195,78.89116676546286,24506800.0
2023-04-28,80.42967224121094,80.80005271327903,79.65092262742701,79.94532576019964,18109300.0
2023-05-01,79.92633819580078,80.9899920054343,79.55690688250525,79.91683921661529,12909200.0
2023-05-02,77.42863464355469,79.09060094620388,76.59670231888308,78.9671432007081,20689500.0
2023-05-03,77.38115692138672,77.87499516608399,76.44095359218491,77.21495738712221,17759400.0
2023-05-04,78.34033966064453,78.94814388983684,77.68505502812035,78.24537160838284,23773800.0
2023-05-05,79.03362274169922,79.18557018106802,77.90348332045147,78.58726491160648,17527600.0
2023-05-08,79.11908721923828,79.4894676853203,78.19788192056328,79.42298932591065,17392900.0
2023-05-09,78.08392333984375,78.50179145458489,76.11805499778085,76.49318133126144,13457400.0
2023-05-10,78.7771987915039,80.24922896664607,77.656558381199,78.00794814603628,16868100.0
2023-05-11,83.46869659423828,84.02902043627624,80.55313310747977,81.13244766227918,28104200.0
2023-05-12,81.04696655273438,82.34805129077166,80.49614896801577,82.34805129077166,19042800.0
2023-05-15,83.89604949951172,83.95303612426136,81.51516788058495,82.74691946449336,23691200.0
2023-05-16,84.29492950439453,84.87424402906413,82.68044367090961,82.72793131874067,18177900.0
2023-05-17,86.11834716796875,86.83061845335261,83.58266313094578,84.01002300393681,27670700.0
2023-05-18,81.45532989501953,86.42223750216264,80.72406799652555,86.24179314922635,60258600.0
2023-05-19,79.7553939819336,80.91401586382015,79.28054645398723,79.63192898748464,21571800.0
2023-05-22,81.76874542236328,83.07932927769552,81.34138553207576,81.36037624572474,16951300.0
2023-05-23,78.7107162475586,80.70032836249206,78.5397708636942,79.92633189148178,19917800.0
2023-05-24,77.12472534179688,78.44480073104039,76.81132427210952,78.03168575001449,17045800.0
2023-05-25,74.81696319580078,76.64987464588533,74.19016832839623,76.53590864926765,21811600.0
2023-05-26,76.89681243896484,77.46283134905723,74.45609635249201,75.88063898457185,16399200.0
2023-05-30,74.7125015258789,76.64038115503618,74.23765404103828,76.08956357927525,21209600.0
2023-05-31,75.54823303222656,75.65744591817223,73.85777000515188,75.57672272024742,16206300.0
2023-06-01,78.8246841430664,79.77437913274191,75.35829598163129,75.35829598163129,23217600.0
2023-06-02,80.03079223632812,81.70225741861307,79.90733449817664,80.80005009194205,17616100.0
2023-06-05,80.15425109863281,80.31569749286982,79.05260153551593,79.76487271131137,8204000.0
2023-06-06,82.33855438232422,82.68044516521314,79.17607550899851,79.29953325175366,18452000.0
2023-06-07,80.989990234375,82.57597918055613,80.80954586178743,81.40785836222076,12886700.0
2023-06-08,81.80673217773438,82.5759828604603,80.8855268069845,80.8855268069845,11281000.0
2023-06-09,81.19892120361328,82.46961065880512,80.7858062038002,81.73074807653106,12903400.0
2023-06-12,81.54081726074219,82.89888146687132,81.32238421201451,81.68327296681692,11559000.0
2023-06-13,83.1078109741211,84.73178854478826,82.86088824685305,83.53517082328695,16814100.0
2023-06-14,84.86474609375,85.58651632518881,83.29774788883064,83.54467061851194,21519300.0
2023-06-15,87.56187438964844,88.10320023923988,86.04236386847926,86.85910213215726,26570500.0
2023-06-16,87.46690368652344,89.54673795133675,86.91607887506458,89.27132554560734,25087700.0
2023-06-20,83.50668334960938,85.66248785568607,82.92736880810018,85.31110533567418,23382900.0
2023-06-21,82.405029296875,84.67480693941812,82.26258084796021,82.98434380778721,15159900.0
2023-06-22,82.51899719238281,82.92262046181669,81.02797634626371,82.41453016371987,10272700.0
2023-06-23,80.6480941772461,81.61488874638368,80.12576629716814,81.49332211108639,14907100.0
2023-06-26,81.1704330444336,82.34805281907758,80.9235103149509,81.02797734490136,10808700.0
2023-06-27,82.7469253540039,83.2075280231935,82.35280104708919,82.45252221330055,13994500.0
2023-06-28,80.33470153808594,81.43635128407251,80.13526644522939,81.43635128407251,14113800.0
2023-06-29,79.3470230102539,79.76488389831945,78.82468784317436,79.195068326886,13362500.0
2023-06-30,79.1570816040039,79.99281789189764,78.83418876229825,79.04312283427168,12174300.0
2023-07-03,79.84085845947266,81.32713345491241,79.77438009921389,80.60061735865669,11514400.0
2023-07-05,80.05929565429688,80.42967614433897,78.65374379151284,79.75539352796496,11203900.0
2023-07-06,79.62242889404297,79.72689592837727,78.48279774115728,78.93865454967046,12930300.0
2023-07-07,85.99488067626953,86.96356633783218,82.27207096321149,82.39553594397358,46992100.0
2023-07-10,86.00437927246094,87.40993109960046,85.09267291658585,85.52004002582602,25401800.0
2023-07-11,87.17250061035156,87.67583777617489,84.53234980015543,86.44123143896495,20768800.0
2023-07-12,89.27133178710938,90.24951649739586,87.89427690778146,89.37579881884851,24161400.0
2023-07-13,91.75003814697266,92.12516449869928,89.84114909294566,90.24951824886988,24021400.0
2023-07-14,89.80316162109375,91.2561938884871,89.49925949487813,90.42996383206246,18897100.0
2023-07-17,88.71101379394531,88.84397051484612,86.46023402624245,87.60936411151249,17317300.0
2023-07-18,86.6121826171875,87.57137661273761,85.61500719709893,86.93508269054806,20221900.0
2023-07-19,87.45741271972656,89.94561633191806,87.45741271972656,88.8629645664114,17228100.0
2023-07-20,87.27696990966797,88.43559894188927,86.75463477363454,87.07753483380002,14753000.0
2023-07-21,87.53339385986328,88.54007557253514,86.93508856736467,88.21717547734653,13899100.0
2023-07-24,91.50311279296876,92.56582463958908,86.7071573383291,87.43841930819448,33376100.0
2023-07-25,90.20203399658205,93.53545821897988,89.8506442393023,93.23155610978584,25827300.0
2023-07-26,92.25337982177734,92.63800517125836,90.06907823171916,90.17354527054098,15833400.0
2023-07-27,90.6388931274414,93.06061103031917,90.37392886002814,92.8326862590643,18685500.0
2023-07-28,95.49183654785156,96.12813046823416,93.03212269408895,93.13658972526794,31956500.0
2023-07-31,97.02084350585938,97.3437363240718,94.70358541526092,94.77006377463394,17726500.0
2023-08-01,95.0644760131836,96.07115772450663,94.30472429690786,94.84605020242373,14333700.0
2023-08-02,90.28750610351562,92.8231900916176,89.80315961003161,92.80419937910362,19452300.0
2023-08-03,92.6712417602539,93.53546046046048,91.72154674056432,91.84500448470868,15370900.0
2023-08-04,92.02544403076172,93.5354555549885,91.82600895655806,92.81843846114214,13477300.0
2023-08-07,91.70254516601562,92.88017216081732,90.24951300249178,92.8611742036379,13893900.0
2023-08-08,89.48026275634766,89.72718548151954,88.24755472269226,88.80598018563782,13504700.0
2023-08-09,90.0785675048828,91.45562957478548,89.34730555752586,91.1944620058731,18640100.0
2023-08-10,94.21923828125,96.716933475137,92.23437924704126,93.36451134845292,53193100.0
2023-08-11,90.9048080444336,92.73771971420231,89.59422428583959,92.44330933238592,25222800.0
2023-08-14,88.75849914550781,89.69869522304063,87.87528245279569,89.49926013056994,17581000.0
2023-08-15,86.98255920410156,88.3311315740424,86.18007303725061,88.32163259553361,14756300.0
2023-08-16,84.6368179321289,85.94739437607828,83.84856937183582,85.12115714769422,23292400.0
2023-08-17,86.08985137939453,87.32445050593948,85.71947091687129,87.31495877297056,15732300.0
2023-08-18,83.60164642333984,83.91504750003482,82.49050505570955,83.36422268261896,20424800.0
2023-08-21,84.1144790649414,84.351902795761,82.83239236763507,83.19327383006583,14167300.0
2023-08-22,83.64913177490234,84.98819786812157,83.44019772950423,84.78876280085902,11577600.0
2023-08-23,85.32059478759766,86.03286603313543,83.86756260599626,83.92454923264577,12185700.0
2023-08-24,84.62732696533203,86.34627269699408,84.56084860127875,85.93790353335302,10684500.0
2023-08-25,85.30160522460938,85.51053928540999,83.8295750657671,84.76027936053407,11382200.0
2023-08-28,87.59986877441406,88.10320598812015,86.69766138142369,86.89709647106582,14613800.0
2023-08-29,89.2998275756836,89.36156007472576,87.69484056537546,88.74900268810349,16928000.0
2023-08-30,88.93893432617188,89.50874985223903,87.81829398514752,87.89427132078248,13779900.0
2023-08-31,88.2266616821289,88.66352048657738,87.52388945285068,88.30263901653666,13332400.0
2023-09-01,90.23052978515624,91.81651879827211,89.76517398837989,89.79367092651587,17470400.0
2023-09-05,89.88863372802734,90.59330435004016,89.33780888584279,89.77466771894154,10097600.0
2023-09-06,89.69869232177734,90.9807864035604,89.39479020323276,89.4137881612907,10123600.0
2023-09-07,85.44406127929688,87.1440162180673,84.4801214230016,87.03005020835829,18667200.0
2023-09-08,85.52003479003906,85.75745853210402,84.26643772175996,85.09266770696357,10333300.0
2023-09-11,84.24744415283203,85.8049434022517,83.29774913510795,85.21613712844547,15773500.0
2023-09-12,83.85807037353516,85.43456028656036,83.74410436651254,83.75360334516387,10262500.0
2023-09-13,83.23126983642578,83.8485730401146,82.98625269807654,83.51618123677382,10634900.0
2023-09-14,83.57315826416016,84.14297380320535,83.04133139379768,84.09549340155023,8643100.0
2023-09-15,82.68994140625,83.78209207956253,82.45251766186021,83.35472499230232,10147700.0
2023-09-18,82.6424560546875,82.78491175439788,81.09920167328703,81.81622603844342,9291600.0
2023-09-19,82.72793579101562,83.45919778620066,81.74975105583643,81.78773972703539,9247000.0
2023-09-20,81.42684936523438,83.09831463698576,81.34138029092338,82.59497743333742,9228200.0
2023-09-21,79.87885284423828,80.51040093468207,79.54646101916218,79.64142907695559,10638900.0
2023-09-22,83.85807037353516,84.40414209362329,82.7279310187536,82.97010063237917,22469600.0
2023-09-25,82.8323974609375,82.8798778626626,81.45533539015099,81.55980241778299,9897200.0
2023-09-26,81.58830261230469,82.68994506733759,81.38886028206103,82.11063052572962,9666600.0
2023-09-27,81.85420989990234,82.19610066088524,81.00898197569393,82.03464701304516,7233900.0
2023-09-28,81.23690795898438,81.56929974672867,80.0640341006886,80.61960478426067,10093600.0
2023-09-29,82.37654113769531,83.52567120241105,82.2483375312899,82.8988762787469,9654800.0
2023-10-02,82.17710876464844,82.72318774746623,81.56930453265494,82.38604282794581,8209800.0
2023-10-03,80.28721618652344,80.72407501714447,79.72689236869356,80.24922751704362,11448800.0
2023-10-04,79.8503646850586,80.28722355577722,79.44199550766533,80.03555493727191,8904700.0
2023-10-05,79.46098327636719,79.4989719479259,78.30235415342047,79.3185275694216,10334500.0
2023-10-06,81.73075103759766,82.16286401029745,79.77438161654517,80.01180537135632,13423700.0
2023-10-09,80.58161926269531,80.92351004218114,79.366010822567,79.68891089012487,10880000.0
2023-10-10,82.784912109375,83.32623797411735,81.265401545677,81.36036959735851,13557800.0
2023-10-11,83.36422729492188,84.32911632926523,82.76116893135804,83.58266033653328,11111500.0
2023-10-12,80.25872802734375,83.2597605175372,79.96431764465663,83.17429144377506,16158100.0
2023-10-13,79.79337310791016,81.1894259591254,79.53695863827379,79.83136177852259,10325500.0
2023-10-16,80.06878662109375,80.69083571390922,78.47329866173274,79.48947206619732,10075300.0
2023-10-17,79.68890380859375,80.1162636221749,78.40680987665593,78.58725422912659,8270000.0
2023-10-18,78.83418273925781,79.51796428780237,78.59675899299083,78.78669509176532,9321600.0
2023-10-19,77.50460815429688,78.25011494835667,77.03450652922379,77.3811504149029,12624100.0
2023-10-20,75.91861724853516,76.79233487080703,75.76951009721799,76.19402965578124,14636200.0
2023-10-23,76.45994567871094,76.85501914236569,75.0448949266872,75.42477437183182,12715200.0
2023-10-24,78.70122528076172,79.12858512178362,76.3934661989286,76.40295793185966,17925800.0
2023-10-25,76.95378875732422,77.87499411530094,76.71636499477756,77.2102104784096,11390200.0
2023-10-26,78.35933685302734,78.9101544490038,77.11523147007871,77.17696396396487,13010400.0
2023-10-27,78.65373992919922,79.88834633244598,78.33084710577651,79.65092258148297,10795600.0
2023-10-30,78.9576416015625,80.00230465087127,78.83513303347898,79.422990122095,8980500.0
2023-10-31,78.38782501220703,78.38782501220703,76.8113278575944,77.81800946973897,12094300.0
2023-11-01,78.33084869384766,78.34034042724814,77.12473195696812,77.59483360182088,9550000.0
2023-11-02,79.21406555175781,79.75539142644782,78.85317680489912,79.44199032910149,10606300.0
2023-11-03,81.01847839355469,81.74974760345559,80.24922775965699,80.66709587960035,15148300.0
2023-11-06,81.06596374511719,82.3575494923498,80.94250600663086,82.19610308534514,9786400.0
2023-11-07,81.11344909667969,81.35087283400199,79.8788427643647,80.59111397633163,8829400.0
2023-11-08,80.53414154052734,81.4173582093292,80.23023942038037,80.36319614509479,8154600.0
2023-11-09,78.56827545166016,80.42967689859897,78.326098574332,80.32520986241786,10885100.0
2023-11-10,78.58726501464844,78.70123102852308,77.55210089294684,78.26437217706751,9779500.0
2023-11-13,78.12191772460938,79.12384630350591,77.95097232385362,78.5872662756007,11236900.0
2023-11-14,79.65092468261719,80.28247274631029,78.17889448957632,78.59676262088558,20897600.0
2023-11-15,82.68994140625,83.41171161796228,81.56930104290632,82.58547437907067,28991000.0
2023-11-16,75.13037109375,76.70686100640081,74.29559128588102,75.51974227118873,63008500.0
2023-11-17,73.69633483886719,74.51877545186791,72.88909549101791,73.14550996787422,35497300.0
2023-11-20,74.51307678222656,74.78374336399784,72.70865464054724,73.04105372249762,31506800.0
2023-11-21,74.96892547607422,75.28707243099768,73.69633041078256,73.93375416033122,20525500.0
2023-11-22,74.9879150390625,75.70018627679553,74.19966646369448,75.29181714400468,18958600.0
2023-11-24,74.54155731201172,75.09238214201966,74.27564387562104,74.3326232561054,12251700.0
2023-11-27,73.62984466552734,75.26332105787712,73.21197658964333,73.65358848722022,18248200.0
2023-11-28,72.87959289550781,72.97456094720172,71.47404834100293,72.70864750421961,23682200.0
2023-11-29,70.91372680664062,71.6601900633245,70.68105615932272,71.22712790838106,30969100.0
2023-11-30,71.11316680908203,71.17015344235313,70.28693670543686,70.94222140046602,17884200.0
2023-12-01,70.26792907714844,70.41038477232672,68.4920041134651,69.44169908719013,27998600.0
2023-12-04,69.3562240600586,69.87855920354822,68.83389616216675,69.01433328351953,21074900.0
2023-12-05,68.73892211914062,69.0428242320912,68.30206328462404,68.41602929407972,19129000.0
2023-12-06,67.89369201660156,69.2802458164016,67.89369201660156,68.71992925670607,30394400.0
2023-12-07,68.69144439697266,68.72943306827385,67.84621638591615,67.94593030818336,18966700.0
2023-12-08,68.51099395751953,68.79590534426909,68.21659083798319,68.3970279537002,16914800.0
2023-12-11,67.77973175048828,68.00765651160604,66.55462438538432,66.94399555039394,19719300.0
2023-12-12,67.79872131347656,68.33530127416907,67.36186250973299,67.78922233529157,14725900.0
2023-12-13,67.86520385742188,67.88420181496419,66.59261603480454,67.34287595457359,21721600.0
2023-12-14,68.86238861083984,69.55566192476974,67.82721726107867,67.87470491078808,25199300.0
2023-12-15,70.76177978515625,71.74471038837342,69.63164036375846,70.27743328375746,31327500.0
2023-12-18,70.12548065185547,70.49586839595604,69.52717536479774,70.32492299313978,17233500.0
2023-12-19,71.5975112915039,72.18632484779192,70.48636979010733,70.65731519382976,20939300.0
2023-12-20,70.59654235839844,72.46852949131126,70.57729636128009,71.78037311361476,27540200.0
2023-12-21,73.39730834960938,73.42618101670203,71.55900355273444,72.0498609223028,20812100.0
2023-12-22,72.45409393310547,72.83907996657211,71.64562987152355,71.70337520649431,20004300.0
2023-12-26,73.00270080566406,74.07969835944644,72.88721012913929,73.30106885368234,13121300.0
2023-12-27,73.25293731689453,73.5801706663591,72.57921727799824,73.41655399162681,14904500.0
2023-12-28,74.34052276611328,74.8698795180742,74.09028806791208,74.33090343825826,18937900.0
2023-12-29,74.60038757324219,74.72069525211782,73.93628683608934,74.16727552349111,14094600.0
2024-01-02,71.95362091064453,73.21925273915275,71.71300554529338,73.1951970770162,21739600.0
2024-01-03,73.71492004394531,73.8111720647972,71.28952038424131,71.53976242105941,24444600.0
2024-01-04,71.85737609863281,72.8823925598717,71.64563340264034,72.72358553787736,18454900.0
2024-01-05,70.2693099975586,71.22214474280811,70.12493931664251,71.22214474280811,21725200.0
2024-01-08,70.1441879272461,70.31743128219998,68.25776436385837,68.57537840510683,22000000.0
2024-01-09,69.31646728515625,69.41271930023218,68.29626054373199,68.57537523285703,21451800.0
2024-01-10,68.72937774658203,69.08067413041098,68.37807401975472,68.70049773409066,19540000.0
2024-01-11,69.66295623779297,70.38480231628087,68.8448654841063,69.82176325622007,18095300.0
2024-01-12,69.14322662353516,70.67354413810236,69.11435395509017,69.86507270665223,16147300.0
2024-01-16,66.85256958007812,67.88336494199847,66.69857957071176,67.49741697135823,27606900.0
2024-01-17,66.34246826171875,66.40984026972173,64.7351593972204,65.17789078452545,22684400.0
2024-01-18,65.4955062866211,66.48684043062313,65.44738027568964,66.02485569187547,19307000.0
2024-01-19,66.81407165527344,67.28086604287941,64.40791804616968,64.67740607550961,34547700.0
2024-01-22,66.05372619628906,66.15767367697514,64.12880331009444,64.75440471670731,27294200.0
2024-01-23,71.24139404296875,71.70337877471836,69.82658186479414,70.02388088342849,53017700.0
2024-01-24,72.3770980834961,72.78133747306686,71.43388997482663,72.45891376856262,36503300.0
2024-01-25,71.07777404785156,72.66583685161896,70.79865935626839,72.36747616264978,23268600.0
2024-01-26,71.23177337646484,71.91512011910594,70.18268658635523,70.3559299396303,19418200.0
2024-01-29,70.81791687011719,72.00174036856534,70.09607076613719,71.86699634992894,17537400.0
2024-01-30,69.60520935058594,70.32224574938884,69.37903033025877,69.73995336146197,17089600.0
2024-01-31,69.4608383178711,70.20193771693542,68.81118127079286,68.81118127079286,15743600.0
2024-02-01,69.73995971679688,70.712047892129,69.41272632999116,70.4088701685307,14445800.0
2024-02-02,69.1528549194336,69.5185949763283,68.38289015180976,69.42234295525185,18824200.0
2024-02-05,71.8284912109375,72.32897524803694,69.16247637972685,69.46083706219149,27721000.0
2024-02-06,75.2933578491211,75.39922184657361,72.8872043716124,74.15283610754355,39069100.0
2024-02-07,70.87566375732422,73.31069015974286,70.40405968179216,71.75631690458206,53766300.0
2024-02-08,68.12301635742188,70.45217117080418,67.9978990195617,69.18653942972534,33070600.0
2024-02-09,69.31646728515625,69.37902962635604,67.37229847438586,68.14227053700652,18998400.0
2024-02-12,70.3944320678711,71.34726687714134,69.59558727705945,69.59558727705945,18151100.0
2024-02-13,68.91223907470703,70.28855925637289,68.73899571816874,69.25872578778362,13560600.0
2024-02-14,70.63504791259766,70.65430125440834,69.5185964065251,69.59558774477264,12817500.0
2024-02-15,71.04890441894531,71.35689179127866,70.34149466103933,70.47142901369506,12078100.0
2024-02-16,71.13552856445312,72.54072138587932,71.1259018940124,72.0498639953749,16393300.0
2024-02-20,70.3944320678711,70.90453547745012,69.47046992812443,70.70241944778665,14353300.0
2024-02-21,72.74283599853516,73.52242740018275,71.28951719604582,71.68412990349572,23475500.0
2024-02-22,73.26256561279297,73.51280029393779,72.18460618363807,72.28085085661668,14836600.0
2024-02-23,73.10856628417969,74.0469646705855,72.3289749082422,73.6090503189279,12301700.0
2024-02-26,73.63792419433594,73.69566952890938,72.51183876916923,72.78133413084015,13973100.0
2024-02-27,74.76400756835938,75.12012095709645,74.3501488409616,74.6196368787093,14490200.0
2024-02-28,71.78999328613281,73.3203107514836,71.65524927572429,73.16631340073225,16905300.0
2024-02-29,71.25101470947266,72.22310275826081,71.02965270439067,71.87661607439567,12549200.0
2024-03-01,71.8188705444336,72.27122122318576,71.57825520035374,71.68412653918868,11980100.0
2024-03-04,69.29722595214844,70.96228752886236,69.00848457348184,70.96228752886236,19550100.0
2024-03-05,69.36459350585938,69.98056822064976,68.37325942871229,68.57537544359684,15804500.0
2024-03-06,70.94303131103516,71.91511941393549,70.8467866363812,71.41463535693813,19785300.0
2024-03-07,69.81695556640625,70.02677439809023,69.06623679843385,69.87470090455851,12374700.0
2024-03-08,70.78904724121094,70.99116327784638,70.02870176453555,70.07682043440192,16430400.0
2024-03-11,72.04986572265625,73.20481654129799,71.75150501882341,71.82849635520083,13510400.0
2024-03-12,73.20481872558594,73.60905813287066,72.39153759003479,73.0219560353603,13314700.0
2024-03-13,73.52243041992188,74.54263721884425,73.0893256996619,73.0893256996619,15319800.0
2024-03-14,70.6446762084961,72.55997255480519,70.48105951433371,72.41079219583368,18923500.0
2024-03-15,70.6639175415039,71.34726428640944,70.63504487302873,70.81309789062438,10233700.0
2024-03-18,70.76016235351562,71.2413930770224,70.57729967182176,70.66391767741389,8542500.0
2024-03-19,70.6639175415039,70.96709524648945,70.11531481148126,70.33668417478776,8164200.0
2024-03-20,71.3953857421875,71.53975641835335,70.5484223679442,70.78903771388808,11123200.0
2024-03-21,71.05853271484375,71.93436884185637,71.00078003289906,71.51089078458583,11860700.0
2024-03-22,69.4223403930664,69.89395178134073,69.33572238889234,69.75920776840464,12771500.0
2024-03-25,68.77749633789062,69.76883048536776,68.68125165868865,69.23948107825775,12422100.0
2024-03-26,68.79674530029297,69.1721046653861,68.42137859220198,69.14322465476535,10881900.0
2024-03-27,68.9026107788086,68.998862796947,67.93341581221806,68.22889070982798,13281300.0
2024-03-28,69.64370727539062,69.86506928462518,69.35015625558137,69.37421925910627,14073400.0
2024-04-01,70.61579895019531,70.81983883823538,70.07681554709207,70.49067426267227,14311700.0
2024-04-02,70.1441879272461,70.3944299606235,69.788081889784,69.84582722710257,17290400.0
2024-04-03,69.72071075439453,70.13456947735236,69.40309670917146,69.70145741304864,11777900.0
2024-04-04,69.24909210205078,70.48104881429984,69.20097343971914,70.24043347364922,11087100.0
2024-04-05,68.9699935913086,69.3212899775567,68.72937821987868,68.9892395901037,12260300.0
2024-04-08,69.01811218261719,69.67258628589462,68.873741491321,69.25872755377803,10560000.0
2024-04-09,70.25006103515625,70.49067640401225,69.59558693814802,69.65333961991232,14060400.0
2024-04-10,71.78999328613281,72.34822266810973,70.97190255351029,71.6504396121375,20572200.0
2024-04-11,72.04023742675781,72.59846682514024,71.57826004692261,72.39153379686138,14986800.0
2024-04-12,68.61388397216797,70.24044632226148,68.61388397216797,70.20194697955526,18231400.0
2024-04-15,67.96903228759766,69.34535249622964,67.53592021626689,69.03736511668254,15903900.0
2024-04-16,66.9969482421875,67.66778258300732,66.68896084377242,67.39155365437612,17478900.0
2024-04-17,66.2365951538086,67.38192660241361,66.1451601433068,67.093185236934,12760600.0
2024-04-18,66.29434204101562,67.01137846483684,66.21735070568434,66.49645806438176,9491000.0
2024-04-19,66.47721099853516,66.5542096756278,65.79386426108334,65.85160959740384,13084100.0
2024-04-22,68.02677154541016,68.2385142267325,66.5253341222119,67.07874648594269,15015600.0
2024-04-23,69.78807830810547,70.0671929958174,68.3251328651325,68.41175820966271,15268200.0
2024-04-24,71.8284912109375,71.89586321481654,70.74091247889086,70.97190115747647,16375200.0
2024-04-25,72.29048156738281,72.37709957500559,71.03446905586465,71.03446905586465,11921900.0
2024-04-26,72.71395874023438,74.04215277456058,72.24234738651927,73.32511641733879,14216100.0
2024-04-29,73.54168701171875,73.65717769262699,72.39635547272188,72.81021421297297,13076400.0
2024-04-30,72.04023742675781,73.42618425225955,71.6841313929261,73.04119820706484,12856000.0
2024-05-01,72.67546844482422,73.38768788431773,72.05949368477604,72.1749843629111,10549100.0
2024-05-02,77.31452941894531,78.35879920263602,74.26352840930538,74.6773797801984,36663900.0
2024-05-03,78.27699279785156,78.31549213765419,76.7081759086374,78.2192401166485,19355800.0
2024-05-06,78.48873138427734,79.1335787704501,77.47814396063512,78.68603039380928,11826100.0
2024-05-07,76.39056396484375,76.92953999910821,75.85639759410032,76.92953999910821,14589100.0
2024-05-08,75.51472473144531,76.02482812672469,74.88912331831098,74.99499466559517,11327100.0
2024-05-09,76.47718048095703,76.91991183521858,75.7553344449441,76.51567981737077,9627300.0
2024-05-10,77.03541564941406,77.49739303519569,76.7755469447885,77.07391498872889,10819600.0
2024-05-13,81.42424011230469,81.80922617466751,79.49931714348898,79.60518849421372,32010700.0
2024-05-14,76.52531433105469,77.48777581105739,74.80250740069005,76.66005835081519,44687700.0
2024-05-15,77.94974517822266,78.0844891841005,76.78516778856552,77.37226981831795,17803300.0
2024-05-16,83.44540405273438,84.20574947278742,78.58113044728292,78.88333887541414,47259500.0
2024-05-17,85.21633911132812,87.06426336439056,83.57053088503831,84.31162298320457,35152900.0
2024-05-20,84.96609497070312,85.89005707436166,83.68601948983324,84.18650355202207,16737200.0
2024-05-21,82.89680480957031,83.89776563211142,82.11721335883088,83.27216420014842,16512400.0
2024-05-22,79.5763168334961,81.93434456299302,79.5763168334961,81.43386781567477,19717800.0
2024-05-23,77.76688385009766,79.82655065317272,77.04503780202,78.3732318870037,23930300.0
2024-05-24,78.20962524414062,79.4608208155077,76.7370602920478,77.47815243221918,41456400.0
2024-05-28,77.55514526367188,78.65235072725636,77.03541520044794,77.7668879571703,15211800.0
2024-05-29,76.09219360351562,76.38093495187049,75.29335624666251,75.80345959815827,18448500.0
2024-05-30,76.64080047607422,77.1894031935077,75.74571105889349,75.9045180748608,13875900.0
2024-05-31,75.39923095703125,75.55322832283812,74.27315275581306,75.03349822773775,20023900.0
2024-06-03,74.97575378417969,76.34244737857533,74.3212796576665,76.03445998627492,14244400.0
2024-06-04,75.50509643554688,75.89682334926529,74.85543937446737,75.24523507971467,10784400.0
2024-06-05,76.83330535888672,76.93435970700585,75.8997165040787,76.01521453064214,13716200.0
2024-06-06,77.00654602050781,77.04985502532232,75.80346915567111,76.4386899219457,11205300.0
2024-06-07,75.46660614013672,76.34244224500307,75.20192777166127,75.98632886350902,12190300.0
2024-06-10,76.32319641113281,76.74667445860693,75.3029822743585,75.62059631721272,9475200.0
2024-06-11,74.97575378417969,76.1114586700997,74.75438440393316,76.03445998627492,11108400.0
2024-06-12,75.11048889160156,75.8323349450079,74.72550286118529,75.79383560766651,12069600.0
2024-06-13,74.42212677001953,75.71035092410179,74.23528234977735,75.22849729054676,14026700.0
2024-06-14,72.13085174560547,73.0552304525185,72.04235123243468,72.97655832797554,18282700.0
2024-06-17,73.3109130859375,73.83210279558394,72.602878951102,72.79463757073769,13466300.0
2024-06-18,73.22240447998047,73.85176648309591,72.62254264848185,72.85363732959624,10305300.0
2024-06-20,73.1142349243164,73.9982947800292,72.79955391095726,73.3305795277359,9709400.0
2024-06-21,72.4455337524414,73.4092485350782,72.4455337524414,72.56354194090311,10183400.0
2024-06-24,73.54692077636719,74.67288649860224,72.88805860697923,72.88805860697923,20134400.0
2024-06-25,72.56354522705078,73.51742416153354,72.38653668763556,73.2617434929144,16914100.0
2024-06-26,72.93722534179688,73.11423387819043,72.44553579654665,72.69630226627999,7010100.0
2024-06-27,71.16714477539062,72.32753235817839,71.14747299287959,72.23902434205226,11865100.0
2024-06-28,70.80329132080078,71.34906699150208,70.60661851261102,71.16714426879722,10335000.0
2024-07-01,70.98030090332031,71.80633571308864,70.82295665236245,71.3048177939808,9034200.0
2024-07-02,72.45536804199219,72.5507559290119,70.77379078216917,71.11797194600663,13419100.0
2024-07-03,74.31395721435547,74.54505189972714,72.94706088529026,72.94706088529026,11768500.0
2024-07-05,73.28140258789062,73.47316120013768,72.38653156493326,73.4289109440622,14928700.0
2024-07-08,72.27835845947266,72.48486715476076,71.73749699377531,72.38653075261213,10919400.0
2024-07-09,74.4417953491211,74.79581242761151,72.74055369659673,72.7798897611609,14458100.0
2024-07-10,74.74664306640625,75.38091924721607,73.99927289392933,74.02877306476886,12235200.0
2024-07-11,77.21492004394531,77.51977265254304,76.13517026244853,76.3692209596113,18896900.0
2024-07-12,78.32614135742188,79.66353744043346,78.10488257585754,78.9653392283973,14857200.0
2024-07-15,76.7134017944336,77.29359183271623,76.16270442465157,76.79206641647096,12614900.0
2024-07-16,77.0772476196289,77.27392793215459,75.70052294488302,76.00536805106435,12304500.0
2024-07-17,75.759521484375,76.65439250166312,75.2186600160346,76.56589199007284,10815500.0
2024-07-18,75.26783752441406,77.01825112921183,75.09574318017017,76.07420808963282,11108600.0
2024-07-19,74.01893615722656,74.78105640465809,73.93043564592325,74.40246088063401,7557300.0
2024-07-22,75.36617279052734,75.9070342905823,74.99249143759022,75.55301721828943,9166800.0
2024-07-23,74.83514404296875,75.0514886339157,74.18611777271462,74.41721244917281,7997100.0
2024-07-24,74.5401382446289,75.7791904998497,74.46146611657414,74.88431942663469,7924700.0
2024-07-25,74.14678192138672,74.94823074592757,73.88126537625598,74.11728175028036,8172600.0
2024-07-26,75.25799560546875,75.49400447081548,73.31090933683167,74.00910754448125,10884500.0
2024-07-29,77.31326293945312,78.08029739136751,76.90515973694244,77.15591869158008,17364100.0
2024-07-30,76.70356750488281,77.48043787094782,76.40855078267542,76.91991210082331,8431900.0
2024-07-31,77.53943634033203,78.68507383017433,77.03791092573542,78.01146158393826,12178600.0
2024-08-01,76.68390655517578,78.04096703057897,76.5462265769355,77.46076945239491,8559600.0
2024-08-02,76.16270446777344,76.18237625023397,74.50571316834372,75.51367819572393,10808700.0
2024-08-05,75.70052337646484,75.97094661602587,72.64221389818222,72.79955064651298,16143300.0
2024-08-06,76.60523223876953,77.53943936868902,75.23833591052758,75.23833591052758,12128900.0
2024-08-07,76.53639221191406,77.6279435426431,76.1725392674755,77.60827176046445,9693900.0
2024-08-08,78.97517395019531,78.97517395019531,77.44110493890024,77.53944134941632,14004300.0
2024-08-09,78.66049194335938,78.8866724370235,77.87870736111934,78.64082766253894,7755900.0
2024-08-12,79.56520080566406,80.1453908312994,78.89650276610926,79.25051231402738,12127700.0
2024-08-13,79.75203704833984,80.0470537554738,79.33901966042151,79.61927877987091,9365700.0
2024-08-14,78.14913177490234,79.63403619307311,76.7723996489379,79.21118291515374,18058100.0
2024-08-15,78.21797180175781,80.51907521471509,76.44788648210846,76.60523073389368,31619400.0
2024-08-16,81.79747009277344,82.76118486778535,80.61741822784032,80.68625446158497,25249200.0
2024-08-19,82.51534271240234,83.4888859068758,82.10231779429168,82.58417894832296,14751000.0
2024-08-20,79.69303894042969,81.22710785429327,79.43244409294867,81.08943538779714,17880100.0
2024-08-21,82.14165496826172,82.40717152653491,80.35190530754885,80.48957778125083,14690000.0
2024-08-22,81.58112335205078,82.3973297468068,80.46990775012313,82.11214892806362,9729000.0
2024-08-23,83.99040985107422,84.36409119621408,82.95785882800077,83.48888442535967,17318000.0
2024-08-26,80.40107727050781,80.93701707907883,79.03418092250051,80.52891385250297,29321700.0
2024-08-27,80.09622192382812,81.2762813045679,79.9192133918465,80.90259245783622,9026100.0
2024-08-28,78.29664611816406,79.92905151187789,77.88854289408883,79.77662895281341,14024400.0
2024-08-29,79.67337036132812,80.11097375512489,79.12268047320286,79.88971496097363,14154200.0
2024-08-30,81.9548110961914,83.34137923695066,81.20744837746322,83.31187906418339,20027300.0
2024-09-03,80.90259552001953,81.64012984742769,80.34206973129282,80.42074186017061,11638200.0
2024-09-04,81.09927368164062,82.01381652336579,80.93210103916935,81.49262681296304,11114100.0
2024-09-05,81.0599365234375,81.63029818102224,80.63708322592976,80.74034132875971,8461000.0
2024-09-06,79.8307113647461,81.24677959377149,79.82087547354821,80.75509007009175,11712700.0
2024-09-09,80.08639526367188,80.26831799397893,78.985007985059,79.58486982846752,10434400.0
2024-09-10,82.40716552734375,82.89885504122387,81.34019267994769,82.40716552734375,15327800.0
2024-09-11,83.40037536621094,83.42987553748685,82.11215120325119,82.18590163144094,11551700.0
2024-09-12,84.06907653808594,84.25592096653544,83.44955041058763,83.61672305573346,10775000.0
2024-09-13,83.28237915039062,83.47905197117547,82.42683662454343,82.98736241662615,8985500.0
2024-09-16,82.21048736572266,82.97752182697944,81.87614208880018,82.63826235572107,11298200.0
2024-09-17,83.29220581054688,84.34442113533586,83.22336957444243,83.41021400212036,10113900.0
2024-09-18,83.01686096191406,83.58722263463008,82.64317960871412,83.4397142706398,7858800.0
2024-09-19,87.01921081542969,87.09296874639426,85.50480616451607,86.16859003026323,18618400.0
2024-09-20,86.82254028320312,88.03209235586198,86.58653140361382,87.7370831320221,12277000.0
2024-09-23,88.59261322021484,89.63500009387676,87.8354146681781,87.98292302320999,19744100.0
2024-09-24,95.57461547851562,95.87946059342072,92.83098693660884,94.47322820461372,47423200.0
2024-09-25,93.87336730957033,94.58140145688466,92.49663507896877,92.8113160885988,18816600.0
2024-09-26,103.32363891601562,104.20868158237012,100.0686565847091,100.98319942284428,67261600.0
2024-09-27,105.54607391357422,107.6111683921606,103.97266895382204,104.2086778221382,50075200.0
2024-09-30,104.35618591308594,110.35479652710067,104.34143582776532,109.86310700951609,58561500.0
2024-10-01,110.86615753173828,110.9153294877281,104.38569286991527,104.65120192553375,44505000.0
2024-10-02,113.33443450927734,114.6324945436836,110.35479721456662,113.39343485092732,53732800.0
2024-10-03,110.96449279785156,112.19371665906094,108.79122591154382,109.0567424670138,29267000.0
2024-10-04,112.62640380859376,113.8064631954232,111.8593693335774,113.7425411549762,25644200.0
2024-10-07,115.56670379638672,115.86172051533548,111.48568670064536,115.49786756231023,38404000.0
2024-10-08,107.85701751708984,108.91906872137906,106.24427643024484,108.27003492900668,37414400.0
2024-10-09,106.09676361083984,107.56199627399045,103.86449649990014,104.04150502651198,28793000.0
2024-10-10,107.46366119384766,108.99773010831132,105.69358340852496,107.16865198092056,19736600.0
2024-10-11,108.3093719482422,109.20425051787954,105.43790681730805,106.2541132594326,18042600.0
2024-10-14,106.01809692382812,108.25037165182329,105.14289013697504,106.50978646712028,21351600.0
2024-10-15,100.14732360839844,102.67461508944427,99.95065079008992,102.261590166857,28942600.0
2024-10-16,100.47183990478516,102.12391707740584,100.08832265958635,100.80127099988736,16432600.0
2024-10-17,98.40674591064452,99.76380636321404,97.89539208147818,99.56713354490094,15808200.0
2024-10-18,100.7275161743164,101.6469731832552,99.97031760858798,101.6469731832552,20824600.0
2024-10-21,99.2327880859375,99.96048651557358,98.45099600338136,98.80501307781772,10328600.0
2024-10-22,98.7902603149414,100.1964926829108,98.1412340311177,98.3477427351792,20650100.0
2024-10-23,96.37114715576172,98.5542498529694,96.11055230702706,98.50016370497238,13638200.0
2024-10-24,94.75840759277344,95.79095861520914,93.93236527430751,95.18126089211732,13602900.0
2024-10-25,95.80078887939452,97.25619322966466,95.43694341876729,96.66616727783132,16977100.0
2024-10-28,98.26907348632812,99.37046077615744,97.13818602399584,97.38403079830344,16044400.0
2024-10-29,98.17073059082033,99.76379982142096,97.87571388010862,99.76379982142096,13685400.0
2024-10-30,97.05950927734376,98.1412322348966,95.95812954250704,96.58256983767366,10179900.0
2024-10-31,96.35148620605467,96.4694868947908,95.14684082290196,96.17447767036349,8379300.0
2024-11-01,95.9581298828125,96.6661640020538,95.80078563294254,96.5874918771188,8501000.0
2024-11-04,96.7645034790039,98.21990032357309,96.7251674152876,97.17752089414486,8681900.0
2024-11-05,97.56103515625,99.40978507890846,97.31027619813052,98.308405338851,10804200.0
2024-11-06,95.12226104736328,95.70245109928264,93.1850030728352,94.2077182092262,18162900.0
2024-11-07,98.47557830810548,99.41962130386035,97.53153531235056,97.61020743764352,16340400.0
2024-11-08,92.62447357177734,94.77806855351328,92.1327840549977,94.51255951559038,24879800.0
2024-11-11,93.8340301513672,95.19109808542429,93.46526299582332,94.56173607350304,12556700.0
2024-11-12,90.25453186035156,91.77877245393582,89.51699754137603,91.1395745436396,21641900.0
2024-11-13,90.47087097167967,91.32641343071262,89.76283686800922,91.01173244047982,12874500.0
2024-11-14,89.07447814941406,90.03327124417238,88.51395237843327,89.37932326093032,16946800.0
2024-11-15,87.11754608154297,89.19247646875381,85.78015748139892,88.7007869457671,31018300.0
2024-11-18,87.86492156982422,88.01242993615644,86.38985291167634,87.42240397341473,13482000.0
2024-11-19,85.66214752197266,86.4783539138581,85.37500102655368,85.71131947428829,19289000.0
2024-11-20,85.32779693603516,86.08500300659315,85.06228789345964,85.59331348119743,15174500.0
2024-11-21,84.15758514404297,85.59331772914261,84.02482686487312,85.53431738399473,15869200.0
2024-11-22,81.74829864501953,82.28916012963748,81.2615308114502,82.2104880041318,24999200.0
2024-11-25,84.15758514404297,84.44768017780287,82.35799959116146,82.84968914095944,15120100.0
2024-11-26,83.76422882080078,84.64927147732458,83.44954782099086,84.38867662604075,10241500.0
2024-11-27,85.15078735351562,86.08500194176376,85.03278667053578,85.52447618984955,13607600.0
2024-11-29,85.91783142089844,86.03583210678316,84.5410992324109,84.98361680965229,7553500.0
2024-12-02,84.52143096923828,85.55398202924681,83.85273287856137,85.49498168384764,16537200.0
2024-12-03,84.25592041015625,85.19996343264752,83.9609036832459,84.57551561215327,13660700.0
2024-12-04,83.51838684082031,84.56076628072199,82.86935303686012,84.52143021661043,13613700.0
2024-12-05,82.75135040283203,83.68555752012405,82.53009161216676,83.38562660308408,12979600.0
2024-12-06,84.50176239013672,85.24913257172247,84.47226221893764,84.58043451505874,11751500.0
2024-12-09,90.78555297851562,92.55563825751298,90.30369934801672,90.48070787591648,32767300.0
2024-12-10,88.33694458007812,89.05480710721679,88.00751348850258,88.29269432208746,13859200.0
2024-12-11,87.5010757446289,87.68299847756192,86.53736092410844,87.41748191873235,9866000.0
2024-12-12,87.74691772460938,88.50411630743474,87.01921181088568,87.55515910604674,9951200.0
2024-12-13,86.3603515625,86.92087734485705,85.78998988849821,86.72420452748467,11608600.0
2024-12-16,84.62960052490234,85.47432428803786,84.44276360300483,84.53126411823203,13216600.0
2024-12-17,85.70148468017578,86.14400224633384,83.98057136331516,84.07890776661844,13288700.0
2024-12-18,83.58721923828125,85.77032192938906,83.41808092269827,84.95509835624628,11319500.0
2024-12-19,82.90868377685547,83.97073493190513,82.83984754472743,83.58721770967941,13795100.0
2024-12-20,80.91242980957031,81.62046395027578,80.34206814038124,80.84359357381211,21270500.0
2024-12-23,83.72489166259766,83.89206430036863,81.39428061467504,81.47295273924493,20055100.0
2024-12-24,84.09857177734375,84.4624247212478,83.58721798024976,84.27558030375833,5235400.0
2024-12-26,84.6492691040039,85.81948505348832,84.1379078045331,84.29525205131999,12008600.0
2024-12-27,83.6462173461914,83.85272604083605,82.88901879916108,83.47904471280097,8629400.0
2024-12-30,82.73168182373047,83.53805239383051,82.14165585824533,82.77101788844111,10731000.0
2024-12-31,83.3807144165039,83.93140430921382,83.01686145019937,83.01686145019937,7415000.0
2025-01-02,83.53804779052734,84.01007303845718,82.80051349866541,82.9873579200982,10635700.0
2025-01-03,84.11824798583984,84.12808387743229,83.35121349854377,83.68555878681661,7689500.0
2025-01-06,84.09857177734375,85.90799310320244,83.6658901036755,85.11145848563014,18077100.0
2025-01-07,83.07586669921875,83.69539280913965,82.38749685227535,82.90377236183619,11144100.0
2025-01-08,82.29899597167969,82.39733237720947,81.34511708260854,81.70896253332738,9661800.0
2025-01-10,79.19151306152344,80.882926214384,79.06367648697902,80.882926214384,15393900.0
2025-01-13,79.20134735107422,79.73237292339121,78.7293221192636,78.8178301326097,10726600.0
2025-01-14,80.32240295410156,81.27628185498533,80.13555852947037,81.02060119537217,8773700.0
2025-01-15,81.06977081298828,81.41395197797623,80.78458998983064,81.25660772964648,11655700.0
2025-01-16,81.0599365234375,81.21727327228928,80.46007469435473,80.65674750606617,7566500.0
2025-01-17,83.70523071289062,84.1674125823061,81.64996451660886,81.81713716103066,21132400.0
2025-01-21,83.96089935302734,85.4556396884887,83.50854589699175,85.42613951783653,17099500.0
2025-01-22,84.96395111083984,85.10162357713111,83.01685729779847,83.58721894534042,10354800.0
2025-01-23,84.66893768310547,84.76727409104755,83.54788612687422,84.3739284592792,9225600.0
2025-01-24,87.65840911865234,87.70758107286122,85.04262471113317,85.2687976942856,18791000.0
2025-01-27,88.49427795410156,89.91034617645336,87.73707939234143,89.08430387921925,25999800.0
2025-01-28,94.43389129638672,94.82724442658984,88.40578027238426,89.42849540987758,31296300.0
2025-01-29,95.1124267578125,99.59663300609276,94.84691020214024,97.73804712673518,75053000.0
2025-01-30,101.03236389160156,101.9419925354522,95.52544258155808,95.6827868345301,45929000.0
2025-01-31,97.19718170166016,100.7963526259352,96.37114690089412,100.30466310093064,36416400.0
2025-02-03,96.97100830078124,100.17682609062298,94.4732246242873,94.90099210835712,29282900.0
2025-02-04,100.64884948730467,101.8879092552949,98.02322908824328,98.91810016881216,29877500.0
2025-02-05,97.62987518310548,100.12765898041572,97.38403040977872,98.50016778140656,17017900.0
2025-02-06,98.71158599853516,100.04898210214192,98.20514638973408,99.56712847002362,12774600.0
2025-02-07,101.78956604003906,105.72308218106176,101.2880406313344,102.7237731224973,39538200.0
2025-02-10,109.46975708007812,109.79427397174696,104.9265431044753,105.53624082495124,42429400.0
2025-02-11,110.90548706054688,113.6196153148467,109.15507356771272,112.065874629208,55001300.0
2025-02-12,116.36324310302734,117.8186398745152,113.05416724580624,113.89495962252585,44024700.0
2025-02-13,117.55313110351562,117.58263127424192,112.8525805022621,113.4131062538219,34429300.0
2025-02-14,122.65687561035156,124.692470000219,118.49226461786112,124.48595379171354,52729800.0
2025-02-18,124.79080200195312,126.87556827312108,123.5222421367345,125.6168367964657,42152800.0
2025-02-19,123.69925689697266,125.57750706155969,122.873214558254,123.90576560600556,35155200.0
2025-02-20,133.71005249023438,142.1081030918637,129.22584636063942,135.5194663661808,118849000.0
2025-02-21,141.36074829101562,142.88498892579713,138.75479962893803,139.24648918821111,73892100.0
2025-02-24,126.89522552490234,133.54287748081506,126.30520710026067,133.54287748081506,74118300.0
2025-02-25,131.78262329101562,132.2349842638519,128.57681293630193,130.58289962955172,38881100.0
2025-02-26,136.7683563232422,139.59064931767483,135.9914784921538,137.67306322380642,40543000.0
2025-02-27,134.28041076660156,137.77631604750607,133.61170521744066,136.37009122432275,23859400.0
2025-02-28,130.30755615234375,131.72362442471376,127.97695254041952,128.7734871923342,24862600.0
2025-03-03,128.6358184814453,132.47591269074985,127.4065945986929,131.7826286202566,22528000.0
2025-03-04,127.69178009033205,129.9043830298668,124.00410102185371,127.4459353192726,25366500.0
2025-03-05,138.68594360351562,139.47264982970196,131.12375645091726,132.13663565288618,37284600.0
2025-03-06,137.6239013671875,142.35395241409918,135.79481564997522,139.83650433130683,35482100.0
2025-03-07,138.2827606201172,142.94398283394966,137.06338017135195,140.54453549193903,31904400.0
2025-03-10,130.33705139160156,135.65713560056068,128.8226542719028,133.73462777626375,33484200.0
2025-03-11,136.70936584472656,138.98391016509822,133.77888534097983,135.86365922370803,29094800.0
2025-03-12,134.86061096191406,136.6405247556861,133.03152521145518,136.10458493970097,23880900.0
2025-03-13,136.05050659179688,137.94842108167433,132.1071467364808,132.53000755871318,20516300.0
2025-03-14,138.75479125976562,139.46282538282685,137.13220680892792,139.00063602457374,17381900.0
2025-03-17,145.11724853515625,145.96294008360957,137.70256235460567,137.83040642828954,33897000.0
2025-03-18,140.36753845214844,144.42888394078125,140.1315220657539,143.94703778400705,20950100.0
2025-03-19,140.81988525390625,142.78664346975737,139.5119892397443,142.65881438924563,16333800.0
2025-03-20,134.63442993164062,136.67986016529943,134.10339683939705,134.89502478083517,23646800.0
2025-03-21,132.8938446044922,134.2017405454286,131.0844307484551,131.7629646957624,13970300.0
2025-03-24,132.24481201171875,134.1623981809374,131.40894881240482,134.06406927787478,14019000.0
2025-03-25,130.54356384277344,133.98046868805216,130.1502182400433,130.73040825588075,17943400.0
2025-03-26,130.04205322265625,132.42182876418846,128.95050185807332,131.31060561681676,15933500.0
2025-03-27,133.37570190429688,135.49488250183475,130.67140958672508,131.23192782804085,16688300.0
2025-03-28,130.2288818359375,131.97931036914542,129.2160026035977,131.28110463361162,13271500.0
2025-03-31,130.03221130371094,130.66157331352667,125.87252200454084,127.86878033279268,12183800.0
2025-04-01,130.49440002441406,131.87113973012296,129.3438483092868,130.5435719791133,11627500.0
2025-04-02,127.63275909423828,130.6222397809585,127.0033971083772,129.76670481717775,21240900.0
2025-04-03,127.180419921875,128.49814430549736,123.41407619436627,123.55666286173938,30607600.0
2025-04-04,114.60299682617188,116.89427184206006,109.45009264020052,115.61587605997488,57154500.0
2025-04-07,104.21851348876952,112.22321823794286,100.93402360868616,104.84787547131484,61386600.0
2025-04-08,97.7183837890625,107.18832181348792,96.12530694741692,106.46062338079965,52100200.0
2025-04-09,103.03845977783205,105.26089862040442,94.13888352109905,98.92793488439902,74981900.0
2025-04-10,102.44843292236328,106.64745829560636,99.68514010656077,105.08388915861244,53133400.0
2025-04-11,105.9394302368164,106.2482067024208,100.4915093028695,103.03845748630624,40522800.0
2025-04-14,112.07571411132812,114.07197242841144,109.84343941494416,110.0106195592622,32926100.0
2025-04-15,110.41380310058594,112.10521633696104,109.61726843796696,111.88887173659856,16172300.0
2025-04-16,104.97571563720705,107.15881837124716,104.18900938081148,106.3770338118532,18031600.0
2025-04-17,107.06047821044922,109.6615124561346,106.61795314327507,108.99281441242434,17885000.0
2025-04-21,108.31920623779295,108.39787836414222,105.48706970991536,106.92280975673492,12145700.0
2025-04-22,113.95396423339844,115.47820479698248,111.13167109665636,112.45923134416576,27662400.0
2025-04-23,116.99260711669922,121.75215813119952,116.7762625246607,117.60229732780402,25762800.0
2025-04-24,117.30728912353516,117.35645357504836,115.62571182901183,115.97480719432696,13696000.0
2025-04-25,118.28083038330078,118.48733908252962,116.30423640127232,116.60908900711304,9306400.0
2025-04-28,116.40258026123048,118.66434756324936,115.34052909197636,117.51379588118408,10748000.0
2025-04-29,116.9040985107422,117.88747755861964,115.73388254552698,115.77321860775248,8295500.0
2025-04-30,117.44496154785156,117.94648696965392,116.22557361301357,117.11060876578772,10144800.0
2025-05-01,118.52667999267578,119.43138695085058,117.37612826308911,118.19233470479742,8690200.0
2025-05-02,123.66975402832033,124.5154606293044,122.18484953088264,123.91067709897912,18092500.0
2025-05-05,124.4662857055664,125.01697557117758,122.63720007754443,122.92238090154645,9868800.0
2025-05-06,125.53817749023438,127.5737643918382,125.36608314946454,126.31996206155262,17919700.0
2025-05-07,121.18180847167967,122.88796428918025,120.86712746321729,122.83388564175404,15979200.0
2025-05-08,123.69925689697266,124.707221966904,122.10618006682124,123.26656769561588,10846800.0
2025-05-09,123.24690246582033,125.64634233033487,123.10922999419188,124.87930784480884,11172200.0
2025-05-12,130.34689331054688,131.84163363625382,130.10104855326753,131.6449458262918,22631700.0
2025-05-13,129.46185302734375,130.81991133389658,128.03595632771285,128.82266261187365,16123600.0
2025-05-14,131.82196044921875,132.27430639489452,130.44522082002425,131.84653892261545,18278300.0
2025-05-15,121.84066772460938,124.22044326266732,120.6114438926472,124.1417711368009,35442800.0
2025-05-16,121.4079818725586,124.00410207682572,121.2604735081506,123.689421067296,20090000.0
2025-05-19,120.91629028320312,121.01462669028456,118.00548911858836,118.18249765236972,11197000.0
2025-05-20,123.07972717285156,123.13872751582608,122.08651221812175,122.22418468678688,11790000.0
2025-05-21,121.53581237792967,123.9647598156488,120.72944186240956,123.36489799894136,8521400.0
2025-05-22,119.4608917236328,120.13941817448752,118.91019434728868,119.47072011238788,7820900.0
2025-05-23,118.72335815429688,119.03016894224412,117.3013853599889,117.59247072583176,7163400.0
2025-05-27,117.53346252441406,118.01040197105168,116.91393641451788,117.88256539355822,8544500.0
2025-05-28,114.79966735839844,115.96005492903272,114.57349437999775,115.49786557849217,11707700.0
2025-05-29,115.23236083984376,117.35645575029096,114.7603355805294,117.05653233351671,12356300.0
2025-05-30,111.94786834716795,113.15742788949154,109.74510135825383,113.09842754684686,17213200.0
2025-06-02,112.8427505493164,113.48194845817416,111.76988060123536,112.99025891329698,13147200.0
2025-06-03,113.05908966064452,113.8851244546938,112.51331399222389,113.46227116652476,14008900.0
2025-06-04,117.46463012695312,118.00549163129809,114.7210090488021,114.87343160841192,18115500.0
2025-06-05,117.96614837646484,119.52972494661677,117.15977786624023,118.93969152235618,15332200.0
2025-06-06,117.39579010009766,117.77930733531038,116.25507428583558,117.02210875626103,9753200.0
2025-06-09,119.4608917236328,120.12466808876808,118.1234955994335,119.07736698716688,10410600.0
2025-06-10,119.85424041748048,120.12959286400176,117.88748224356496,118.61026647268586,8892800.0
2025-06-11,118.33000183105467,121.4079755291533,118.05465689992596,120.59176912431693,10443100.0
2025-06-12,116.62000274658205,117.5500030517578,115.9499969482422,117.5199966430664,10204500.0
2025-06-13,112.87000274658205,114.77999877929688,112.2689971923828,113.66999816894533,13355100.0
2025-06-16,115.95999908447266,116.9000015258789,114.87000274658205,114.9800033569336,10242900.0
2025-06-17,115.02999877929688,116.61000061035156,115.02999877929688,115.94000244140624,10205700.0
2025-06-18,113.48999786376952,114.3000030517578,113.0199966430664,113.63999938964844,14002300.0
2025-06-20,113.01000213623048,114.427001953125,112.62200164794922,114.11000061035156,12737300.0
2025-06-23,113.08999633789062,113.08999633789062,111.26000213623048,112.11499786376952,12536500.0
2025-06-24,117.01000213623048,117.31999969482422,113.62000274658205,114.61499786376952,17125100.0
2025-06-25,114.5500030517578,117.4499969482422,114.16999816894533,117.1999969482422,12835500.0
2025-06-26,113.93000030517578,114.1999969482422,113.37999725341795,114.0999984741211,8388000.0
2025-06-27,114.08000183105467,115.5,113.31999969482422,114.37000274658205,12355500.0
2025-06-30,113.41000366210938,113.48999786376952,111.4000015258789,112.45999908447266,10457300.0
2025-07-01,113.97000122070312,114.79000091552734,112.73999786376952,112.9499969482422,9243200.0
2025-07-02,110.70999908447266,111.81999969482422,110.37000274658205,111.56999969482422,13843800.0
2025-07-03,108.6999969482422,109.08000183105467,107.9499969482422,108.33499908447266,11847200.0
2025-07-07,106.2699966430664,108.1999969482422,105.94000244140624,107.43000030517578,17446200.0
2025-07-08,107.98999786376952,109.12999725341795,107.91000366210938,108.76499938964844,11319900.0
2025-07-09,103.83000183105467,105.5250015258789,103.70999908447266,105.4800033569336,24609300.0
2025-07-10,106.63999938964844,106.76000213623048,104.41400146484376,105.13999938964844,13554500.0
2025-07-11,106.72000122070312,107.41999816894533,106.3000030517578,106.91000366210938,10774600.0
2025-07-14,108.22000122070312,108.8000030517578,107.19000244140624,107.6449966430664,13231300.0
2025-07-15,116.97000122070312,117.21499633789062,113.2040023803711,114.65499877929688,34785400.0
2025-07-16,115.7300033569336,116.02999877929688,114.04000091552734,115.5,14439000.0
2025-07-17,117.3000030517578,118.1999969482422,114.86000061035156,115.04000091552734,14573600.0
2025-07-18,120.2300033569336,122.16000366210938,119.7699966430664,121.37999725341795,26787700.0
2025-07-21,120.2699966430664,122.30999755859376,118.25,119.51000213623048,17937600.0
2025-07-22,120.70999908447266,121.83999633789062,119.0,120.44000244140624,11551500.0
2025-07-23,122.58000183105467,123.86499786376952,121.4000015258789,122.79499816894533,12874200.0
2025-07-24,121.1500015258789,123.98999786376952,120.4499969482422,121.8499984741211,11378400.0
2025-07-25,120.02999877929688,120.4800033569336,119.33999633789062,120.19000244140624,7060600.0
2025-07-28,122.1500015258789,123.4499969482422,121.52999877929688,122.02999877929688,11207400.0
2025-07-29,119.36000061035156,122.87000274658205,119.0500030517578,122.48999786376952,13599700.0
2025-07-30,117.37999725341795,119.58999633789062,116.83999633789062,119.04499816894533,12794100.0
2025-07-31,120.62999725341795,121.33999633789062,117.5199966430664,117.81999969482422,13650400.0
2025-08-01,117.06999969482422,118.37000274658205,116.11000061035156,118.05999755859376,12424300.0
2025-08-04,117.5,119.48999786376952,116.86000061035156,118.3499984741211,7272100.0
2025-08-05,117.04000091552734,118.6500015258789,116.87000274658205,118.0999984741211,5885600.0
2025-08-06,120.86000061035156,121.29000091552734,117.7699966430664,118.87999725341795,12079600.0
2025-08-07,120.95999908447266,122.27999877929688,119.5999984741211,121.33999633789062,9480600.0
2025-08-08,120.36000061035156,120.6999969482422,118.65499877929688,119.31999969482422,9763600.0
2025-08-11,118.63999938964844,121.3000030517578,118.12000274658205,120.43000030517578,12072000.0
2025-08-12,122.41999816894533,122.79000091552734,118.0999984741211,118.80999755859376,11939800.0
2025-08-13,126.86000061035156,127.93000030517578,125.08000183105467,126.69000244140624,19362500.0
2025-08-14,122.27999877929688,123.93000030517578,121.33999633789062,123.7300033569336,15045600.0
2025-08-15,121.26000213623048,122.18900299072266,120.68000030517578,120.9800033569336,11141800.0
2025-08-18,121.4000015258789,123.1500015258789,120.9000015258789,121.91999816894533,8550400.0
2025-08-19,119.98999786376952,122.58000183105467,119.98999786376952,121.58000183105467,8106100.0
2025-08-20,119.48999786376952,120.80999755859376,118.66999816894533,119.91999816894533,7095800.0
2025-08-21,118.08999633789062,119.2699966430664,117.51000213623048,117.87999725341795,8231200.0
2025-08-22,122.94000244140624,123.4000015258789,120.27999877929688,120.4749984741211,13855300.0
2025-08-25,124.3499984741211,126.7300033569336,123.5,125.18000030517578,12888400.0
2025-08-26,124.19000244140624,126.0,123.72000122070312,125.29499816894533,8706100.0
2025-08-27,122.2300033569336,122.51499938964844,120.79000091552734,121.1999969482422,13833100.0
2025-08-28,119.56999969482422,121.25,117.5999984741211,119.52999877929688,14501100.0
2025-08-29,135.0,136.64999389648438,128.50999450683594,128.8800048828125,82165100.0
2025-09-02,138.5500030517578,138.8300018310547,133.05999755859375,134.47000122070312,41625400.0
2025-09-03,136.4499969482422,137.77000427246094,135.5800018310547,136.6999969482422,16470500.0
2025-09-04,130.9199981689453,134.25,130.05999755859375,133.16000366210938,24730900.0
2025-09-05,135.5800018310547,135.61000061035156,132.6999969482422,135.02999877929688,19202500.0
2025-09-08,141.1999969482422,141.22000122070312,138.7689971923828,139.8800048828125,20095300.0
2025-09-09,147.10000610351562,148.0,144.64999389648438,145.39999389648438,32792300.0
2025-09-10,143.92999267578125,145.9199981689453,143.22999572753906,145.4199981689453,21079900.0
2025-09-11,155.44000244140625,156.8489990234375,147.86000061035156,148.1199951171875,50089200.0
2025-09-12,155.05999755859375,155.4600067138672,152.05999755859375,154.07000732421875,20903300.0
2025-09-15,158.0399932861328,159.6999969482422,156.72999572753906,159.08999633789062,23567200.0
2025-09-16,162.2100067138672,163.0,157.58999633789062,158.36000061035156,26017700.0
2025-09-17,166.1699981689453,167.32000732421875,163.25999450683594,166.0,29344300.0
2025-09-18,162.47999572753906,164.7899932861328,161.3000030517578,162.5,19529600.0
2025-09-19,162.80999755859375,166.25,162.61000061035156,164.69000244140625,18183200.0
2025-09-22,164.25,167.43499755859375,163.02999877929688,163.75999450683594,18667700.0
2025-09-23,163.0800018310547,167.8300018310547,162.8000030517578,165.00999450683594,18278600.0
2025-09-24,176.44000244140625,180.1600036621093,175.0,175.97999572753906,52642300.0
2025-09-25,175.47000122070312,175.77000427246094,170.43499755859375,173.39999389648438,20712200.0
2025-09-26,171.91000366210938,172.75999450683594,169.6999969482422,172.1699981689453,15971100.0
2025-09-29,179.89999389648438,181.343994140625,177.58999633789062,178.0800018310547,21576300.0
2025-09-30,178.72999572753906,182.1499938964844,177.10000610351562,181.6600036621093,18681500.0
2025-10-01,182.77999877929688,183.0800018310547,178.8699951171875,179.97999572753906,14966900.0
2025-10-02,189.33999633789065,192.6699981689453,188.3000030517578,188.5800018310547,23687800.0
2025-10-03,188.02999877929688,191.07000732421875,187.134994506836,190.72000122070312,13990900.0
2025-10-06,187.22000122070312,189.6100006103516,186.3099975585937,186.5,10973500.0
2025-10-07,181.3300018310547,188.6600036621093,180.44000244140625,187.40499877929688,16942200.0
2025-10-08,181.1199951171875,182.08999633789065,177.3000030517578,180.7899932861328,15883700.0
2025-10-09,173.67999267578125,178.77999877929688,172.3000030517578,178.52000427246094,21211600.0
2025-10-10,159.00999450683594,172.92999267578125,157.25,170.02999877929688,50296800.0
2025-10-13,166.80999755859375,168.7899932861328,165.02999877929688,167.77999877929688,25703100.0
2025-10-14,162.86000061035156,166.5,160.0,160.0500030517578,18583200.0
2025-10-15,165.91000366210938,168.10000610351562,164.60000610351562,168.07000732421875,15337400.0
2025-10-16,165.08999633789062,168.3000030517578,164.4600067138672,166.52000427246094,10979700.0
