Date,Open,High,Low,Close,Volume
2022-11-25,5.725807306747326,5.726092598238552,5.714674949645995,5.714674949645996,1500
2022-11-28,5.7260915722784205,5.7260915722784205,5.599923610687256,5.599923610687256,1600
2022-11-29,5.600494002092566,5.600494002092566,5.581083297729492,5.581083297729492,100
2022-11-30,5.913061141967773,5.913061141967773,5.913061141967773,5.913061141967773,100
2022-12-01,6.01439399657779,6.01439399657779,5.960158681535835,5.969578742980957,400
2022-12-02,6.069770812988281,6.069770812988281,6.069770812988281,6.069770812988281,100
2022-12-05,5.943030032558553,5.943030032558553,5.8562541007995605,5.8562541007995605,100
2022-12-06,5.671857826639154,5.680420926989338,5.624187469482422,5.624187469482422,300
2022-12-07,5.583367185017851,5.609057569083595,5.583367185017851,5.593643665313721,2500
2022-12-08,5.680420025306894,5.696976184844971,5.680420025306894,5.696976184844971,100
2022-12-09,5.619050025939941,5.619050025939941,5.619050025939941,5.619050025939941,0
2022-12-12,5.629037490617432,5.7312278747558585,5.629037490617432,5.731227874755859,800
2022-12-13,5.750069618225098,5.750069618225098,5.750069618225098,5.750069618225098,0
2022-12-14,5.73551082611084,5.73551082611084,5.73551082611084,5.73551082611084,0
2022-12-15,5.463479489846015,5.472043133597105,5.44349819887615,5.461767196655273,1700
2022-12-16,5.463479995727539,5.463479995727539,5.463479995727539,5.463479995727539,100
2022-12-19,5.301058292388916,5.301058292388916,5.301058292388916,5.301058292388916,100
2022-12-20,5.298491477966309,5.298491477966309,5.298491477966309,5.298491477966309,100
2022-12-21,5.389261722564697,5.389261722564697,5.389261722564697,5.389261722564697,100
2022-12-22,5.236834526062012,5.236834526062012,5.236834526062012,5.236834526062012,100
2022-12-23,5.1215128898620605,5.1215128898620605,5.1215128898620605,5.1215128898620605,100
2022-12-27,4.954524993896484,4.954524993896484,4.954524993896484,4.954524993896484,100
2022-12-28,4.942821979522705,4.942821979522705,4.942821979522705,4.942821979522705,100
2022-12-29,5.136927127838135,5.136927127838135,5.136927127838135,5.136927127838135,0
2022-12-30,5.194301605224609,5.194301605224609,5.194301605224609,5.194301605224609,0
2023-01-03,5.069561004638672,5.069561004638672,5.069561004638672,5.069561004638672,100
2023-01-04,5.2077178955078125,5.2077178955078125,5.2077178955078125,5.2077178955078125,0
2023-01-05,5.132073136283104,5.152625550106735,5.132073136283104,5.1409220695495605,800
2023-01-06,5.183741569519043,5.183741569519043,5.183741569519043,5.183741569519043,100
2023-01-09,5.349298712036285,5.3778436383080335,5.329602718353271,5.329602718353272,2400
2023-01-10,5.321874705235152,5.3744988441467285,5.321874705235152,5.3744988441467285,900
2023-01-11,5.422662498373969,5.422662498373969,5.411067485809326,5.411067485809326,400
2023-01-12,5.470529556274413,5.470529556274413,5.470529556274413,5.470529556274414,100
2023-01-13,5.483908107606274,5.504422664642334,5.483908107606274,5.504422664642334,200
2023-01-17,5.595101878276421,5.595101878276421,5.555261929498009,5.566559791564941,400
2023-01-18,5.618887942267513,5.618887942267513,5.503530979156494,5.503530979156494,500
2023-01-19,5.4021481601219845,5.4021481601219845,5.369741439819336,5.369741439819336,1000
2023-01-20,5.494314540598241,5.620672225952148,5.494314540598241,5.620672225952148,1600
2023-01-23,5.755948060860131,5.758623527367558,5.755948060860131,5.757434368133545,1000
2023-01-24,5.752976704168401,5.752976704168401,5.725029468536376,5.725029468536377,600
2023-01-25,5.574590033792619,5.745841503143311,5.574590033792619,5.745841503143311,100
2023-01-26,5.823140621185302,5.823140621185302,5.823140621185302,5.823140621185303,100
2023-01-27,5.874576368297781,5.874576368297781,5.84811544418335,5.84811544418335,400
2023-01-30,5.797571132332497,5.797571132332497,5.591534137725831,5.59153413772583,700
2023-01-31,5.574588262660377,5.689945220947266,5.574588262660377,5.689945220947266,200
2023-02-01,5.686377732459186,5.918875694274902,5.686377732459186,5.918875694274902,400
2023-02-02,6.116885662078857,6.116885662078857,6.116885662078857,6.116885662078857,100
2023-02-03,6.101127136659068,6.151372948638202,6.101127136659068,6.113317012786865,900
2023-02-06,6.109748101741825,6.109748101741825,6.045231819152831,6.045231819152832,3100
2023-02-07,5.78567949296354,5.97595917198267,5.782706878031361,5.950687408447266,6600
2023-02-08,5.971125780898131,5.971125780898131,5.746304512023926,5.746304512023926,1400
2023-02-09,5.864218649042877,5.864218649042877,5.551355838775635,5.551355838775635,8000
2023-02-10,5.404827839303153,5.405142701600502,5.301064219539759,5.345714092254639,4800
2023-02-13,5.301378908980944,5.47746249440886,5.300435521595078,5.461740970611572,3200
2023-02-14,5.439729475942676,5.635622978210449,5.348543567136133,5.635622978210449,3300
2023-02-15,5.691277164321947,5.776174811130841,5.686560228563092,5.770514488220215,2400
2023-02-16,5.7415870053837015,5.870191130992578,5.6629782028999225,5.6774420738220215,10900
2023-02-17,5.637824985320965,5.638139247894287,5.512050986152775,5.638139247894287,11300
2023-02-21,5.523056541799421,5.603237284196473,5.3494882314548,5.349802494049072,25800
2023-02-22,5.386274842593569,5.474316916631834,5.345398529487896,5.4680280685424805,25200
2023-02-23,5.502616591840623,5.502616591840623,5.193841081878188,5.386275291442871,58700
2023-02-24,5.1913254640523006,5.247923898627822,5.128438181248926,5.182835578918457,7200
2023-02-27,5.273079732437776,5.288801256372456,5.238491660096247,5.269306182861328,12000
2023-02-28,5.326220333177659,5.408288461569852,5.320246344381147,5.363009452819824,26600
2023-03-01,5.364894392413003,5.379987390165308,5.3233889484629895,5.3406829833984375,13700
2023-03-02,5.502616928271885,5.502616928271885,5.1900684498746825,5.36237907409668,23400
2023-03-03,5.405142370932859,5.47746233791446,5.364265450647487,5.455451965332031,38200
2023-03-06,5.502617122976413,5.508905972196855,5.388476848602295,5.388476848602295,48400
2023-03-07,5.411430264443482,5.4491627576295,5.304207970923931,5.322445392608643,18900
2023-03-08,5.35604507289562,5.35604507289562,5.227578935879761,5.303011894226074,15600
2023-03-09,5.352750373146589,5.352750373146589,5.182121276855469,5.182121276855469,28300
2023-03-10,5.079348703111689,5.085936540638053,4.82571051846926,4.919919013977051,40000
2023-03-13,4.91794302788124,5.135347018613767,4.77959497666229,5.047397136688232,14000
2023-03-14,5.144900061766677,5.184757253339489,5.089231241423999,5.135347366333008,11800
2023-03-15,5.095818904923267,5.217696886765962,5.089230753079699,5.184756755828857,14500
2023-03-16,5.24075515878443,5.357692034974519,5.220991330143477,5.3425397872924805,14900
2023-03-17,5.34286953426663,5.362633993140977,5.257225744794091,5.317505836486816,37100
2023-03-20,5.372515445057587,5.372515445057587,5.213415262395635,5.253931522369385,39400
2023-03-21,5.362632684095558,5.543473229170077,5.276988601388744,5.5306267738342285,25000
2023-03-22,5.570155433030077,5.570155433030077,5.346163272857666,5.346163272857666,81000
2023-03-23,5.306635234729904,5.447947515445227,5.188051010581065,5.257225036621094,85400
2023-03-24,5.207813969718694,5.2618354222096775,5.1551097075461145,5.211107730865479,43300
2023-03-27,5.356045691400648,5.356045691400648,5.230873615937338,5.253931522369385,42000
2023-03-28,5.250635280097462,5.250635280097462,5.151815542357258,5.170261859893799,26200
2023-03-29,5.240753256224609,5.332985470200479,5.227577270533811,5.286869049072266,27600
2023-03-30,5.41533789686104,5.41533789686104,5.3198115649289806,5.329693794250488,39200
2023-03-31,5.398865831003545,5.487803982318929,5.3609849061723205,5.461452007293701,34400
2023-04-03,5.464746949951675,5.464746949951675,5.329692977979501,5.421924591064453,79300
2023-04-04,5.461450951504986,5.461450951504986,5.369218742606378,5.3725128173828125,51700
2023-04-05,5.408749158455621,5.408749158455621,5.164993182773793,5.217697143554688,62900
2023-04-06,5.166641486176711,5.309251568139689,5.136009173082206,5.27895975112915,61600
2023-04-10,5.265348125276957,5.306191122145457,5.19387279960926,5.292576789855957,41500
2023-04-11,5.312997493581717,5.347033482549763,5.289172496058833,5.30959415435791,56300
2023-04-12,5.405575593791242,5.405575593791242,5.173450960362445,5.2211012840271,99500
2023-04-13,5.224503125097208,5.415103704065312,5.224503125097208,5.340224742889404,38300
2023-04-14,5.394683647250936,5.418508644089564,5.294618011346223,5.319804668426514,20900
2023-04-17,5.3334177423692095,5.377664386497702,5.295978424071791,5.343628406524658,44200
2023-04-18,5.404892742751465,5.415103406344158,5.323206784827638,5.381067752838135,26400
2023-04-19,5.34022477280411,5.404893070188201,5.275556800011182,5.387875080108643,31400
2023-04-20,5.3095934555921165,5.326611123245294,5.190467834472656,5.190467834472656,47800
2023-04-21,5.255136165110159,5.255136165110159,5.1734501864121,5.241521835327148,42100
2023-04-24,5.251732476715945,5.251732476715945,5.105378197841957,5.190467834472656,41400
2023-04-25,5.173450570788285,5.173450570788285,5.023692932048508,5.0304999351501465,44500
2023-04-26,5.09516837104826,5.112186366093975,4.935199736964547,4.942007064819336,51300
2023-04-27,4.945409796643299,5.006674441445399,4.9045668083056375,4.993060111999512,25700
2023-04-28,4.979446275818489,5.040710926689477,4.918181624947501,5.0304999351501465,39100
2023-05-01,5.044113940441078,5.044113940441078,4.982509121915639,5.016885280609131,53500
2023-05-02,5.044113230657131,5.044113230657131,4.897759285802461,4.901162624359131,45300
2023-05-03,4.955621551403082,5.0066752135506025,4.897760561187217,4.918181896209717,43200
2023-05-04,4.976041346897283,5.040709645173888,4.9215840375640365,5.027095317840576,62300
2023-05-05,5.074208671608631,5.245210122380104,5.074208671608631,5.234740734100342,39000
2023-05-08,5.2661498869531895,5.27661927653552,5.19286349424509,5.252190589904785,52300
2023-05-09,5.252190319747031,5.311517412355109,5.196353134425517,5.287088394165039,42300
2023-05-10,5.3952724560024,5.412721657244382,5.332455464657597,5.356884479522705,45000
2023-05-11,5.360374215289143,5.412721820594887,5.33245562558575,5.381313323974609,42000
2023-05-12,5.388292955174144,5.423191359683989,5.276618593248002,5.2905778884887695,30000
2023-05-15,5.273127945335891,5.423190597701563,5.273127945335891,5.374332904815674,48100
2023-05-16,5.4022509743590525,5.4022509743590525,5.276617346867832,5.30802583694458,23800
2023-05-17,5.374335155875087,5.409233570098877,5.287089453131557,5.409233570098877,30300
2023-05-18,5.433659668865571,5.454598773976449,5.381312405312053,5.4476189613342285,58000
2023-05-19,5.496477197567557,5.496477197567557,5.398762140577007,5.451109409332275,41600
2023-05-22,5.496476634919082,5.594192014722786,5.444129371522357,5.552313804626465,49000
2023-05-23,5.57674314789,5.57674314789,5.517416397616286,5.5209059715271,39600
2023-05-24,5.489497902550082,5.51043701171875,5.461579312202423,5.51043701171875,59300
2023-05-25,5.576742514573847,5.576742514573847,5.40923100450839,5.440639495849609,66500
2023-05-26,5.412721359770319,5.559294109642244,5.409231453150555,5.545334815979004,43400
2023-05-30,5.632580595319647,5.689814269632879,5.5736026331908,5.608151912689209,85000
2023-05-31,5.636071015794009,5.670969422288285,5.57325435004653,5.667479515075684,28000
2023-06-01,5.667479831538434,5.723317018794436,5.622112366504849,5.716337203979492,54300
2023-06-02,5.765195306311418,5.765195306311418,5.6953984886475695,5.719827175140381,75900
2023-06-05,5.719825426271331,5.747744011674248,5.667478161844809,5.712846279144287,70900
2023-06-06,5.712847366551359,5.796603138702531,5.653520278073649,5.793113231658936,58600
2023-06-07,5.818316967554884,5.8471204897019815,5.760709923260688,5.782312393188477,132100
2023-06-08,5.818315962186559,5.821916487674065,5.767909978821509,5.803914546966553,47100
2023-06-09,5.832716941833496,5.879522390704963,5.832716941833496,5.832716941833496,68700
2023-06-12,5.886723632863244,5.890324157775737,5.828756074520995,5.868721008300781,80300
2023-06-13,5.911928120429377,5.9839372634887695,5.8579216064998745,5.9839372634887695,107500
2023-06-14,6.005540655435425,6.005540655435425,5.872323926304317,5.936412334442139,58900
2023-06-15,5.911927810883136,6.0091399429043015,5.911927810883136,6.005539417266846,51800
2023-06-16,6.048743079924147,6.063145179446444,5.998696951525002,6.0271406173706055,69800
2023-06-20,6.048745065683707,6.06314716993411,5.951533608913993,6.03074312210083,102000
2023-06-21,6.066747040472545,6.081148456436718,5.854320832843063,5.883124351501465,123200
2023-06-22,5.868721724712412,5.893925402176545,5.778710651101915,5.843518733978272,104500
2023-06-23,5.814714193803914,5.84711822953509,5.730823959393609,5.802833080291748,89800
2023-06-26,5.8147164414452295,5.890326116287697,5.773671267871334,5.782312393188477,69400
2023-06-27,5.883123756473082,5.958732727780405,5.813634922788745,5.951532363891602,110700
2023-06-28,5.9767346425023735,6.055944129685296,5.926327980904238,6.0271406173706055,80700
2023-06-29,6.055944586723444,6.055944586723444,5.9983375577465,6.012739658355713,99400
2023-06-30,6.113553539393951,6.117154065679198,6.027502815348018,6.06314754486084,125100
2023-07-03,6.131555433365524,6.156758427600864,6.099151387425775,6.138755798339844,134900
2023-07-05,6.153157567579198,6.163959144549192,6.09627022362597,6.145956516265869,196000
2023-07-06,6.138755753625322,6.138755753625322,5.911928120429377,5.9839372634887695,206700
2023-07-07,5.963448775694927,6.134790495738788,5.963448775694927,6.0342206954956055,115600
2023-07-10,6.093818850514649,6.215620601377844,6.045768677184132,6.201838493347168,118200
2023-07-11,6.268886180471904,6.280060921456411,6.201839155474135,6.2390875816345215,102700
2023-07-12,6.324757463197236,6.324757463197236,6.246536420052962,6.302408695220947,113200
2023-07-13,6.321033117740286,6.321033117740286,6.268885750961385,6.272610664367676,109900
2023-07-14,6.328481842022102,6.369455171898457,6.257709920541434,6.268884658813477,87700
2023-07-17,6.313583538274666,6.369455814361572,6.26888529113242,6.369455814361572,259500
2023-07-18,6.362005770816866,6.376905422840267,6.33630436839466,6.350831031799316,175900
2023-07-19,6.388081073760986,6.429054416776675,6.37690704236012,6.388081073760986,110300
2023-07-20,6.388081033024338,6.388081033024338,6.239088028173812,6.257711887359619,149900
2023-07-21,6.3322090359746666,6.38435641245483,6.201839884319538,6.317309379577637,83600
2023-07-24,6.324758464485166,6.324758464485166,6.170178455033319,6.2390875816345215,186700
2023-07-25,6.3247588840825335,6.331463444936177,6.224188339913825,6.25026273727417,109800
2023-07-26,6.220462841311645,6.391804582705427,6.190291258070178,6.369455814361572,144100
2023-07-27,6.455127437619808,6.455127437619808,6.147828817634074,6.183215141296387,195200
2023-07-28,6.347107062444207,6.5035491517106045,6.332207409873385,6.466301441192627,161800
2023-07-31,6.510999165647116,6.574321269989014,6.503549339146996,6.574321269989014,196500
2023-08-01,6.537072459404095,6.544522285461426,6.429052823390877,6.544522285461426,221900
2023-08-02,6.440227061508836,6.440227061508836,6.168314115203804,6.216737270355225,268200
2023-08-03,6.183215203307954,6.183215203307954,6.101268524914118,6.1720404624938965,263800
2023-08-04,6.216331941904564,6.216331941904564,6.025956865109079,6.045382976531982,327000
2023-08-07,6.09200642528646,6.09200642528646,5.905516243633651,6.002646446228027,232700
2023-08-08,5.994876222692083,6.002646446228027,5.889975426039444,6.002646446228027,120500
2023-08-09,6.022069454902467,6.022069454902467,5.788956940697391,5.8394646644592285,221600
2023-08-10,5.917171676778312,5.928827567693502,5.711255754066689,5.734567165374756,184800
2023-08-11,5.730681868403026,5.788959840889725,5.680174119337474,5.734567165374756,153400
2023-08-14,5.71125440504597,5.7617621421813965,5.633550336576941,5.7617621421813965,235900
2023-08-15,5.730683035163986,5.761764676221389,5.672405050811952,5.684060573577881,178400
2023-08-16,5.676287481567989,5.676287481567989,5.505338530937219,5.548075675964356,249700
2023-08-17,5.575272175950697,5.575272175950697,5.388782047856424,5.423748970031738,188900
2023-08-18,5.283882188685884,5.462601743111143,5.279996892377841,5.450945854187012,196700
2023-08-21,5.509223800309241,5.5519609451293945,5.439289953765148,5.5519609451293945,187600
2023-08-22,5.629665285645509,5.629665285645509,5.478142438163965,5.528649806976318,122800
2023-08-23,5.555847095650384,5.641321768958867,5.52321112266671,5.6257805824279785,148100
2023-08-24,5.680173830651444,5.680173830651444,5.454831805056142,5.478143215179443,206300
2023-08-25,5.478142616746153,5.575272802358516,5.427634875765054,5.555846691131592,185900
2023-08-28,5.633551611067231,5.633551611067231,5.540695015189317,5.594699382781982,228700
2023-08-29,5.610239368595308,5.765647888183594,5.551961405326109,5.765647888183594,191500
2023-08-30,5.765648121957321,5.785074234008789,5.722910601339638,5.785074234008789,196600
2023-08-31,5.800614437814528,5.800614437814528,5.773417735601721,5.788958549499512,240000
2023-09-01,5.812270696196952,5.812270696196952,5.76953354516309,5.804500102996826,234400
2023-09-05,5.816155749631877,5.827811268422488,5.765648007509544,5.823925971984863,542800
2023-09-06,5.84335276692032,5.855008287073823,5.804500539045565,5.847238063812256,270100
2023-09-07,5.831697491879458,5.843353012522857,5.750108106331027,5.827812194824219,271000
2023-09-08,5.881169197070379,5.881169197070379,5.801532210615731,5.829405307769775,273200
2023-09-11,5.801530449523862,5.897094728312831,5.801530449523862,5.881167411804199,181200
2023-09-12,5.849312870287102,5.91302252119144,5.849312870287102,5.897095203399658,224200
2023-09-13,5.84931498981194,5.8692242392001726,5.79755147303482,5.8254241943359375,105300
2023-09-14,5.841349455874533,5.887538791823718,5.805512895573661,5.853294849395752,98000
2023-09-15,5.841348843231642,5.853294235500024,5.75773033787862,5.785603046417236,110000
2023-09-18,5.785603685549302,5.787594647770168,5.658185141311582,5.694021701812744,195000
2023-09-19,5.6940222067529,5.6940222067529,5.562621726420985,5.598458290100098,207700
2023-09-20,5.638275299036732,5.694021096079068,5.514838692372011,5.546693325042725,148500
2023-09-21,5.439184201553062,5.44197147269841,5.347602218356095,5.37547492980957,207000
2023-09-22,5.451130458574319,5.45511238362336,5.2560206880185865,5.260002613067627,153800
2023-09-25,5.260001993702484,5.303802024872663,5.199876299595947,5.2560200691223145,172600
2023-09-26,5.287874038278917,5.3237105954988,5.211821035196609,5.232128620147705,148700
2023-09-27,5.299819516533392,5.315746832221288,5.192309850837223,5.2878737449646,115700
2023-09-28,5.287874832660172,5.359547957867171,5.211821818152652,5.323711395263672,60100
2023-09-29,5.395383832663509,5.435201935129062,5.379456515729848,5.411311149597168,133200
2023-10-02,5.419274675801522,5.423256600011562,5.315747304500849,5.33565616607666,183600
2023-10-03,5.295838082260647,5.347601957966006,5.188328406625548,5.208237648010254,164700
2023-10-04,5.2162020871904105,5.323711395263672,5.156474356272165,5.323711395263672,148800
2023-10-05,5.331673475136464,5.331673475136464,5.196291119003875,5.279909610748291,226800
2023-10-06,5.261528721521432,5.392249806167075,5.194533892934847,5.384079933166504,129000
2023-10-09,5.330974175687613,5.40858971910607,5.277868639841491,5.392249584197998,109500
2023-10-10,5.396334904886397,5.494375717778883,5.386122466302432,5.460061550140381,127900
2023-10-11,5.453523833947497,5.494373964829916,5.412673313485643,5.441268444061279,121700
2023-10-12,5.453525916694906,5.453525916694906,5.304421732770599,5.347314834594727,83200
2023-10-13,5.31463414415594,5.3158593718527065,5.208423070397755,5.212508201599121,141800
2023-10-16,5.286037748048504,5.3432284067457205,5.200251954792424,5.3391432762146,146600
2023-10-17,5.290123110310458,5.4085891738458605,5.277868107759764,5.396334171295166,247200
2023-10-18,5.330974783769339,5.377952628291167,5.187998294830322,5.187998294830322,129700
2023-10-19,5.1716582813115926,5.22884895616611,5.073617458343506,5.073617458343506,144500
2023-10-20,5.057277874109749,5.097719747224188,4.979661921922658,5.004172325134277,133800
2023-10-23,4.971490865837909,5.102211946356915,4.906130325578407,5.036851406097412,132400
2023-10-24,5.138977292476955,5.228848229158714,5.134892161359706,5.171657562255859,107100
2023-10-25,5.138975173932838,5.138975173932838,4.914706788416471,4.934723377227783,91700
2023-10-26,4.906131599964441,4.975577289423828,4.812175506751297,4.844855785369873,127300
2023-10-27,4.942895966302292,4.942895966302292,4.767239213661433,4.783579349517822,79000
2023-10-30,4.865279721461227,4.865279721461227,4.742728515490055,4.8203444480896,79400
2023-10-31,4.828513563251654,4.930639487276974,4.791748168269822,4.922469615936279,74300
2023-11-01,4.963319235504406,4.967404365539551,4.861193322102427,4.967404365539551,141400
2023-11-02,5.126722575681801,5.179828114440079,5.126722575681801,5.159402847290039,108700
2023-11-03,5.216592321128427,5.216592321128427,5.1757417961961645,5.192081928253174,184800
2023-11-06,5.216592235359151,5.216592235359151,5.053190527896167,5.13080644607544,147800
2023-11-07,5.147147897213183,5.255401151966865,5.114467625259668,5.2451887130737305,140400
2023-11-08,5.259503950610147,5.259503950610147,5.162651787023422,5.213183403015137,84000
2023-11-09,5.217395675039713,5.25318896148988,5.040534777472964,5.044745445251465,109700
2023-11-10,5.05737868892773,5.145809138333092,5.006847060923192,5.116332054138184,124100
2023-11-13,5.095277232637497,5.15423059463501,5.019479593966798,5.15423059463501,101000
2023-11-14,5.242660402747968,5.276348148825239,5.225816529709332,5.246871471405029,113700
2023-11-15,5.284771166057071,5.284771166057071,5.25571534971099,5.263716220855713,69900
2023-11-16,5.280561175087106,5.280561175087106,5.204763517518804,5.2595062255859375,88600
2023-11-17,5.3016157536781465,5.314248561859131,5.242661979517334,5.314248561859131,113000
2023-11-20,5.360568358903319,5.411100387573242,5.335302746158031,5.411100387573242,114500
2023-11-21,5.368991139893314,5.390046087426527,5.343725122535515,5.360569000244141,59000
2023-11-22,5.385834533074834,5.426681023201256,5.368990656881539,5.419522285461426,89000
2023-11-24,5.436367072879367,5.448999881744385,5.42373426401435,5.448999881744385,46100
2023-11-27,5.45742078735411,5.486897468566895,5.415310898544707,5.486897468566895,73100
2023-11-28,5.49531988348189,5.523112299049468,5.474264938017731,5.507952690124512,92500
2023-11-29,5.537428972915184,5.537428972915184,5.474264542674037,5.491108417510986,84300
2023-11-30,5.520585460574251,5.520585460574251,5.360568438321271,5.394256591796875,97300
2023-12-01,5.394255973338126,5.630070209503174,5.394255973338126,5.630070209503174,179200
2023-12-04,5.642703808854487,5.66796982422331,5.57364403616252,5.663758754730225,161000
2023-12-05,5.667968785260375,5.676390521113116,5.583749418784884,5.638492107391357,90500
2023-12-06,5.642704531284371,5.7269243255699,5.609016774206057,5.613227844238281,304900
2023-12-07,5.622662929078166,5.661262512207031,5.5557574485387,5.661262512207031,93200
2023-12-08,5.601218181576726,5.78134885893335,5.5990737151895456,5.7427496910095215,116000
2023-12-11,5.7384616921853855,5.7384616921853855,5.648396134341088,5.712728500366211,162900
2023-12-12,5.708438873291016,5.712727396919852,5.652683975964861,5.708438873291016,94900
2023-12-13,5.721305330938513,5.862836837768555,5.599073612223035,5.862836837768555,207100
2023-12-14,5.875703677910116,5.965769226353917,5.875703677910116,5.944324970245361,220500
2023-12-15,5.91859283754481,5.965769878932059,5.91859283754481,5.957192420959473,114100
2023-12-18,5.95290147329946,6.004367430767084,5.927168290058113,5.965767860412598,92200
2023-12-19,5.970057876532797,6.167344287157292,5.970057876532797,6.141611099243164,141800
2023-12-20,6.141610724211208,6.180210299217779,5.970057511976585,6.021523475646973,104900
2023-12-21,6.111589755735911,6.128745079040527,6.042110757704488,6.128745079040527,58000
2023-12-22,6.141611357974104,6.227388381958008,6.13732283398704,6.227388381958008,109700
2023-12-26,6.227387991754417,6.32603099053378,6.227387991754417,6.321742057800293,144000
2023-12-27,6.317455090436221,6.356912384026215,6.317455090436221,6.343188285827637,76800
2023-12-28,6.347474968113072,6.386074542999268,6.3431860355668,6.386074542999268,93600
2023-12-29,6.368919034827961,6.389505174218403,6.210231807396207,6.240253925323486,128000
2024-01-02,6.193077777860711,6.193077777860711,6.0000802778755,6.034390926361084,171100
2024-01-03,5.987214642967731,5.987214642967731,5.790357241747875,5.845683097839356,108300
2024-01-04,5.832816180824012,5.910014938215673,5.761621357669659,5.875704288482666,100000
2024-01-05,5.835743927186135,5.91214860736639,5.7852466195972,5.879654884338379,86700
2024-01-08,5.906000651104306,6.028950735021612,5.870872055699362,6.02455997467041,81300
2024-01-09,6.011387359195954,6.022365308672204,5.9455213374022655,5.9586944580078125,69900
2024-01-10,5.9455213374022655,5.98943229777536,5.862091015212531,5.9586944580078125,98700
2024-01-11,5.923565883318152,5.958694484265041,5.730358578110259,5.835744380950928,97300
2024-01-12,5.787443126502806,5.88843775768591,5.7391409822274175,5.756705284118652,82400
2024-01-16,5.712795709446574,5.7294818618933245,5.616191823247619,5.704013347625732,109400
2024-01-17,5.677665226761469,5.677665226761469,5.519586116261543,5.620581150054932,132200
2024-01-18,5.616190918446434,5.616190918446434,5.508170230542786,5.541542530059815,84800
2024-01-19,5.550325360429484,5.620582574562029,5.494119421617035,5.598627090454102,70600
2024-01-22,5.611800650383378,5.720260641442767,5.611800650383378,5.68644905090332,139500
2024-01-23,5.677667107835948,5.717186898554277,5.664493565085797,5.68644905090332,59300
2024-01-24,5.712794783458591,5.730359085487213,5.642537575344104,5.655710697174072,91700
2024-01-25,5.6557121351547455,5.673276441649142,5.576672546546915,5.61619234085083,101600
2024-01-26,5.642537562173364,5.721576711734673,5.625412126944986,5.65131950378418,63500
2024-01-29,5.6513204175986,5.810277732240966,5.638147293669296,5.800617218017578,96000
2024-01-30,5.809399185624531,5.809399185624531,5.7356293562955045,5.747924327850342,90400
2024-01-31,5.695229525843025,5.796224140870493,5.607408030435245,5.620581150054932,122400
2024-02-01,5.739141957376978,5.739141957376978,5.563498908620751,5.704013347625732,73700
2024-02-02,5.730359040664794,5.756705284118652,5.589844206768925,5.756705284118652,115100
2024-02-05,5.725967935013903,5.730359115235354,5.554715675271322,5.6074090003967285,103000
2024-02-06,5.682055964330657,5.796224117279053,5.650879679069673,5.796224117279053,107400
2024-02-07,5.835127580220409,5.853220982353622,5.746017693344037,5.830604553222656,103400
2024-02-08,5.835126313973011,5.916546821594238,5.835126313973011,5.916546821594238,114200
2024-02-09,5.925593249301069,5.925593249301069,5.875836084786767,5.893929481506348,156000
2024-02-12,5.912023457012388,6.020584279338573,5.909761728278441,5.993443965911865,128200
2024-02-13,5.807985678549748,5.830602531218111,5.658715054871369,5.731088638305664,180000
2024-02-14,5.762751620025103,6.011536121368408,5.762751620025103,6.011536121368408,213700
2024-02-15,6.011536886126123,6.116478847852704,6.011536886126123,6.106527328491211,144100
2024-02-16,6.102002142822057,6.133665902227858,5.993441791266288,6.034152030944824,107300
2024-02-20,5.966302985537995,5.97082644250023,5.767275624386246,5.8622660636901855,175600
2024-02-21,5.767275901080546,5.767275901080546,5.658715517062143,5.70847225189209,167000
2024-02-22,5.848696231842041,5.866789628643431,5.735612393988208,5.848696231842041,114700
2024-02-23,5.839651038598896,5.921071563888722,5.819295907276439,5.830604553222656,63700
2024-02-26,5.880358901588202,6.011536121368408,5.836934840465118,6.011536121368408,97800
2024-02-27,6.01153633428091,6.097479854540565,6.01153633428091,6.074863433837891,108200
2024-02-28,6.074863982418596,6.1155742335686005,6.070340525317348,6.083910465240479,71000
2024-02-29,6.092957218947011,6.133667469024658,6.083910304982822,6.133667469024658,111000
2024-03-01,6.156285035108935,6.156285035108935,6.09295835111492,6.151762008666992,85400
2024-03-04,6.178901281149924,6.178901281149924,6.047724036944715,6.097480773925781,126700
2024-03-05,6.025107624596688,6.056771397168629,5.866790487259665,5.907500743865967,148500
2024-03-06,6.096490596609197,6.0988354543531225,5.922975148681704,6.063663482666016,188700
2024-03-07,6.096490763887288,6.110559463500977,5.998008972119672,6.110559463500977,93900
2024-03-08,6.101181265748561,6.237179905502433,6.079608839474081,6.138698101043701,117700
2024-03-11,6.124629497528076,6.209042154673623,6.119939781232223,6.124629497528076,144400
2024-03-12,6.166835959697337,6.166835959697337,6.0589751620606425,6.143388271331787,106700
2024-03-13,6.124628330989367,6.223110118264956,6.101180201212155,6.1574554443359375,149400
2024-03-14,6.171524439937599,6.171524439937599,5.918285610090904,5.955802440643311,140800
2024-03-15,6.002699040121204,6.002699040121204,5.91359622712002,5.979250907897949,115000
2024-03-18,6.002698824169794,6.021457239826367,5.915940872235708,6.012077808380127,170600
2024-03-19,5.97925081120151,6.005043800953558,5.86670031503316,5.993319511413574,150200
2024-03-20,6.01207728321807,6.17621374130249,5.955802041164063,6.17621374130249,100000
2024-03-21,6.194973393579465,6.223111243848631,6.18090469206286,6.204352378845215,91300
2024-03-22,6.204351902615128,6.204351902615128,6.101180836431233,6.129318237304688,94600
2024-03-25,6.143386418583818,6.209040641784668,6.129317273124333,6.209040641784668,82200
2024-03-26,6.180903245337404,6.246557468538255,6.180903245337404,6.209040641784668,104800
2024-03-27,6.237178485467784,6.279385027374532,6.15745511680745,6.209040641784668,90500
2024-03-28,6.237178569166304,6.280322965235481,6.2245164275300215,6.27469539642334,83700
2024-04-01,6.326282317951671,6.326282317951671,6.129318707775383,6.204352378845215,173900
2024-04-02,6.063663742006018,6.063663742006018,5.932354386145483,6.021457195281982,244900
2024-04-03,5.974560932869519,6.049594594940737,5.934699243989697,6.021457195281982,140500
2024-04-04,6.155873754675538,6.155873754675538,5.946457020400495,5.965937614440918,188700
2024-04-05,5.951326634233168,5.985417553962489,5.888014594411609,5.975677490234375,117600
2024-04-08,6.034120884073804,6.092562675476074,5.98688033152147,6.092562675476074,202900
2024-04-09,6.087691006147837,6.097431534695577,6.043859556590938,6.077950477600098,66100
2024-04-10,6.038988741144999,6.043859004974365,5.951326314486023,6.043859004974365,117000
2024-04-11,6.043860179870201,6.097432163499505,5.961067536492197,6.082821369171143,154600
2024-04-12,6.087690905588752,6.087690905588752,5.907008098316875,5.917235374450684,134600
2024-04-15,5.970808089150372,5.970808089150372,5.659118109082645,5.6883392333984375,202100
2024-04-16,5.702948807760075,5.702948807760075,5.522753214306051,5.600675582885742,196200
2024-04-17,5.610417660907066,5.638177152429555,5.469182748276717,5.493533611297607,118300
2024-04-18,5.508144039006805,5.586066423893407,5.459442316225653,5.51301383972168,54600
2024-04-19,5.5178825163193945,5.549051554191433,5.362037791413118,5.444830417633057,102300
2024-04-22,5.45457048071274,5.50327218947291,5.358141487508894,5.444830417633057,129300
2024-04-23,5.435090317426923,5.625026439180384,5.435090317426923,5.600675582885742,136800
2024-04-24,5.644507735002236,5.678598659392334,5.576325421768029,5.639637470245361,89000
2024-04-25,5.513013477214657,5.610416916372218,5.47405228733324,5.595806121826172,104000
2024-04-26,5.659117810233546,5.678598403930664,5.566585106285736,5.678598403930664,34200
2024-04-29,5.751649518779195,5.765285884460662,5.717558140121658,5.756519317626953,87000
2024-04-30,5.737040635981015,5.737040635981015,5.615286799690095,5.629897594451904,67400
2024-05-01,5.629897449220866,5.75652108271193,5.5787605977817325,5.6883392333984375,128300
2024-05-02,5.756520496340685,5.7954816818237305,5.656682400483633,5.7954816818237305,71300
2024-05-03,5.873405565730237,5.873405565730237,5.829574108123779,5.829574108123779,192700
2024-05-06,5.954885603974358,5.954885603974358,5.880004132725142,5.944697856903076,93500
2024-05-07,5.944697786546718,5.944697786546718,5.873381614685059,5.873381614685059,94100
2024-05-08,5.858099671271236,5.858099671271236,5.751125657842043,5.802065849304199,149300
2024-05-09,5.791877520222847,5.791877520222847,5.681337724380529,5.771501541137695,109700
2024-05-10,5.796971310044021,5.796971310044021,5.593211044863644,5.603399276733398,186900
2024-05-13,5.618680561009876,5.730748671045884,5.618680561009876,5.689996719360352,85200
2024-05-14,5.720560651064764,5.791876812043717,5.720560651064764,5.751124858856201,133200
2024-05-15,5.76131307101886,5.791876792907715,5.746030724272831,5.791876792907715,104900
2024-05-16,5.761313794495951,5.791877520222847,5.761313794495951,5.771501541137695,69900
2024-05-17,5.751124939100208,5.822441101074219,5.751124939100208,5.822441101074219,70100
2024-05-20,5.827535314143781,5.853005409240724,5.783727178082499,5.853005409240723,92200
2024-05-21,5.853005409240724,5.853005409240724,5.802065704848497,5.853005409240723,100000
2024-05-22,5.84791077246729,5.868287235372213,5.776595095506518,5.817347049713135,103600
2024-05-23,5.82244168195696,5.82244168195696,5.618681407046378,5.659433364868164,131800
2024-05-24,5.705278790069846,5.751124858856201,5.644150860288572,5.751124858856201,79100
2024-05-28,5.76640703429769,5.807158989707441,5.674205771618251,5.72565507888794,172000
2024-05-29,5.7562193099722405,5.7562193099722405,5.618681095596377,5.684903144836426,120100
2024-05-30,5.6849030224274895,5.6849030224274895,5.549912354707796,5.5779290199279785,170300
2024-05-31,5.62377504596431,5.679808861763554,5.455673112764961,5.542271137237549,231900
2024-06-03,5.552458926799214,5.603399113056741,5.526989319472071,5.5779290199279785,79100
2024-06-04,5.577929247199412,5.608493457359585,5.552459153032876,5.5983052253723145,86100
2024-06-05,5.598305676630323,5.644151752665239,5.586079991580789,5.639057636260986,125900
2024-06-06,5.686622360523205,5.686622360523205,5.639585801900025,5.665482521057129,76200
2024-06-07,5.644342983226491,5.686622664418082,5.565068202982091,5.591493129730225,287300
2024-06-10,5.522788654337738,5.649627700956655,5.513275902246068,5.623203277587891,157200
2024-06-11,5.575638493894436,5.649627685546875,5.525431182406304,5.649627685546875,155800
2024-06-12,5.707762930677473,5.802891968446142,5.697192757584513,5.755327701568604,209000
2024-06-13,5.744756752135284,5.797606602430822,5.670767062524235,5.691907405853272,123700
2024-06-14,5.649627958666338,5.670767800733792,5.5967786055045,5.644343376159668,206000
2024-06-17,5.639057203737032,5.697191632224298,5.570352604244722,5.681336879730225,146800
2024-06-18,5.628488461658343,5.652270848443927,5.607348618294892,5.61263370513916,135000
2024-06-20,5.623202964549916,5.623202964549916,5.524902683691853,5.586207866668701,268900
2024-06-21,5.570353031158447,5.586207784867635,5.533358437832501,5.570353031158447,88300
2024-06-24,5.570353031158447,5.628487464101156,5.549213191541687,5.570353031158447,99100
2024-06-25,5.575639105256528,5.61263370513916,5.559784348737345,5.61263370513916,141800
2024-06-26,5.586208257577278,5.6390581130981445,5.586208257577278,5.6390581130981445,77900
2024-06-27,5.649627520867479,5.686622619628906,5.5862079995796,5.686622619628906,101600
2024-06-28,5.70247745513916,5.7077625413251205,5.662840316771578,5.70247745513916,112300
2024-07-01,5.676051755739745,5.732072351251536,5.676051755739745,5.707761764526367,93900
2024-07-02,5.734187207845583,5.75532704761588,5.728902121899624,5.750041961669922,66100
2024-07-03,5.744757511836567,5.781752109527588,5.744757511836567,5.781752109527588,213400
2024-07-05,5.790401995669591,5.817434787750244,5.714710280965288,5.817434787750244,173000
2024-07-08,5.790401995669591,5.821759704494269,5.768775865126593,5.817434787750244,212400
2024-07-09,5.784995334131936,5.833113384358772,5.774182526664249,5.817434787750244,224700
2024-07-10,5.790401935577392,5.822841388859047,5.747149674940264,5.790401935577393,211800
2024-07-11,5.790401654058416,5.871499509908293,5.790401654058416,5.7958083152771,227800
2024-07-12,5.790401742605248,5.901235721245164,5.790401742605248,5.898532390594482,146300
2024-07-15,5.9634104244545885,5.9634104244545885,5.91475150685364,5.952597618103027,184800
2024-07-16,5.947190825049097,5.985036419850445,5.939080833759854,5.974223613739014,100700
2024-07-17,5.936376038116583,5.985034942626953,5.936376038116583,5.985034942626953,150300
2024-07-18,5.985037599728275,5.998554254541658,5.887720263110221,5.941785335540772,251400
2024-07-19,5.936378615249044,5.958005262737824,5.89853301335899,5.91475248336792,351900
2024-07-22,5.947192448818837,6.028290321423286,5.947192448818837,6.017477512359619,146600
2024-07-23,6.017475949366319,6.076947672788411,6.017475949366319,6.039102077484131,60600
2024-07-24,5.990445044740417,5.990445044740417,5.720118100426832,5.747150897979736,137300
2024-07-25,5.730930193733243,5.936378173512339,5.693084079051731,5.752556324005127,63900
2024-07-26,5.844467786281095,5.941785119358414,5.806621669788254,5.860687255859375,74500
2024-07-29,5.893125581381937,5.941784500657705,5.83527595685365,5.882312774658203,50300
2024-07-30,5.920159698814984,5.920159698814984,5.763370099114033,5.828248500823975,33200
2024-07-31,5.882313295973109,5.968817819859714,5.84500805247453,5.87582540512085,39300
2024-08-01,5.866093166294477,5.87366228550211,5.552514044701623,5.60117244720459,141400
2024-08-02,5.514667781215945,5.514667781215945,5.330845435907486,5.395723819732666,120400
2024-08-05,4.936168998057279,5.271374274676622,4.7307205029149175,5.147024154663086,108500
2024-08-06,5.244341239836028,5.340577850114816,5.152430061648989,5.26596736907959,187500
2024-08-07,5.339869945965441,5.421551796167222,5.145390082036286,5.167616367340088,93300
2024-08-08,5.234294419326554,5.4093263229716335,5.212068137436443,5.384321689605713,75800
2024-08-09,5.4398882370509485,5.456557817759891,5.395991550870236,5.4510016441345215,44100
2024-08-12,5.473227709897724,5.473227709897724,5.373209169803908,5.389878749847412,54300
2024-08-13,5.484340344594108,5.551019191741943,5.428774903595763,5.551019191741943,38600
2024-08-14,5.584358760005489,5.584358760005489,5.489896929434689,5.556575775146484,36600
2024-08-15,5.584359033068506,5.634368302276787,5.584359033068506,5.617698192596436,91600
2024-08-16,5.656595230102539,5.662151404046323,5.596583782261644,5.656595230102539,190800
2024-08-19,5.589916514448274,5.739943813041512,5.589916514448274,5.723274230957031,102100
2024-08-20,5.706604769233936,5.762170220659652,5.673265074445329,5.71771764755249,83700
2024-08-21,5.73438732366387,5.774394958063751,5.706604862455401,5.762170314788818,26000
2024-08-22,5.806621755515178,5.806621755515178,5.689933639494152,5.745499610900879,42400
2024-08-23,5.745500982255778,5.85107571722783,5.745500982255778,5.845519542694092,88800
2024-08-26,5.812179853240774,5.845519550067769,5.77884015641378,5.8232927322387695,57800
2024-08-27,5.778839160862833,5.801065444946289,5.728830419112365,5.801065444946289,123200
2024-08-28,5.778838440050938,5.778838440050938,5.600472837231214,5.639924049377441,39000
2024-08-29,5.651036848732474,5.817734205640191,5.651036848732474,5.695489406585693,52700
2024-08-30,5.712160587310791,5.751056983791918,5.645481731807136,5.712160587310791,75200
2024-09-03,5.728830104346456,5.728830104346456,5.506566745807558,5.545462608337402,83700
2024-09-04,5.473227500915527,5.612141899112202,5.473227500915527,5.473227500915527,60300
2024-09-05,5.512124765655784,5.623256206512451,5.512124765655784,5.623256206512451,71300
2024-09-06,5.620392540387816,5.636990603046032,5.3576880395772415,5.437243461608887,63200
2024-09-09,5.523095131389026,5.557435860774129,5.465861310183692,5.517372131347656,61700
2024-09-10,5.5803295469580565,5.614670276641846,5.474446130774805,5.614670276641846,52000
2024-09-11,5.574605386017191,5.694797107909144,5.517371570628411,5.68907356262207,39700
2024-09-12,5.70052078523031,5.769201692784009,5.70052078523031,5.723414421081543,61300
2024-09-13,5.763478952730758,5.814417749925293,5.763478952730758,5.792096138000488,133500
2024-09-16,5.814989973637125,5.826437066462971,5.740585507751413,5.820713520050049,44700
2024-09-17,5.814989159167169,5.877947069236334,5.809265613555908,5.809265613555908,88700
2024-09-18,5.803543279538468,5.929458022466688,5.803543279538468,5.863638877868652,43000
2024-09-19,5.9237350012308685,5.963798733310347,5.9237350012308685,5.9409050941467285,67600
2024-09-20,5.97524621549787,5.99813985824585,5.935182477145778,5.99813985824585,93400
2024-09-23,5.980968475341797,6.015309204986269,5.975244929429821,5.980968475341797,161300
2024-09-24,6.009585845095916,6.061096668243408,5.975245114388456,6.061096668243408,43800
2024-09-25,6.061097161568579,6.061097161568579,5.986692693835981,6.009586334228516,53000
2024-09-26,6.049650406605118,6.066821047229857,5.980969481588579,6.021033763885498,37300
2024-09-27,6.038203959634369,6.112608432769776,6.038203959634369,6.112608432769775,76400
2024-09-30,6.095436578446775,6.106883670109225,6.021032665950346,6.063958168029785,62200
2024-10-01,6.101161328725684,6.101161328725684,5.877948455516562,5.963799476623535,57800
2024-10-02,5.918010642555872,5.929457187652588,5.849329734493565,5.929457187652588,71100
2024-10-03,5.886559478990379,5.904433488144552,5.821021066622074,5.85676908493042,105300
2024-10-04,5.946140064252177,5.958056449890137,5.886559840676,5.958056449890137,105500
2024-10-07,5.958055598063677,5.958055598063677,5.892517191038581,5.922307014465332,127000
2024-10-08,5.892518038974711,5.987846851348877,5.892518038974711,5.987846851348877,61900
2024-10-09,5.987846599075215,6.005720608591187,5.969972589559244,5.975930213928223,46500
2024-10-10,5.946140069781773,5.998571143869381,5.916350242068252,5.987846851348877,41600
2024-10-11,5.898476008410945,6.0593438148498535,5.898476008410945,6.0593438148498535,39500
2024-10-14,6.071259395873137,6.13679838180542,6.017637364025661,6.13679838180542,68600
2024-10-15,6.118924371189594,6.172546403037072,6.065301771137564,6.13679838180542,42500
2024-10-16,6.154673099517822,6.1606312931424725,6.112966880554511,6.154673099517822,42000
2024-10-17,6.160630628570846,6.160630628570846,6.101049835160802,6.1230950355529785,46900
2024-10-18,6.095091813929611,6.220211029052734,6.095091813929611,6.220211029052734,68300
2024-10-21,6.220210696080209,6.220210696080209,6.107007873316536,6.142756462097168,65500
2024-10-22,6.112966178249468,6.14871419948112,6.0891339746935165,6.13679838180542,101600
2024-10-23,6.083175400480697,6.118923987676302,5.916349986045082,5.946139812469482,93900
2024-10-24,6.053386079195119,6.124882698059082,6.047427885571967,6.124882698059082,78800
2024-10-25,6.154673099517822,6.1916132181451085,6.136799086848492,6.154673099517822,83800
2024-10-28,6.226169222202543,6.258938716321919,6.196378824658071,6.220211029052734,85700
2024-10-29,6.244043233447397,6.244043233447397,6.166588995318172,6.220211029052734,119700
2024-10-30,6.261917834552307,6.261917834552307,6.168376020031446,6.2142534255981445,111900
2024-10-31,6.111375815470372,6.123623342472548,5.915420055389403,5.915420055389404,266100
2024-11-01,6.031768790974255,6.043403707189619,5.949711767563072,6.029931545257568,85400
2024-11-04,6.031768321990966,6.080757254669553,5.958284338978944,6.031768321990967,110700
2024-11-05,6.068509965947811,6.221600532531738,6.068509965947811,6.221600532531738,198800
2024-11-06,6.368567337749429,6.552276134490967,6.338561717506814,6.552276134490967,265500
2024-11-07,6.484918766462758,6.549216546642861,6.484918766462758,6.509413242340088,253100
2024-11-08,6.478793512993594,6.6331087339663295,6.478793512993594,6.6318840980529785,130500
2024-11-11,6.699243848303861,6.840087492402268,6.699243848303861,6.821716785430908,188200
2024-11-12,6.7788504166465975,6.82171617439921,6.6808725429163855,6.723737716674805,699400
2024-11-13,6.772729251815731,6.852335859901734,6.570649097153643,6.601267337799072,172100
2024-11-14,6.552277429294719,6.601266373574007,6.3869398883506925,6.393063068389893,130100
2024-11-15,6.393063404372072,6.393063404372072,6.295085510664348,6.380816459655762,25500
2024-11-18,6.429804418792438,6.546153003698843,6.411433712542842,6.515535354614258,172300
2024-11-19,6.4420535376327,6.625761813516543,6.4420535376327,6.601267337799072,98800
2024-11-20,6.625759536388749,6.625759536388749,6.484916495416542,6.552276134490967,157100
2024-11-21,6.607389873287676,6.607389873287676,6.448175518752007,6.53390645980835,149200
2024-11-22,6.533905782828632,6.68026056864113,6.533905782828632,6.644131183624268,81300
2024-11-25,6.735985499637708,6.760479969003894,6.693120324245435,6.729861736297607,136100
2024-11-26,6.680872696713279,6.723737871458475,6.680872696713279,6.6869964599609375,73200
2024-11-27,6.705367047379489,6.766603510787014,6.705367047379489,6.735985279083252,156300
2024-11-29,6.824895916092823,6.863273620605469,6.7973915081904375,6.863273620605469,56000
2024-12-02,6.9144445061332815,6.952822208404541,6.869669706813373,6.952822208404541,183200
2024-12-03,6.876066519888617,6.932354510558286,6.869670032539258,6.901651859283447,113800
2024-12-04,6.984803545895359,7.029577732086182,6.94386688566266,7.029577732086182,75600
2024-12-05,7.035974575425311,7.078830305811222,6.972010926193145,6.997596263885498,124900
2024-12-06,7.048766864597584,7.176693540633314,7.048766864597584,7.157504081726074,299300
2024-12-09,7.227863337759279,7.240655698815994,7.023180070829941,7.093540191650391,90100
2024-12-10,7.093541737733747,7.151108900042184,6.991200386964335,6.997596263885498,79900
2024-12-11,7.087145195888684,7.131919384002685,7.055163371520441,7.1319193840026855,110900
2024-12-12,7.099937761893221,7.144711947435877,7.04876708984375,7.04876708984375,48900
2024-12-13,7.106332778930664,7.106332778930664,7.00399144720927,7.106332778930664,101200
2024-12-16,7.125523304480384,7.252810095642298,7.125523304480384,7.215071678161621,94500
2024-12-17,7.240656852722168,7.259846312369016,7.170297330691319,7.240656852722168,76300
2024-12-18,7.247053885840188,7.253450372871558,6.780121312596634,6.856877326965332,101900
2024-12-19,6.9848036972651455,6.997596060738664,6.750058246002753,6.831291675567627,199900
2024-12-20,6.728949973078609,6.984803329088149,6.709760513876005,6.940029144287109,72800
2024-12-23,6.965615122486272,6.965615122486272,6.83768782267732,6.914444446563721,302700
2024-12-24,6.959218049866494,7.077549999228615,6.959218049866494,7.0551629066467285,65300
2024-12-26,7.067955084536368,7.106332778930664,7.029576780139618,7.106332778930664,139500
2024-12-27,7.105674972050776,7.105674972050776,6.881562668286243,7.013393878936768,103400
2024-12-30,6.88156209647451,6.91781573925275,6.77412063679341,6.815647125244141,152200
2024-12-31,6.868378634969125,6.894085326476942,6.696998596191406,6.696998596191406,106200
2025-01-02,6.74973189936793,6.822239188941708,6.671951763829518,6.723365783691406,61200
2025-01-03,6.795874541587561,7.006803512573242,6.795874541587561,7.006803512573242,69100
2025-01-06,7.085899709347495,7.158406363791925,7.059533596038818,7.059533596038818,172200
2025-01-07,7.138632314760623,7.166976060941324,6.782689451897298,6.861787796020508,144100
2025-01-08,6.848605515444473,6.888154375867832,6.711501458258849,6.822239398956299,187600
2025-01-10,6.743140317256154,6.743140317256154,6.598126993108434,6.710183143615723,75600
2025-01-13,6.61130963914803,6.637675754841448,6.492662432836539,6.61790132522583,81900
2025-01-14,6.7563233297072856,6.7760977585617495,6.59812664163606,6.631084442138672,56200
2025-01-15,6.782690529986164,6.868380573560931,6.782690529986164,6.802464962005615,88800
2025-01-16,6.868380180106167,6.881562924491341,6.809056258828322,6.874971866607666,43000
2025-01-17,6.921113009857094,6.954070816579989,6.901338577270508,6.901338577270508,145500
2025-01-21,6.973845237858948,7.0793097163069065,6.921112998634969,7.046351909637451,246500
2025-01-22,7.085900417436357,7.125449905660387,7.069421830703388,7.09249210357666,71900
2025-01-23,7.092491558996017,7.160492045744942,7.0448905049141946,7.133291721343994,48000
2025-01-24,7.1468940876590175,7.241415288452416,7.106093266072235,7.119693756103516,134200
2025-01-27,6.9020878314473615,7.038090086033108,6.828647029015418,6.970088958740234,83100
2025-01-28,6.95648955730219,7.126491753504181,6.8782887026909325,7.072091102600098,108500
2025-01-29,7.119692158521356,7.14009224048366,6.995930450737145,7.072091102600098,58300
2025-01-30,7.174094272381048,7.323696417127904,7.174094272381048,7.29649543762207,87500
2025-01-31,7.310095292381185,7.391696278289252,7.197893855694218,7.214893817901611,64400
2025-02-03,6.976890586856695,7.166612589402252,6.942890016457378,7.106091976165772,101500
2025-02-04,7.167292186916628,7.303293806984833,7.167292186916628,7.276093482971191,112000
2025-02-05,7.235293890304232,7.378095764734806,7.235293890304232,7.364495277404785,72700
2025-02-06,7.276096019329433,7.305336556176383,7.20129526434401,7.2284955978393555,60900
2025-02-07,7.221694906854993,7.364496811023328,7.214894661773866,7.242094993591309,65000
2025-02-10,7.26929532540875,7.32301635363976,7.242094993591308,7.242094993591309,69700
2025-02-11,7.208093476767611,7.261813844653314,7.099291524967233,7.160492420196533,44200
2025-02-12,7.092492821011268,7.29649496606441,7.078212696797828,7.262495040893555,40600
2025-02-13,7.289694337962148,7.439295803350944,7.289694337962148,7.418895721435547,74000
2025-02-14,7.480097419116823,7.54809856414795,7.452897090805768,7.548098564147949,114400
2025-02-18,7.609298168295195,7.636498494289281,7.425696129961842,7.500496864318848,106700
2025-02-19,7.520897013496009,7.534496851187719,7.4086955963851775,7.493696689605713,115700
2025-02-20,7.470352497390695,7.470352497390695,7.1095682803351865,7.279348850250244,165500
2025-02-21,7.30057083443325,7.30057083443325,6.826599597930908,6.826599597930908,336200
2025-02-24,6.854896557572498,6.854896557572498,6.586077666775768,6.734635829925537,302400
2025-02-25,6.656819094516317,6.656819094516317,6.296034895060462,6.387999534606934,124400
2025-02-26,6.444592945137772,6.571928701512717,6.409222501387371,6.465816020965576,101600
2025-02-27,6.593151430480307,6.593151430480307,6.246515937168343,6.274812698364258,111400
2025-02-28,6.218219718967955,6.380926616038575,6.105032664300426,6.366777896881104,131800
2025-03-03,6.494112826282841,6.511798048282027,6.069660751822639,6.147476673126221,116800
2025-03-04,5.9635483525179165,6.228830742937426,5.814990186897072,6.119180202484131,123800
2025-03-05,6.189922411936824,6.281887054443359,6.076735367205088,6.281887054443359,62800
2025-03-06,6.154551043087888,6.230952227729602,5.988307662187123,6.0201416015625,147100
2025-03-07,6.02721661882658,6.0852248820488,5.793767479682239,6.055513381958008,75300
2025-03-10,5.892806757387332,5.9069554769239545,5.53555968486457,5.588616371154785,142900
2025-03-11,5.574468354563712,5.744248952250374,5.517874822001492,5.63813591003418,76600
2025-03-12,5.836212448202765,5.857434850022066,5.694728644994115,5.807915687561035,46000
2025-03-13,5.822063818045605,5.822063818045605,5.532729554199508,5.560318946838379,78900
2025-03-14,5.68058020933801,5.793767257523631,5.68058020933801,5.786693572998047,63300
2025-03-17,5.786692901892813,5.914027979010082,5.765469826833314,5.885731220245361,81500
2025-03-18,5.836212368270036,5.836212368270036,5.6593574480194295,5.708876609802246,162700
2025-03-19,5.800842064476163,5.9706226498603066,5.772545300245473,5.914029121398926,136400
2025-03-20,5.819127775713698,5.988331606307884,5.819127775713698,5.907407760620117,94000
2025-03-21,5.833840957426358,6.0618977546691895,5.819127626984674,6.0618977546691895,172400
2025-03-24,6.164891460685794,6.260528284607062,6.142821640269176,6.253171443939209,82700
2025-03-25,6.253171443939209,6.2825981050236805,6.201674962438119,6.253171443939209,83200
2025-03-26,6.253171286527556,6.253171286527556,6.017758003777864,6.039827823638916,86700
2025-03-27,6.017757894216332,6.120750852750732,5.958904574600414,5.9736175537109375,86400
2025-03-28,5.973618375436737,5.973618375436737,5.719813311981522,5.760274887084961,160400
2025-03-31,5.554287737489363,5.65580982384347,5.41451092142558,5.613141059875488,90900
2025-04-01,5.613140611200775,5.735996894321876,5.561643782832472,5.664637088775635,43900
2025-04-02,5.554287738608866,5.833841019999306,5.539574408009369,5.774987697601318,121200
2025-04-03,5.451294118784037,5.517504282427074,5.348300803734238,5.3924407958984375,176400
2025-04-04,5.149670353642216,5.160705263320711,4.818620256939741,4.965753555297852,118000
2025-04-07,4.7082702915247285,5.223237206669252,4.664130300294638,5.002537250518799,249100
2025-04-08,5.2453076592890495,5.2453076592890495,4.807585442201825,4.8701171875,137800
2025-04-09,4.8480475572284,5.465272228812707,4.84069071594164,5.421867847442627,282100
2025-04-10,5.363013776135152,5.363013776135152,5.024606841359555,5.186453819274902,94100
2025-04-11,5.230594934974841,5.385085105895996,5.164384761496195,5.385085105895996,278700
2025-04-14,5.510147838122739,5.528539590546138,5.333587856762515,5.421867847442627,116800
2025-04-15,5.429224040336259,5.513825600269325,5.429224040336259,5.480720520019531,211700
2025-04-16,5.407154502801999,5.407154502801999,5.215881190116688,5.326231002807617,259000
2025-04-17,5.366093093505649,5.373759116239405,5.2894346938485,5.350761413574219,107300
2025-04-21,5.25110550250632,5.31626523597215,5.205110461036811,5.29710054397583,298400
2025-04-22,5.366093542325527,5.488746992035697,5.366093542325527,5.458083629608154,65700
2025-04-23,5.649729337109703,5.688058719584911,5.5577392578125,5.5577392578125,54400
2025-04-24,5.573070858003272,5.749385356903076,5.573070858003272,5.749385356903076,51400
2025-04-25,5.749385361286948,5.84904146194458,5.749385361286948,5.84904146194458,68400
2025-04-28,5.856707660614826,5.910368727208814,5.764717574056085,5.864373683929443,52900
2025-04-29,5.887370198309502,5.902701877255514,5.826043482525454,5.895036220550537,48000
2025-04-30,5.76471704096227,5.84904146194458,5.703390322260982,5.84904146194458,32200
2025-05-01,5.895035997948402,5.9218663437067685,5.849040962847182,5.856706619262695,62400
2025-05-02,5.910367810398466,5.948697189953714,5.875871441905952,5.8873701095581055,90900
2025-05-05,5.895036301439787,5.895036301439787,5.77621551382574,5.803046226501465,54900
2025-05-06,5.718722700881047,5.718722700881047,5.557739861846734,5.588403224945068,79600
2025-05-07,5.6497289961502135,5.688058376312256,5.580736623609022,5.688058376312256,45200
2025-05-08,5.764716744718838,5.9027018547058105,5.726387364732205,5.9027018547058105,49000
2025-05-09,5.941031383100703,5.941031383100703,5.803046269666832,5.826043605804443,54500
2025-05-12,6.063684940338135,6.094348299501366,5.987026542430057,6.063684940338135,146800
2025-05-13,6.209336542124574,6.278328553020578,6.162574242424963,6.270663261413574,126400
2025-05-14,6.339656134827365,6.347321426593301,6.236167019729388,6.301326751708984,155500
2025-05-15,6.334793037756479,6.334793037756479,6.1116810375609045,6.223237037658691,110100
2025-05-16,6.239173661364104,6.357901366578157,6.239173661364104,6.3347930908203125,141100
2025-05-19,6.247142396600767,6.294952113314607,6.199332679886926,6.27901554107666,120700
2025-05-20,6.294951488460002,6.326824629772078,6.2471417764918895,6.286983013153076,39700
2025-05-21,6.239173639788389,6.310888401611466,6.107696829751302,6.143554210662842,77800
2025-05-22,6.127617803255646,6.271046950785376,6.127617803255646,6.207300662994385,27000
2025-05-23,6.039966387098473,6.2073005802994885,6.039966387098473,6.175427436828613,55100
2025-05-27,6.255110508650886,6.350729942321777,6.255110508650886,6.350729942321777,61600
2025-05-28,6.358698202692009,6.358698202692009,6.275031106079306,6.294951915740967,46900
2025-05-29,6.350729693752788,6.350729693752788,6.255110263824463,6.255110263824463,79700
2025-05-30,6.2551105429600335,6.286983687691821,6.167459204968691,6.271047115325928,85100
2025-06-02,6.2232368140985805,6.341964514052996,6.2232368140985805,6.318856239318848,67300
2025-06-03,6.350729858711749,6.438381195068359,6.334793286643079,6.438381195068359,36900
2025-06-04,6.430413064457294,6.430413064457294,6.366666772758554,6.414476871490479,82900
2025-06-05,6.430412149057417,6.445551948174325,6.2232367305289245,6.286983013153076,84300
2025-06-06,6.398539381238097,6.597746716045521,6.390571665381713,6.57384204864502,88000
2025-06-09,6.709303002038511,6.709303002038511,6.5897789068139465,6.693366050720215,90700
2025-06-10,6.6933660840582005,6.741176178335556,6.661492941178521,6.733207702636719,90100
2025-06-11,6.781017880396367,6.812891023668443,6.736395631798596,6.76508092880249,119200
2025-06-12,6.760902729466786,6.760902729466786,6.66897439956665,6.66897439956665,88400
2025-06-13,6.627188362369078,6.748366446472676,6.533588736037348,6.719116687774658,145200
2025-06-16,6.794330897169857,6.9113307304862905,6.794330897169857,6.89461612701416,125500
2025-06-17,6.886258783706641,6.9004660371729525,6.778452301749157,6.827759265899658,68400
2025-06-18,6.861187332044816,7.036686673673095,6.819401622705489,7.028329372406006,171500
2025-06-20,7.078472204588348,7.116079262346185,7.011615390129103,7.086828708648682,77300
2025-06-23,7.086828725894206,7.237256957291615,7.039193863148051,7.170400142669678,714800
2025-06-24,7.228900405895557,7.308293180366156,7.212186599004798,7.287400722503662,126300
2025-06-25,7.320828639981736,7.350078397816761,7.195471510265178,7.203828811645508,78700
2025-06-26,7.270685937124977,7.362614662216044,7.245614828916577,7.345900058746338,44000
2025-06-27,7.387685954836755,7.387685954836755,7.208007948033063,7.287400722503662,65200
2025-06-30,7.354257360481191,7.400220926030564,7.325007601405364,7.345900058746338,186400
2025-07-01,7.287400718189594,7.320829128947502,7.178758183977347,7.245615005493164,94300
2025-07-02,7.279043463714982,7.408578456622003,7.270686161721965,7.396043300628662,79000
2025-07-03,7.454543336009465,7.462900638580322,7.408578968865989,7.462900638580322,125400
2025-07-07,7.462900637421382,7.462900637421382,7.329186984293388,7.421114921569824,273100
2025-07-08,7.421114922722275,7.493821701697007,7.421114922722275,7.462900638580322,233000
2025-07-09,7.521399028601062,7.579898543784756,7.462899513417367,7.56318473815918,433300
2025-07-10,7.6448459351346365,7.653533458709717,7.566659879934611,7.653533458709717,139500
2025-07-11,7.610096986962296,7.6535337781628705,7.5796914816682595,7.592721939086914,377300
2025-07-14,7.584034656639496,7.714345034390551,7.584034656639496,7.696969985961914,407200
2025-07-15,7.723031590722224,7.754305348393759,7.62747049331665,7.62747049331665,108600
2025-07-16,7.688283417442808,7.844654713448262,7.688283417442808,7.835968017578125,82600
2025-07-17,7.870716868036899,7.922840354438007,7.840310534400395,7.888091087341309,147600
2025-07-18,7.97496441120742,8.105273951480438,7.957589363977497,8.001026153564453,121700
2025-07-21,8.05315000282474,8.131335225391592,7.922839641571044,7.922839641571045,201100
2025-07-22,7.931528301138896,7.957590045728719,7.749094432034289,7.905466556549072,95000
2025-07-23,7.966276887592458,8.005369915371935,7.9054658792634305,8.001026153564453,132100
2025-07-24,8.001026412527546,8.001026412527546,7.85594824311103,7.888091087341309,88600
2025-07-25,7.914152334041472,7.981045269659749,7.87853481388238,7.9662766456604,61100
2025-07-28,8.00971340664401,8.021006524171742,7.974964141845703,7.974964141845703,181000
2025-07-29,8.087899003047976,8.087899003047976,7.7881860932747164,7.818591594696045,113700
2025-07-30,7.827279630888781,7.966276691352734,7.827279630888781,7.879403114318848,77500
2025-07-31,8.00971393642369,8.00971393642369,7.879403563445165,7.888091087341309,80400
2025-08-01,7.73171875509106,7.73171875509106,7.384226093835137,7.488473892211914,279000
2025-08-04,7.644845996769916,7.705657005310059,7.540598198492017,7.705657005310059,396700
2025-08-05,7.749094243674805,7.749094243674805,7.610097171257161,7.644846439361572,168800
2025-08-06,7.636158214464701,7.749093532562256,7.636158214464701,7.749093532562256,425000
2025-08-07,7.790814727736243,7.818023384000317,7.700118053592543,7.763606071472168,260300
2025-08-08,7.818023134586936,7.827092974701475,7.772674798961805,7.79988431930542,334700
2025-08-11,7.836162558180569,7.981276535470435,7.836162558180569,7.845231533050537,173700
2025-08-12,7.981276591850608,7.990346431732178,7.88151008304842,7.990346431732178,179400
2025-08-13,8.026624909732034,8.112785793586365,8.021182659835317,8.06290340423584,159500
2025-08-14,7.999414443969727,8.059273996068175,7.926857463544179,7.999414443969727,183700
2025-08-15,7.990346978011678,8.017555634569034,7.931393879698542,8.008485794067383,79600
2025-08-18,7.990346186101922,8.053833333426182,7.908719359572154,8.02662467956543,374200
2025-08-19,7.9994152113121135,8.026624730292337,7.745465755462646,7.7454657554626465,173200
2025-08-20,7.709187110895846,7.740930684137346,7.473376474033985,7.718256950378418,126000
2025-08-21,7.627560528860628,7.718257196685682,7.618490689088618,7.681978702545166,113400
2025-08-22,7.672908353648928,7.9722061266856175,7.672908353648928,7.899649143218994,98100
2025-08-25,7.935928362339919,7.935928362339919,7.836162717165906,7.8633713722229,138100
2025-08-26,7.8815094648786035,7.913253901974287,7.845230973145291,7.899649143218994,65000
2025-08-27,7.881510266954728,7.917788762379986,7.84523177152947,7.872441291809082,76400
2025-08-28,7.863370802785234,7.935927787647931,7.863370802785234,7.926857948303223,103700
2025-08-29,7.917788682336889,7.926858522338404,7.813488117162119,7.8633713722229,123800
2025-09-02,7.872441061502611,7.872441061502611,7.663839070199311,7.836162567138672,217900
2025-09-03,7.917788753103703,7.923231003132273,7.818023107038015,7.881510257720947,392100
2025-09-04,7.906895160675049,7.906895160675049,7.784671938985408,7.906895160675049,147900
2025-09-05,7.982109517253505,8.019716594380055,7.790313692895137,7.963306427001953,216900
2025-09-08,7.972706970267395,8.057323112083056,7.972706970267395,8.01031494140625,200500
2025-09-09,8.038520141476289,8.07424699728545,7.972707087637805,8.047922134399414,161700
2025-09-10,8.085528912424659,8.094930008379013,7.9727067947387695,7.9727067947387695,123600
2025-09-11,8.038520489950026,8.160743713378906,8.01031540658134,8.160743713378906,127700
2025-09-12,8.207751720944676,8.207751720944676,8.127837469118672,8.188948631286621,72600
2025-09-15,8.235957545572802,8.31117169603821,8.235957545572802,8.282966613769531,129600
2025-09-16,8.301769213869456,8.367581367492676,8.217153075426262,8.367581367492676,67300
2025-09-17,8.367581695099041,8.395787673433318,8.166383891414112,8.311171531677246,97400
2025-09-18,8.386385987089849,8.527412297420753,8.386385987089849,8.489805221557617,140600
2025-09-19,8.546217078354724,8.715449383787014,8.546217078354724,8.583824157714844,123000
2025-09-22,8.649635479649705,8.696644548425335,8.594164975751612,8.621430397033691,543300
2025-09-23,8.66843974146375,8.68724283159789,8.536814524031016,8.565019607543945,111600
2025-09-24,8.630832437941256,8.630832437941256,8.499207223964774,8.555618286132812,130600
2025-09-25,8.358180479228178,8.44843727738431,8.217153279446894,8.273564338684082,257700
2025-09-26,8.273564133262841,8.367581367492676,8.179546002409658,8.367581367492676,145200
2025-09-29,8.405189085892513,8.583823368905126,8.405189085892513,8.555618286132812,173100
2025-09-30,8.602626410874075,8.640233486569898,8.465360539753155,8.621430397033691,312700
2025-10-01,8.57442183135695,8.70604705232706,8.531174095249755,8.640233993530273,326900
2025-10-02,8.751582397111976,8.839489065390124,8.692977641096213,8.829721450805664,233600
2025-10-03,8.839489418467464,8.89320943784575,8.697861795808725,8.79065227508545,515800
2025-10-06,8.907860735662524,9.069022654524357,8.907860735662524,9.015301704406738,162000
2025-10-07,9.064139058627967,9.064139058627967,8.825815212563331,8.888326644897461,94500
2025-10-08,8.95669761634991,9.152045249938965,8.868790948362086,9.152045249938965,88800
2025-10-09,9.16181340612122,9.18134770488946,9.020185781214511,9.0934419631958,94700
2025-10-10,9.093441365092117,9.135440430703296,8.712512783510242,8.732047080993652,249700
2025-10-13,8.771117127670296,8.88734951138339,8.76037330999175,8.780884742736816,204800
2025-10-14,8.722280997577105,8.869768633104727,8.49763050638373,8.771117210388184,131700
2025-10-15,8.898093387837893,9.015301974937229,8.795536223435116,8.986000061035156,218500
2025-10-16,9.100000381469728,9.100000381469728,8.75,8.8100004196167,259800
2025-10-17,8.770000457763672,8.824999809265137,8.604999542236328,8.770000457763672,318500
