Date,Open,High,Low,Close,Volume
2020-01-02,14.8106361951496,14.90557575619078,14.749603250636124,14.898794174194336,68100
2020-01-03,14.925914763079374,14.959821366569791,14.898788445523827,14.932696342468262,51000
2020-01-06,14.966605816109338,15.01407558748082,14.919136044737852,14.925917625427246,52600
2020-01-07,14.932701754997868,14.946264918691764,14.87166881182981,14.878450393676758,56200
2020-01-08,14.912355419913514,14.993733099948177,14.851322483251105,14.919137001037598,111200
2020-01-09,14.925916676141169,14.973386444493585,14.8581021670145,14.912353515625,91800
2020-01-10,14.932705238492634,14.99373819589843,14.878453864515787,14.966611862182615,76300
2020-01-13,15.047989569875275,15.081896193565258,14.95304869532471,14.966611862182615,91700
2020-01-14,14.96865283014604,15.084424994665548,14.961842550006292,15.057185173034668,102300
2020-01-15,15.0912295771333,15.17976188659668,14.995888289029011,15.17976188659668,72900
2020-01-16,15.18657659890555,15.1933868790453,15.036754332615418,15.057185173034668,80000
2020-01-17,15.029939368674682,15.125280663063595,14.995889277515133,15.07761001586914,116900
2020-01-21,15.152527994181344,15.172958836619127,15.08442648498364,15.138907432556152,64200
2020-01-22,15.125283358013474,15.247865786313346,15.084422981556166,15.213815689086914,45700
2020-01-23,15.220627763021042,15.315969085639347,15.193386642885468,15.247867584228516,72700
2020-01-24,15.254675304450537,15.322776794433594,15.241054746668349,15.322776794433594,57600
2020-01-27,15.322776794433594,15.38406800552556,15.268295862232725,15.322776794433594,58700
2020-01-28,15.322778884835678,15.322778884835678,15.261487665382091,15.309158325195312,75000
2020-01-29,15.315967559814451,15.322777839169884,15.288727741320695,15.315967559814451,87000
2020-01-30,15.356827572447852,15.356827572447852,15.322777475407012,15.34320831298828,52000
2020-01-31,15.350023269653322,15.350023269653322,15.32959242584635,15.35002326965332,55800
2020-02-03,15.356826889961182,15.356826889961182,15.309156236651406,15.322776794433594,97200
2020-02-04,15.2682969032544,15.322777839169884,15.2682969032544,15.315967559814451,63100
2020-02-05,15.309156236651406,15.336397352215783,15.302345957760313,15.322776794433594,91400
2020-02-06,15.31596869662369,15.322778976484608,15.26829803652534,15.302348136901855,39700
2020-02-07,15.322781003624389,15.322781003624389,15.261489775695631,15.26830005645752,77000
2020-02-10,15.30235204490583,15.30235204490583,15.288732780633897,15.295541763305664,35800
2020-02-11,15.2683011030671,15.288731946753254,15.241059978152222,15.26149082183838,98900
2020-02-12,15.234250995851832,15.26149082183838,15.227440714623114,15.26149082183838,46700
2020-02-13,15.23618698213017,15.372956275939943,15.23618698213017,15.37295627593994,50500
2020-02-14,15.386635101684888,15.40715108471664,15.352443100973186,15.400312423706056,28400
2020-02-18,15.40031032867788,15.420825004577637,15.379794348437082,15.420825004577637,66000
2020-02-19,15.441342714549696,15.489212036132812,15.413989375505563,15.489212036132812,95300
2020-02-20,15.48920661699132,15.714877128601074,15.48920661699132,15.714877128601074,91200
2020-02-21,15.72172690449198,16.002105577657275,15.71488824120238,15.995266914367676,105700
2020-02-24,16.00893569805631,16.13886762253947,15.940550405994594,15.967905044555664,105700
2020-02-25,16.022615208060838,16.138869829158608,15.89952192638777,15.981584548950195,133700
2020-02-26,15.920034829876474,15.93371084404159,15.817456245422363,15.817456245422363,111300
2020-02-27,15.762745492903075,15.899516045135124,14.928448776441416,14.962640762329102,216900
2020-02-28,14.860059914785392,14.942122487192115,14.641228127487915,14.839545249938965,320800
2020-03-02,14.93529149673417,15.345601960689924,14.93529149673417,15.188315391540527,166000
2020-03-03,15.249865073246774,15.455020998384942,15.215673071227712,15.304573059082031,235800
2020-03-04,15.386630178014984,15.54391541790401,15.386630178014984,15.468692779541016,141900
2020-03-05,15.45501010137747,15.632811256063464,15.420816819126117,15.543910026550291,105700
2020-03-06,15.619141228947784,16.00893569805631,15.619141228947784,15.967905044555664,178500
2020-03-09,15.728556075553604,15.858487990958404,15.270376346396452,15.701201438903809,340200
2020-03-10,15.701200396884463,15.728555031718855,15.07205944778286,15.092574119567873,156900
2020-03-11,15.092574753280816,15.154121379901657,14.258277920912846,14.395047187805176,273200
2020-03-12,13.710222116807351,13.854468628564934,13.105763975018167,13.318697929382324,451500
2020-03-13,13.47669141089299,14.163576774523769,13.456084378337318,14.156707763671877,280300
2020-03-16,13.73769635318026,13.854466824587444,13.565975148765506,13.64153289794922,173100
2020-03-17,13.579717025728335,13.662142493642014,13.428601484337946,13.531635284423828,119500
2020-03-18,13.195060915490975,13.195060915490975,11.209963580272143,11.539668083190918,308800
2020-03-19,11.333604064150348,11.99301312629337,11.230571561956667,11.896849632263184,228900
2020-03-20,12.041094219671734,13.057683679746011,11.938060424152352,12.43948745727539,289000
2020-03-23,12.096043060244238,12.343320724198197,11.285518698642717,11.862502098083496,224700
2020-03-24,12.047964433003475,12.432619695033829,11.95179963489894,12.034226417541504,266600
2020-03-25,12.460090415601377,13.31182744886027,11.972402814433549,13.03020477294922,546600
2020-03-26,13.030211309736124,13.195063594667754,12.157868132405756,12.466965675354004,407700
2020-03-27,12.542516532972158,13.353040801924248,12.542516532972158,13.057680130004885,266700
2020-03-30,13.160716912376405,13.380519909723358,13.085159140739934,13.29122543334961,217700
2020-03-31,13.14011253778525,13.339309863099578,13.064556061053498,13.153850555419922,217200
2020-04-01,13.16071554170725,13.19505926516741,12.315847367348214,12.370798110961914,151100
2020-04-02,12.52878562467005,12.81040844587795,12.4738348622424,12.60434341430664,125000
2020-04-03,12.466959908440632,12.789796630125284,12.38453445916758,12.54251766204834,81300
2020-04-06,12.583735806027248,13.050817920158911,12.583735806027248,12.927178382873535,120600
2020-04-07,12.885959450791477,13.380516052246094,12.885959450791477,13.380516052246094,186200
2020-04-08,13.250013866271138,13.490422596969813,13.250013866271138,13.442340850830078,109200
2020-04-09,13.497290547633025,13.689618827254328,13.497290547633025,13.572848320007324,165300
2020-04-13,13.737706549680066,13.82700106579588,13.58659224928031,13.689624786376951,202800
2020-04-14,13.71929180129962,13.753797853588708,13.408745228325651,13.491557121276855,146800
2020-04-15,13.401842880245852,13.802103838923792,13.401842880245852,13.76759910583496,124900
2020-04-16,13.774504265489922,13.981536691985912,13.76760436925125,13.864218711853027,100900
2020-04-17,13.96082598683566,13.974628404868971,13.726190145353462,13.733091354370115,88500
2020-04-20,13.608873911321233,13.836608572012626,13.608873911321233,13.76759910583496,90100
2020-04-21,13.601972701449226,13.822807468539809,13.601972701449226,13.76759910583496,73800
2020-04-22,13.753796686090952,13.85731220162864,13.670983483898084,13.76759910583496,60300
2020-04-23,13.705492803625877,13.7883047093079,13.670986746032105,13.760701179504396,100800
2020-04-24,13.719292334519968,13.733094755972052,13.498458856372006,13.650282859802246,87800
2020-04-27,13.574371456840575,13.62957982881276,13.408746340924033,13.436349868774414,76900
2020-04-28,13.50535870535954,13.657182693481444,13.50535870535954,13.657182693481444,49900
2020-04-29,13.58126665020559,13.898714319321254,13.58126665020559,13.857308387756348,81700
2020-04-30,13.898724658138155,13.93323072366923,13.850417482666463,13.912527084350586,44300
2020-05-01,13.953928045392754,14.04364246734657,13.878017360975685,14.036741256713867,77000
2020-05-04,13.91252358803413,14.05744639430088,13.857315213330482,13.891819953918455,137300
2020-05-05,13.891820677967951,13.95393026728068,13.746899180419293,13.75380039215088,104000
2020-05-06,13.739999373444066,14.029843714446177,13.636483819430104,14.002240180969238,149700
2020-05-07,13.960831427735895,14.002238697973327,13.919425473770008,13.99533748626709,34500
2020-05-08,14.071244613679626,14.160959026835409,13.981531516795052,14.13335418701172,43700
2020-05-11,14.13335540993771,14.154059041596916,14.009136252525131,14.091949462890623,52800
2020-05-12,14.12645372288056,14.181662089171528,14.029839410939184,14.167860984802246,64400
2020-05-13,14.147157469258778,14.147157469258778,13.595073801845,13.698589324951172,88600
2020-05-14,13.659071486143109,13.742273208244477,13.478799324966772,13.62440299987793,50200
2020-05-15,13.520397474133894,13.735336755995958,13.520397474133894,13.60360050201416,32300
2020-05-18,13.603600673940528,13.714537164204756,13.603600673940528,13.69373607635498,43500
2020-05-19,13.652137444729972,13.742272861812127,13.638270050573489,13.735339164733888,49600
2020-05-20,13.72840069060057,13.85320454964609,13.72840069060057,13.749201774597168,73200
2020-05-21,13.728409045520127,13.825479507446287,13.714542970217394,13.825479507446287,46300
2020-05-22,13.797740306075172,13.867075950320256,13.776940538528835,13.839341163635254,23900
2020-05-26,13.922541442324675,14.005744463424708,13.86013950711644,13.99881076812744,38300
2020-05-27,14.075078012310744,14.25535011291504,13.964141538472267,14.25535011291504,42400
2020-05-28,14.25534899332196,14.387086541583846,14.227615538274028,14.331618309020996,60300
2020-05-29,14.352424795741571,14.428692817687988,14.345491098752358,14.428692817687988,31300
2020-06-01,14.532689066096092,14.581224923106708,14.46335477244326,14.574291229248049,84500
2020-06-02,14.629765160478,14.754569053649902,14.595096677670584,14.754569053649902,23400
2020-06-03,14.803106194384506,14.816973589931202,14.678302279399505,14.685235977172852,59100
2020-06-04,14.699097008856848,14.733764160247077,14.539624674047444,14.560425758361816,73500
2020-06-05,14.636690551645504,14.636690551645504,14.387082906938211,14.46335220336914,171000
2020-06-08,14.435621564460146,14.581226506368337,14.435621564460146,14.518824577331545,62100
2020-06-09,14.532694904225242,14.692167282104492,14.532694904225242,14.692167282104492,29200
2020-06-10,14.719891604247088,14.976432930880687,14.657489695673144,14.927898406982422,33000
2020-06-11,14.91403865814209,15.004174059749191,14.872437805282448,14.91403865814209,122400
2020-06-12,15.020580138130429,15.020580138130429,14.909161938587342,14.999690055847168,35800
2020-06-15,14.943980877196854,15.02754519794508,14.895235576847814,15.006653785705566,37900
2020-06-16,14.964872289436364,15.06932669421428,14.964872289436364,15.006653785705566,49000
2020-06-17,14.992734740520923,15.090225388263256,14.992734740520923,15.04148006439209,27500
2020-06-18,14.9579110339382,15.083256872312496,14.9579110339382,15.069329261779783,38700
2020-06-19,15.111114082551335,15.111114082551335,15.041477348931105,15.06236743927002,25200
2020-06-22,15.111109954423926,15.111109954423926,15.027545631266117,15.055400848388672,53900
2020-06-23,15.020585930381966,15.083258857819157,15.020585930381966,15.06236743927002,41000
2020-06-24,14.999696313704922,15.076295527716836,14.93702338428864,14.950949668884276,40600
2020-06-25,14.90219591896407,14.90915972142613,14.825596748300432,14.86737823486328,61000
2020-06-26,14.783816196433746,14.909162003518036,14.783816196433746,14.832561492919922,41500
2020-06-29,14.86042007485192,14.930056797703834,14.797747157106198,14.909165382385254,47700
2020-06-30,14.985768700899024,15.034514017509403,14.950949668884276,14.950949668884276,107100
2020-07-01,15.097184485359694,15.097184485359694,14.999693868034582,15.03451156616211,47900
2020-07-02,15.020581826985476,15.097182345862649,15.020581826985476,15.055400848388672,40800
2020-07-06,15.145929791499642,15.145929791499642,15.013620147858994,15.069329261779783,59200
2020-07-07,15.13897071213442,15.13897071213442,14.985770933080694,15.04148006439209,90800
2020-07-08,15.090217668789627,15.138962967724902,15.041472369854358,15.118071556091309,50000
2020-07-09,15.04843784894489,15.14592845766822,15.027546434985634,15.138964653015137,91800
2020-07-10,15.097187745744325,15.375733375549316,15.097187745744325,15.375733375549316,85300
2020-07-13,15.368766636885816,15.37573044232875,15.278239822547825,15.34787654876709,75000
2020-07-14,15.412905225108588,15.412905225108588,15.23807645259422,15.294021606445312,76300
2020-07-15,15.370951229986614,15.370951229986614,15.210109017963797,15.252067565917969,58400
2020-07-16,15.27304865865928,15.315007209777832,15.224096793381252,15.315007209777832,36000
2020-07-17,15.363957268066956,15.433889067598573,15.315005408546265,15.41291046142578,29200
2020-07-20,15.433881325296214,15.559758234540196,15.419894705638557,15.538778305053713,32200
2020-07-21,15.56675884541284,15.587738784739232,15.51081367438055,15.524800300598145,26400
2020-07-22,15.608715761200788,15.657667614015349,15.53878397124944,15.55976390838623,34600
2020-07-23,15.53879354091917,15.615718690624316,15.53879354091917,15.54578685760498,62900
2020-07-24,15.52479301923352,15.629689998991015,15.52479301923352,15.538778305053713,51800
2020-07-27,15.608725373938505,15.629705323995935,15.54578685760498,15.54578685760498,63300
2020-07-28,15.559764614435242,15.559764614435242,15.482839508614363,15.510812759399414,41200
2020-07-29,15.489828287260115,15.629691832569682,15.489828287260115,15.57374668121338,51500
2020-07-30,15.594725272241696,15.811513900756836,15.594725272241696,15.811513900756836,35600
2020-07-31,15.769563295026591,16.007330661233045,15.73459805510616,15.958378791809082,56100
2020-08-03,16.04229505632143,16.04229505632143,15.86746621278561,15.916418075561523,59300
2020-08-04,15.979358778135564,15.979358778135564,15.902433649502,15.944392204284668,49900
2020-08-05,15.909425992153697,15.972364487401151,15.832500868220514,15.95138454437256,44100
2020-08-06,15.895439152651136,16.217124938964844,15.846487286738649,16.217124938964844,105300
2020-08-07,16.25907523253876,16.294040452191965,16.182150148696557,16.231101989746094,64000
2020-08-10,16.315023712855638,16.315023712855638,16.133201599121094,16.133201599121094,57200
2020-08-11,16.091249146781614,16.14719433110464,15.87446172425969,15.944392204284668,62500
2020-08-12,15.965372039717243,15.965372039717243,15.440885440076286,15.664666175842283,95400
2020-08-13,15.58952606096051,15.70890536405378,15.58952606096051,15.659748077392578,44300
2020-08-14,15.65974028619939,15.687830150315948,15.378848342026004,15.428004264831545,73400
2020-08-17,15.491213418428506,15.70890596375568,15.491213418428506,15.687838554382324,62900
2020-08-18,15.652723255098408,15.793168594233354,15.638678319365276,15.758057594299316,41400
2020-08-19,15.687837489926451,15.800194320162348,15.687837489926451,15.76508331298828,45000
2020-08-20,15.758063962959277,15.842330932617186,15.744019021549846,15.842330932617188,44900
2020-08-21,15.85638134388866,16.088117599487305,15.77913547888918,16.088117599487305,67200
2020-08-24,16.095131809761167,16.12322034845022,15.96873003716266,16.031930923461914,51600
2020-08-25,16.03193419719631,16.053001610064413,15.835309028625488,15.835309028625488,65800
2020-08-26,15.779125319945129,15.82828260018705,15.673790969653162,15.708903312683104,43400
2020-08-27,15.708903312683104,15.765081722132084,15.58952402517916,15.708903312683104,41800
2020-08-28,15.786149159124204,15.912550926208496,15.736993214013433,15.912550926208496,41200
2020-08-31,15.88446583769686,15.94064426422119,15.88446583769686,15.940644264221191,40000
2020-09-01,16.00384516148598,16.00384516148598,15.905531910518896,15.940644264221191,41900
2020-09-02,15.95468982098668,16.01789072599451,15.926601273982923,16.003847122192383,52000
2020-09-03,15.94064426422119,16.095134602313266,15.736996630945905,15.940644264221191,112800
2020-09-04,15.870414770806502,15.940638111708065,15.870414770806502,15.898503303527832,30400
2020-09-08,15.835306347653107,15.926597115226327,15.821262747518048,15.828285217285156,62700
2020-09-09,15.814241258783364,15.912553162823292,15.814241258783364,15.856374740600586,83400
2020-09-10,15.835311727218157,15.891490165040764,15.821268122312212,15.884469032287598,29200
2020-09-11,15.975755846771566,15.975755846771566,15.87744393170693,15.933622360229492,35600
2020-09-14,16.006247214234683,16.006247214234683,15.94278621673584,15.94278621673584,26000
2020-09-15,15.90753108394096,16.01329897626524,15.90753108394096,15.970992088317873,41000
2020-09-16,16.055602317070147,16.055602317070147,15.942783086978087,15.96393585205078,41900
2020-09-17,16.01329856511893,16.01329856511893,15.837018300800606,15.858172416687012,29900
2020-09-18,15.844062475384376,15.893422056697068,15.75944874009905,15.780601501464844,21200
2020-09-21,15.6748404870423,15.759455604092611,15.42099782571468,15.477407455444336,86800
2020-09-22,15.435096820319073,15.731247666499728,15.378687199375682,15.63253116607666,63200
2020-09-23,15.646635219640665,15.717147587960811,15.51266185432354,15.547917366027832,71800
2020-09-24,15.597281559559388,15.71010084413857,15.540871917269795,15.688946723937988,41900
2020-09-25,15.611374979309034,15.717144181319895,15.57611947524626,15.660733222961426,23200
2020-09-28,15.611380978469532,15.724200248718262,15.611380978469532,15.724200248718262,23400
2020-09-29,15.752395829536256,15.865215028814951,15.66778075762176,15.766498565673828,43500
2020-09-30,15.794707298278809,15.844065544240689,15.766503162691166,15.794707298278809,46700
2020-10-01,15.89342811107166,15.89342811107166,15.738300629103172,15.801761627197266,42800
2020-10-02,15.851115296731203,15.87226940494662,15.75945018428678,15.8158597946167,32900
2020-10-05,15.865225288102137,15.865225288102137,15.667790889237502,15.703047752380373,32100
2020-10-06,15.67484455035832,15.717152792306672,15.519718364617054,15.61843490600586,45700
2020-10-07,15.59022628478306,15.731249682760655,15.59022628478306,15.6395845413208,28100
2020-10-08,15.625479795344804,15.717146269947468,15.54791606220585,15.63253116607666,35600
2020-10-09,15.54792251433728,15.745356942026898,15.512666990958994,15.61843490600586,85100
2020-10-12,15.554965365861833,15.660733222961426,15.533812601388677,15.660733222961426,33900
2020-10-13,15.653677839854284,15.773548395512035,15.583165510953698,15.646626472473145,71000
2020-10-14,15.684156690786368,15.769127887083274,15.6558338590683,15.747884750366213,31200
2020-10-15,15.71248608494022,15.917831072366466,15.669999797413304,15.896589279174805,40100
2020-10-16,15.861181675161678,15.91074765264921,15.726644485858666,15.740806579589844,54600
2020-10-19,15.82578260282932,15.86118649734932,15.684164323605303,15.73373031616211,38400
2020-10-20,15.70540269583349,15.825777791405324,15.691240602102312,15.740806579589844,30600
2020-10-21,15.74081103641972,15.74081103641972,15.670001898286626,15.70540714263916,50400
2020-10-22,15.783297363985438,15.783297363985438,15.627516989639274,15.691245079040527,29600
2020-10-23,15.670005246136416,15.740814399397674,15.082291570040814,15.577954292297363,95800
2020-10-26,15.365523866595815,15.50714078276298,15.30179578162043,15.4788179397583,69900
2020-10-27,15.556703230540876,15.563784277323505,15.471733370292474,15.528380393981934,58900
2020-10-28,15.521304844753187,15.521304844753187,15.358444762783364,15.457576751708984,50700
2020-10-29,15.492975160068786,15.606270558019284,15.415086346603015,15.528380393981934,42200
2020-10-30,15.528377970402088,15.691237969269586,15.351355880179668,15.386759757995604,72600
2020-11-02,15.528379216768409,15.599188328655057,15.443408012390137,15.443408012390137,61100
2020-11-03,15.443414101174564,15.5071421919411,15.358444213867188,15.358444213867188,37900
2020-11-04,15.408005299820385,15.592108464454023,15.408005299820385,15.528380393981934,31400
2020-11-05,15.56378139607397,15.627509454748385,15.5354585647583,15.5354585647583,104000
2020-11-06,15.485892624309876,15.549619332525234,15.485892624309876,15.521296501159668,34100
2020-11-09,15.627517493762866,15.627517493762866,15.492980261734449,15.549627304077148,93800
2020-11-10,15.641678700457538,15.641678700457538,15.386766349158703,15.422171592712402,183000
2020-11-11,15.585027387622857,15.613350224127188,15.443409153386462,15.542542457580566,53000
2020-11-12,15.566007200938992,15.630006427176122,15.566007200938992,15.594451904296877,52300
2020-11-13,15.622899748568877,15.672677993774414,15.544679504454312,15.672677993774414,47100
2020-11-16,15.622903978874422,15.66557105774667,15.573127076508998,15.644237518310549,80100
2020-11-17,15.708230436214787,15.708230436214787,15.65845355395276,15.67978572845459,18400
2020-11-18,15.658453508954567,15.77222962703176,15.658453508954567,15.715341567993164,32200
2020-11-19,15.672674012859863,15.765116589266698,15.6442293085389,15.65134048461914,45900
2020-11-20,15.64423120007266,15.715341613154838,15.64423120007266,15.67978572845459,33700
2020-11-23,15.679780885553464,15.779335975646973,15.644226368153005,15.779335975646973,47800
2020-11-24,15.786452026237011,15.786452026237011,15.65134237701271,15.67978572845459,48800
2020-11-25,15.679790048598068,15.765122839071491,15.679790048598068,15.73667812347412,41400
2020-11-27,15.722452036011052,15.89311620543185,15.722452036011052,15.878893852233888,28000
2020-11-30,16.006897324586678,16.191783905029297,15.928675713852078,16.191783905029297,176900
2020-12-01,16.305560053560345,16.305560053560345,16.1135622942947,16.191783905029297,126600
2020-12-02,16.11355803589357,16.533107981344994,16.11355803589357,16.490442276000977,155200
2020-12-03,16.490434068904992,16.5046550593965,16.390878997558584,16.49754524230957,74100
2020-12-04,16.490442289223356,16.774882585608754,16.454886404476234,16.6966609954834,86300
2020-12-07,16.781990827301325,16.796213178712613,16.46199470213778,16.518882751464844,141600
2020-12-08,16.525990411394478,16.689543348875414,16.504656888816086,16.682432174682617,54400
2020-12-09,16.625554689800765,16.689553941838863,16.540223257962406,16.59000015258789,45200
2020-12-10,16.540216396459428,16.62554779289912,16.540216396459428,16.604215621948242,48500
2020-12-11,16.597111337554235,16.78910909374094,16.582888980136257,16.73933219909668,34400
2020-12-14,16.81999949124112,16.81999949124112,16.66293716430664,16.66293716430664,62400
2020-12-15,16.755743496586454,16.755743496586454,16.562985653060213,16.57012367248535,63000
2020-12-16,16.577262566603284,16.598680709342634,16.498732099954363,16.534427642822266,57300
2020-12-17,16.56299054319484,16.691495356253455,16.491598072585752,16.5487117767334,31400
2020-12-18,16.527292658686857,16.57012759386331,16.420204639896703,16.455900192260742,50900
2020-12-21,16.470177403045216,16.684354782104492,16.470177403045216,16.684354782104492,38800
2020-12-22,16.627243175700784,16.869975390414254,16.627243175700784,16.841419219970703,41200
2020-12-23,16.784306047566346,16.898533456344914,16.748609131261716,16.82000160217285,35800
2020-12-24,16.89853304458599,16.89853304458599,16.798584404764675,16.891393661499023,26800
2020-12-28,16.891384078487242,17.126978139904793,16.612955104547588,17.005611419677734,67700
2020-12-29,17.084155744687877,17.084155744687877,16.820003973583994,17.04132080078125,53900
2020-12-30,17.04132080078125,17.04132080078125,16.884257070293092,17.04132080078125,78200
2020-12-31,17.027042813843583,17.048459605930837,16.90567599912174,16.955650329589844,71400
2021-01-04,16.912804582673775,16.912804582673775,16.727184786835984,16.762880325317383,68900
2021-01-05,16.80571973485717,17.019895729021428,16.74860468393576,17.01275634765625,63600
2021-01-06,16.96992451747363,16.96992451747363,16.634380340576172,16.634380340576172,72800
2021-01-07,16.648666561768408,16.74861524048238,16.59869222241142,16.64152717590332,43800
2021-01-08,16.684357109228355,16.79858451597984,16.612964639584153,16.77716636657715,43600
2021-01-11,16.798577132860878,16.984196927675075,16.798577132860878,16.934221267700195,50300
2021-01-12,17.01275678535295,17.01275678535295,16.819997568627237,16.88425064086914,55200
2021-01-13,16.848560795157667,17.134129345238662,16.848560795157667,17.048458099365234,56500
2021-01-14,17.04129036920708,17.12732051657189,16.991105888673516,17.098644256591797,62900
2021-01-15,17.098646893146284,17.098646893146284,16.7043376600787,16.90507698059082,105100
2021-01-19,16.926576297745502,17.105807300076822,16.919406893561366,17.084299087524414,41400
2021-01-20,17.084302045375416,17.120147705078125,16.91940982286414,17.120147705078125,49800
2021-01-21,17.120144741021065,17.134483549389337,16.9910995679787,17.084299087524414,48400
2021-01-22,17.120144741021065,17.120144741021065,17.02694522147535,17.084299087524414,56500
2021-01-25,17.091467653196606,17.19183657200233,16.926575467323214,17.16316032409668,52600
2021-01-26,17.105812299407777,17.12014974454227,16.998272572640285,17.055627822875977,49500
2021-01-27,17.112977235374274,17.2061767578125,16.98393069090283,17.2061767578125,55900
2021-01-28,17.26352727898043,17.26352727898043,16.955249786376953,16.955249786376953,74100
2021-01-29,16.991106675363266,17.299382979689014,16.847721266550444,16.96242904663086,89600
2021-02-01,17.112973917898994,17.112973917898994,16.85488087898933,16.955249786376953,83400
2021-02-02,16.897904716199427,17.09147459603369,16.790366349877452,16.88356590270996,63700
2021-02-03,16.826207493930163,16.983931665075,16.618300223908538,16.689992904663086,109300
2021-02-04,16.661317918523117,16.819040747170103,16.611133444291095,16.718671798706055,55900
2021-02-05,16.689997130069596,16.811874307980727,16.66848891017075,16.711503982543945,52700
2021-02-08,16.718673850400016,16.740182070892214,16.489258301514692,16.611135482788086,97100
2021-02-09,16.57528125896511,16.73300402554226,16.560942452706144,16.63263511657715,48800
2021-02-10,16.64698242735805,16.718675133744057,16.57529108839668,16.596797943115234,48800
2021-02-11,16.639999173658403,16.805606793376075,16.639999173658403,16.719202041625977,56000
2021-02-12,16.740806579589844,16.776807764826735,16.68320385919651,16.740806579589844,32600
2021-02-16,16.748005909073505,16.762406931494574,16.5391952040393,16.5607967376709,48800
2021-02-17,16.452781004031248,16.56078585449804,16.344776153564453,16.344776153564453,65200
2021-02-18,16.344782980569807,16.445587366662682,16.279979768551026,16.35198211669922,42900
2021-02-19,16.294376183391083,16.488785780900763,16.279976540630596,16.387981414794922,83500
2021-02-22,16.37358790251107,16.438391131379564,16.07837380360221,16.143177032470703,80200
2021-02-23,16.071173004278535,16.143176743215257,15.495145839498946,15.8407621383667,143200
2021-02-24,15.84075850358881,16.28718048387602,15.76875478117387,16.27277946472168,80400
2021-02-25,16.18636778477004,16.265571982810805,16.042361775025963,16.128765106201172,81100
2021-02-26,16.099964453594833,16.143166119182435,15.999158736082173,16.128765106201172,44800
2021-03-01,16.236776711634,16.3807841546439,16.143172835027293,16.35198211669922,56600
2021-03-02,16.2583830677766,16.323186299037733,16.200780348139723,16.251182556152344,34900
2021-03-03,16.19356505114058,16.26556872828372,16.092760727153735,16.164764404296875,32000
2021-03-04,16.085564434551998,16.143167116680175,15.862354212974838,15.927157402038574,43300
2021-03-05,15.927161752362691,16.035166639183807,15.876758190046637,15.912760734558104,35200
2021-03-08,15.898356310221596,16.063963859419776,15.775950431823732,15.77595043182373,87200
2021-03-09,15.8407612964836,16.107174704383368,15.819159763943505,16.049571990966797,54900
2021-03-10,16.12877196125546,16.265578896010805,16.12877196125546,16.18637466430664,71400
2021-03-11,16.128777933101546,16.251183894076974,16.128777933101546,16.179180145263672,94600
2021-03-12,16.121320793190705,16.171948316265436,16.048995169013995,16.106855392456055,26700
2021-03-15,16.041753829834388,16.1357761249836,16.005590347472538,16.02728843688965,59800
2021-03-16,16.077920718039625,16.135780927543966,15.99113109353122,16.12131690979004,49800
2021-03-17,16.070681905038658,16.128542092529063,15.839241155077035,15.911566734313965,64600
2021-03-18,15.846472072675502,15.904332253672898,15.6656588346217,15.694589614868164,78900
2021-03-19,15.716293635593876,15.940503148374084,15.694596919805978,15.83924674987793,58400
2021-03-22,15.88987236167271,15.983896050511724,15.853710253347556,15.933268547058104,49700
2021-03-23,15.933269966063095,16.048990378404774,15.933269966063095,16.02005958557129,51400
2021-03-24,16.04175837671572,16.273199211448034,16.020060281148492,16.2442684173584,34300
2021-03-25,16.23703690389773,16.388919432560986,16.23703690389773,16.28766441345215,27500
2021-03-26,16.22979936141426,16.31658895774773,16.143008385585023,16.208101272583008,50100
2021-03-29,16.143007189266,16.25872756213205,16.08514700283298,16.164705276489258,65200
2021-03-30,16.12131746570427,16.222572490954406,16.02729375983235,16.18640899658203,40700
2021-03-31,16.25149827327247,16.338289260864258,16.164708665176633,16.338289260864258,70600
2021-04-01,16.40338101859097,16.40338101859097,16.215335041435655,16.280427932739258,99000
2021-04-05,16.258724911778387,16.273190300902538,16.085144380774878,16.215330123901367,48400
2021-04-06,16.150237223918943,16.280422966816346,16.135771834820243,16.222562789916992,56200
2021-04-07,16.251497176416162,16.273195266723633,16.150242180639665,16.273195266723633,35700
2021-04-08,16.2732029302778,16.309365051657593,16.208110008196968,16.26597023010254,41900
2021-04-09,16.302130005537666,16.309361324563888,16.23703709833218,16.2442684173584,40800
2021-04-12,16.23703690389773,16.388919432560986,16.23703690389773,16.28766441345215,71300
2021-04-13,16.323822082386883,16.381682274626126,16.23703248377592,16.309356689453125,35400
2021-04-14,16.302089885055217,16.3965309703209,16.273030236887134,16.331148147583008,32100
2021-04-15,16.43285805841636,16.520034245050436,16.367475225620552,16.4764461517334,83000
2021-04-16,16.527299158210024,16.57088725152706,16.42559314525677,16.4764461517334,40000
2021-04-19,16.4764527510555,16.534570693969727,16.382010227794222,16.534570693969727,59500
2021-04-20,16.592683733541513,16.592683733541513,16.37474185842794,16.46918296813965,41400
2021-04-21,16.425595055795807,16.541830908588185,16.39653539977738,16.498241424560547,36400
2021-04-22,16.55635989013257,16.658065909715887,16.46918231217502,16.54183006286621,42200
2021-04-23,16.54183166851085,16.76703847043688,16.52003692549579,16.650802612304688,64200
2021-04-26,16.708921742029474,16.708921742029474,16.527303027442198,16.599950790405273,35700
2021-04-27,16.534566525863774,16.55636126857789,16.490978426076246,16.520036697387695,49300
2021-04-28,16.476449659210125,16.614480267345037,16.447390000385596,16.585420608520508,69100
2021-04-29,16.58542615279131,16.643544104227566,16.454660415649414,16.454660415649414,52000
2021-04-30,16.432860673507253,16.58541971721506,16.42559575919154,16.527301788330078,40000
2021-05-03,16.643541663728772,16.643541663728772,16.49098258319432,16.534570693969727,60700
2021-05-04,16.490978249605114,16.563624619926696,16.490978249605114,16.512771606445312,42100
2021-05-05,16.52003913681803,16.643539925820015,16.512774221507218,16.563627243041992,38500
2021-05-06,16.563627243041992,16.643539925820015,16.563627243041992,16.563627243041992,42600
2021-05-07,16.56362413632152,16.65080171805908,16.56362413632152,16.592683792114258,60600
2021-05-10,16.56361977754383,16.56361977754383,16.549091339111328,16.549091339111328,50400
2021-05-11,16.54182726282288,16.55635708762977,16.469179524428807,16.505502700805664,36700
2021-05-12,16.4764466274869,16.498239981954445,16.280298123435735,16.396533966064453,65300
2021-05-13,16.425724299702615,16.491398119263177,16.36005048014205,16.433021545410156,39600
2021-05-14,16.39653668515502,16.55707332050301,16.352754599063484,16.484102249145508,53700
2021-05-17,16.403838808278692,16.505998895274026,16.39654155979275,16.447622299194336,27700
2021-05-18,16.476803085603752,16.51328792113345,16.381941678142173,16.418426513671875,45500
2021-05-19,16.34545437208762,16.484099243203683,16.34545437208762,16.389236450195312,43500
2021-05-20,16.44761194652219,16.520581601836405,16.3965312392725,16.42572021484375,32600
2021-05-21,16.622749339783486,16.622749339783486,16.425727838653177,16.49140167236328,50600
2021-05-24,16.505998611450195,16.608157304881054,16.46951236964788,16.505998611450195,32700
2021-05-25,16.55707007584892,16.60814939824704,16.491396263677867,16.578960418701172,62100
2021-05-26,16.571664243675794,16.681121532232176,16.542476654052734,16.542476654052734,61000
2021-05-27,16.58625820531465,16.637337529381078,16.52058439099861,16.593555450439453,32800
2021-05-28,16.6300411488464,16.666525981506556,16.549772846825476,16.644634246826172,34200
2021-06-01,16.710308345801632,16.717605590820312,16.615446944173158,16.717605590820312,33400
2021-06-02,16.644635883916852,16.710309702610232,16.630042784501768,16.637338638305664,32900
2021-06-03,16.659229278564453,16.739497583196634,16.60085270932483,16.659229278564453,51000
2021-06-04,16.66652869658991,16.732202519522595,16.476804473874086,16.600854873657227,54200
2021-06-07,16.61545236442314,16.71031379699707,16.61545236442314,16.71031379699707,26300
2021-06-08,16.746797585178335,16.783282425031523,16.710311353517724,16.761390686035156,57100
2021-06-09,16.761392030792976,16.834363108161206,16.761392030792976,16.79787826538086,42500
2021-06-10,16.77598191878127,16.87084471085764,16.77598191878127,16.841655731201172,50900
2021-06-11,16.870843914386608,16.958408065607813,16.841654936108146,16.88543701171875,63800
2021-06-14,16.885443382547322,17.024688648457627,16.885443382547322,16.907428741455078,16900
2021-06-15,16.89277380301001,16.89277380301001,16.782842796058148,16.856130599975586,22700
2021-06-16,16.863448149298804,16.885434895003176,16.797489310033352,16.81214714050293,34900
2021-06-17,16.812151888094157,16.922082851964152,16.738864112898145,16.863452911376953,65200
2021-06-18,16.78283446114075,16.944067829254948,16.78283446114075,16.878108978271484,84400
2021-06-21,16.878111769921876,16.944070631814977,16.834138263427725,16.87078285217285,32500
2021-06-22,16.87078266660983,17.05400141477584,16.87078266660983,16.95872688293457,53500
2021-06-23,16.966055800602984,17.01735682643377,16.907425857103785,16.95872688293457,37600
2021-06-24,16.958729812144796,16.99537440681633,16.944073372124535,16.9660587310791,36800
2021-06-25,16.95872608978114,16.980712841758073,16.88543971222081,16.922082901000977,30500
2021-06-28,16.8927672316984,16.99537067640936,16.863452960243876,16.922082901000977,34300
2021-06-29,16.98804473876953,17.00270257599179,16.93674370633993,16.98804473876953,39600
2021-06-30,17.002694990716154,17.149269104003906,16.951392583325386,17.149269104003906,125700
2021-07-01,17.19324815374907,17.19324815374907,16.995372950867637,17.068660736083984,71600
2021-07-02,17.163935659497554,17.163935659497554,17.017360073854498,17.054004669189453,64500
2021-07-06,17.068654790010164,17.163927899108106,17.061325874256823,17.09796905517578,60200
2021-07-07,17.127287845395003,17.193245303522495,17.097972177029,17.1785888671875,87500
2021-07-08,17.171255178725836,17.244542931428395,17.112625256133313,17.22988510131836,48200
2021-07-09,17.185917974349703,17.26653326755178,17.14194447131437,17.251876831054688,54800
2021-07-12,17.259204815992057,17.325163674476453,17.20057487487793,17.20057487487793,65500
2021-07-13,17.259204864501953,17.523040299181098,17.222561675395657,17.259204864501953,92000
2021-07-14,17.324735613678328,17.332098610550332,17.199567475550335,17.28055763244629,51000
2021-07-15,17.280556212382557,17.339458778170115,17.25110563166275,17.258468627929688,51100
2021-07-16,17.23638248850576,17.280559069062353,17.118577337456067,17.148029327392578,44700
2021-07-19,17.118571848277938,17.243739956675817,16.94186417836583,16.97867774963379,133800
2021-07-20,17.103846510794327,17.148024483219185,16.860873279848715,16.993404388427734,122000
2021-07-21,17.05231348345587,17.103853066692185,16.971321907314042,17.044950485229492,76700
2021-07-22,17.052306054989305,17.177474161614306,17.052306054989305,17.125934600830078,38000
2021-07-23,17.096483430888455,17.21428854807692,17.067032853765223,17.177474975585938,39900
2021-07-26,17.17747454843558,17.26582908630371,17.170111553250923,17.26582908630371,50500
2021-07-27,17.25846815756457,17.33945830559768,17.162750613051028,17.302644729614258,44200
2021-07-28,17.339453852994183,17.339453852994183,17.221648754880956,17.31000328063965,32500
2021-07-29,17.339458481669677,17.449902019437243,17.310007901453467,17.361547470092773,63200
2021-07-30,17.332101179031756,17.449906337745542,17.302649187179178,17.31737518310547,46500
2021-08-02,17.48672136795913,17.57507594646842,17.324739612431873,17.383642196655273,123100
2021-08-03,17.442550659179688,17.44991366023256,17.435187658126814,17.442550659179688,30600
2021-08-04,17.442541095497926,17.508806664291754,17.32473595194181,17.39836311340332,50400
2021-08-05,17.39100661417584,17.442546204032933,17.346828619142475,17.427820205688477,30400
2021-08-06,17.354188768572925,17.420454345892963,17.295286189216032,17.31737518310547,27100
2021-08-09,17.295282204916433,17.30264520118337,17.221653646594998,17.258468627929688,38500
2021-08-10,17.243749611751095,17.258475610242712,17.177484022887334,17.221660614013672,34200
2021-08-11,17.214287287168865,17.214287287168865,17.170110722545967,17.19219970703125,42100
2021-08-12,17.19147241035914,17.2432537285242,17.19147241035914,17.213665008544922,27800
2021-08-13,17.22106087252925,17.280239717688392,17.19886827649396,17.228458404541016,58100
2021-08-16,17.23585236210528,17.354210037566837,17.23585236210528,17.243249893188477,66000
2021-08-17,17.302424075299523,17.332014191670396,17.206259018963,17.221054077148438,29800
2021-08-18,17.280232898955774,17.280232898955774,17.198861489870282,17.221054077148438,20800
2021-08-19,17.17666889652262,17.280232892849675,17.17666889652262,17.250642776489258,27700
2021-08-20,17.33201384390811,17.33201384390811,17.22105373161254,17.287630081176758,31300
2021-08-23,17.272835609029134,17.324616902460736,17.25064302144369,17.265438079833984,35800
2021-08-24,17.33202123496293,17.33202123496293,17.265444857007928,17.302431106567383,30300
2021-08-25,17.339419541960833,17.339419541960833,17.124895334310956,17.139690399169922,105700
2021-08-26,17.132284410217334,17.169270643173242,17.013926771637216,17.147079467773438,47500
2021-08-27,17.198863142410186,17.250644440100174,17.198863142410186,17.235849380493164,61000
2021-08-30,17.287637453304587,17.33202123496293,17.265444857007928,17.302431106567383,42500
2021-08-31,17.309819928579255,17.309819928579255,17.250641112501185,17.295024871826172,70300
2021-09-01,17.38380027977158,17.38380027977158,17.28763519690756,17.33941650390625,64400
2021-09-02,17.339413521071723,17.38379728930188,17.272837163259208,17.332015991210938,53600
2021-09-03,17.302430512375622,17.34681570344469,17.2432516685518,17.324623107910156,47500
2021-09-07,17.309821257075246,17.309821257075246,17.19886114477967,17.287630081176758,52000
2021-09-08,17.287630667419425,17.295026785680147,17.235847963053395,17.265438079833984,82100
2021-09-09,17.35420119144817,17.35420119144817,17.280228740192452,17.317214965820312,37200
2021-09-10,17.295022383883158,17.324612493132697,17.295022383883158,17.317214965820312,45100
2021-09-13,17.332018972772893,17.361607686371517,17.280237665774205,17.33941650390625,32800
2021-09-14,17.41299057006836,17.42042266093263,17.35353526068059,17.41299057006836,37100
2021-09-15,17.412987328632987,17.539330014754047,17.398123149671424,17.472442626953125,54700
2021-09-16,17.46500740646309,17.46500740646309,17.360961007437123,17.390687942504883,56900
2021-09-17,17.390694725324458,17.405558907418687,17.375830543230226,17.383262634277344,22400
2021-09-20,17.353534698486328,17.405557915324454,17.308943572271698,17.353534698486328,63200
2021-09-21,17.338673820133852,17.420425415039062,17.338673820133852,17.420425415039062,24700
2021-09-22,17.435283660888672,17.45757993122536,17.36096559481887,17.435283660888672,55200
2021-09-23,17.435288398143186,17.435288398143186,17.36097031188079,17.405561447143555,45400
2021-09-24,17.390693734077463,17.390693734077463,17.28664730040121,17.353534698486328,46900
2021-09-27,17.308944283379503,17.323807047710762,17.19003224604462,17.27178382873535,24500
2021-09-28,17.19745768431738,17.204889772371185,16.877884985633035,16.937341690063477,135200
2021-09-29,17.071118313100225,17.10084667104591,16.952207716369728,17.041391372680664,60600
2021-09-30,17.0190953152066,17.033959494363714,16.952207926525727,17.026527404785156,44200
2021-10-01,17.056259641482054,17.182602357994014,17.04882755021353,17.152873992919922,47600
2021-10-04,17.078555214749482,17.15287471302831,17.033964082792796,17.071123123168945,44900
2021-10-05,17.041393067473695,17.06368792062409,17.00423261634592,17.056257247924805,25400
2021-10-06,16.996806088514916,17.07855626587921,16.773847579956055,16.773847579956055,61100
2021-10-07,16.811003724121083,16.885321790367144,16.766411183341944,16.840730667114258,56500
2021-10-08,16.840732147121876,16.9373479097746,16.840732147121876,16.870460510253906,23900
2021-10-11,16.870463912948217,16.915055049113715,16.82587135925606,16.833303451538086,20500
2021-10-12,16.855599174846965,16.915054493624005,16.773847579956055,16.773847579956055,80900
2021-10-13,16.848165780726266,17.02653172327267,16.848165780726266,16.959644317626953,30000
2021-10-14,16.958895703433843,17.026104125387267,16.95142936706543,16.95142936706543,28000
2021-10-15,16.996234563024995,16.996234563024995,16.861817718674462,16.921558380126953,58300
2021-10-18,16.824479953861662,16.921557992373792,16.824479953861662,16.876752853393555,31100
2021-10-19,16.809538778539753,16.86927941852836,16.78713550442057,16.84687614440918,40100
2021-10-20,16.891689849720404,16.91409170900213,16.854351043701172,16.854351043701172,22100
2021-10-21,16.824481145733262,16.899155907880502,16.69753205602125,16.757272720336914,44300
2021-10-22,16.749803772674806,16.906622471270484,16.749803772674806,16.876752853393555,27600
2021-10-25,16.906621489094515,16.988765426060944,16.81701121633987,16.891687393188477,50000
2021-10-26,16.884216616430113,16.98876239074159,16.839410063728607,16.981294631958008,43800
2021-10-27,17.026105224372124,17.1157169342041,16.981300081621036,17.1157169342041,35000
2021-10-28,17.123180930258872,17.15305054408179,17.011167385846317,17.08584213256836,47500
2021-10-29,17.003703638482442,17.21279525756836,16.973832593281692,17.21279525756836,34800
2021-11-01,17.332278880822436,17.332278880822436,17.115719471809882,17.265071868896484,63900
2021-11-02,17.25012886304069,17.272530715857112,17.09330877167872,17.182920455932617,45700
2021-11-03,17.16052207695519,17.22773050324672,17.1157169342041,17.1157169342041,26300
2021-11-04,17.11571759402386,17.16799049997024,16.966365213322888,17.026105880737305,37700
2021-11-05,17.026105498053173,17.280003684940212,17.026105498053173,17.21279525756836,30300
2021-11-08,17.1754538226961,17.227726715133326,17.063440278283544,17.08584213256836,75700
2021-11-09,17.13811761810524,17.2949363061115,17.115714337963094,17.22772789001465,36300
2021-11-10,17.294933057086745,17.294933057086745,17.138114398540427,17.167984008789062,39500
2021-11-11,17.175457925232266,17.21279530751171,17.070912115385966,17.190393447875977,59800
2021-11-12,17.18964342045773,17.257171597719914,17.167133551001605,17.174636840820312,24500
2021-11-15,17.234656018196343,17.234656018196343,17.054581415527,17.159626007080078,50200
2021-11-16,17.1146134033198,17.14462656513734,16.904526995022312,16.979557037353516,76000
2021-11-17,16.94954215273044,16.95704544178864,16.844498968127766,16.904523849487305,38400
2021-11-18,16.92702856877179,16.98705343695125,16.694432383464587,16.7469539642334,91800
2021-11-19,16.791980543899367,16.897025188378926,16.791980543899367,16.86701202392578,50700
2021-11-22,16.814478013262306,16.9045160090946,16.63440345270311,16.64190673828125,73700
2021-11-23,16.73194836535853,16.73194836535853,16.514358742180992,16.521862030029297,75100
2021-11-24,16.521863728366675,16.626906906829028,16.506857151127488,16.611900329589844,37200
2021-11-26,16.64941681889239,16.769466574927087,16.64941681889239,16.694435119628906,30700
2021-11-29,16.69443036840842,16.957039671660674,16.649412080484066,16.919523239135742,74200
2021-11-30,16.95704544796118,17.002063751220703,16.919529002656525,17.002063751220703,46100
2021-12-01,17.14462174619958,17.23465834413245,17.032075283230533,17.189640045166016,98400
2021-12-02,17.20465000009515,17.227158438445077,17.047083776114658,17.174636840820312,30900
2021-12-03,17.13711688521524,17.174631892393602,16.957042274768668,17.039575576782227,32900
2021-12-06,16.97955062472839,17.002060487590303,16.859500885009766,16.859500885009766,66300
2021-12-07,16.814480090277065,17.024567819099985,16.814480090277065,16.919523239135742,64900
2021-12-08,16.867000431891338,17.054578287489168,16.836988719170527,16.942031860351562,67600
2021-12-09,16.94203742428956,17.174633640908308,16.897019124871143,17.114608764648438,39800
2021-12-10,17.137116694528313,17.33219787811785,16.987053805273042,17.017066955566406,111700
2021-12-13,17.054579789375477,17.25716423472674,16.84449348851247,16.91202163696289,58500
2021-12-14,16.903733721936707,17.16007948577283,16.903733721936707,16.99420928955078,43600
2021-12-15,16.933891291067834,17.046986110135915,16.888654226276817,16.96405029296875,43000
2021-12-16,16.8961920775131,17.077141754397633,16.888652327885385,16.95650863647461,39800
2021-12-17,16.85849666243626,17.031906609185455,16.85849666243626,16.96405029296875,59300
2021-12-20,16.964048386102323,17.01682519543612,16.903731827140813,16.95650863647461,17900
2021-12-21,16.911275858864773,16.99421168770957,16.84341953309368,16.926355361938477,37300
2021-12-22,16.979129788605043,17.01682710290903,16.903733721936707,16.99420928955078,42900
2021-12-23,16.994208811340897,17.069603437827297,16.866035933029565,17.05452537536621,37900
2021-12-27,16.979131221465696,17.145001431685454,16.956511968138262,17.009288787841797,54000
2021-12-28,17.069607258702554,17.152543092074406,17.03190993702115,17.04698944091797,45300
2021-12-29,16.994207868445155,17.160078050796653,16.971588618918034,17.13745880126953,30400
2021-12-30,17.13745927781007,17.250552652469974,16.964049340794197,17.0771427154541,58900
2021-12-31,17.212855335711527,17.235474585861628,16.91881227406159,17.11484146118164,94400
2022-01-03,17.14499566513855,17.14499566513855,16.881110217315598,17.024362564086914,81700
2022-01-04,16.99420590630627,16.99420590630627,16.58706809018738,16.662464141845703,152100
2022-01-05,16.677549313464652,17.114844836178055,16.60215323615671,16.926355361938477,385200
2022-01-06,16.888652326446476,17.031904693240435,16.80571795666909,16.979127883911133,86000
2022-01-07,16.994207383165275,17.039444442867506,16.87357282719233,16.979127883911133,34800
2022-01-10,16.933887950030833,17.03190324881015,16.858493336274535,16.88865089416504,59500
2022-01-11,16.86603451706244,17.039444444319262,16.86603451706244,16.95650863647461,46300
2022-01-12,17.069602005255554,17.122378814590853,16.85095501828643,16.9489688873291,55000
2022-01-13,16.96336369443837,17.05428008278339,16.834566320571998,16.940635681152344,34800
2022-01-14,16.895176222550816,17.04670304991012,16.85729523824445,16.97093963623047,86800
2022-01-18,16.698197092037802,16.83456953297773,16.448177337646484,16.448177337646484,174500
2022-01-19,16.44059845622744,16.539089881419482,15.963289966655116,16.061782836914062,130700
2022-01-20,16.092089966730494,16.342108258562728,15.970869064331056,15.970869064331056,118900
2022-01-21,16.190579454039792,16.349681313136962,16.00117165317163,16.175426483154297,135600
2022-01-24,15.963290414484346,16.14512174344778,15.887526999482846,16.076934814453125,139400
2022-01-25,16.054207712224628,16.167852118640237,15.955714833615277,16.09208869934082,107100
2022-01-26,16.09208841490852,16.15269886026334,15.879951133633144,16.016324996948242,115200
2022-01-27,16.01632596997543,16.190582275390625,15.842071109627328,16.190582275390625,59400
2022-01-28,16.175429664958866,16.28907407882094,15.978445339899954,16.236040115356445,60000
2022-01-31,16.236034655138724,16.342102546396816,16.099660826340237,16.33452606201172,55600
2022-02-01,16.4102954043249,16.675466673577276,16.349684952358682,16.622432708740234,90500
2022-02-02,16.531512753895342,16.576970221829622,16.311800454657295,16.32695198059082,59300
2022-02-03,16.281491780038298,16.281491780038298,15.978439636228051,16.054203033447266,51700
2022-02-04,15.98601761007055,16.16027242836558,15.546591599332311,15.614778518676758,221100
2022-02-07,15.569321848284956,15.72084867863594,15.387490518903949,15.47840690612793,159900
2022-02-08,15.46325335453413,15.470829840274416,15.235964562593136,15.326879501342772,120100
2022-02-09,15.349610742469103,15.53901857278822,15.220813360049425,15.372340202331545,109900
2022-02-10,15.326881542132686,15.410221451305729,15.273847579956051,15.273847579956056,96200
2022-02-11,15.311726616102773,15.334456073451651,15.23596464840699,15.2889986038208,46000
2022-02-14,15.295851946189757,15.318704837771293,15.090180280699313,15.16635513305664,89300
2022-02-15,15.135891597240256,15.196831210821522,15.014010917162729,15.128273963928224,199400
2022-02-16,15.059716717034922,15.151125410949328,14.975924203517556,15.128273963928224,137900
2022-02-17,15.128272103974307,15.349177631203924,15.105419206847872,15.242533683776855,73100
2022-02-18,15.29585565749039,15.356795263579404,15.135889736349789,15.242533683776855,121300
2022-02-22,15.120656510166045,15.219682838568366,15.082568343153604,15.143507957458496,70900
2022-02-23,15.181589418017118,15.402494877444433,15.120649830632232,15.379643440246582,232600
2022-02-24,15.219679243978003,16.1261570639716,15.219679243978003,15.996660232543944,273200
2022-02-25,15.943338264235145,16.103304169161543,15.829076696014193,15.996660232543944,117700
2022-02-28,16.04998283811054,16.141392968065507,15.890016926832764,15.989043235778809,93100
2022-03-01,16.11854221344282,16.22518616846064,16.065220235933907,16.18709945678711,94800
2022-03-02,16.080458140738866,16.209955015761537,15.874786376953123,15.874786376953123,70000
2022-03-03,15.920485496520996,16.004277991912133,15.867163527786518,15.920485496520996,56400
2022-03-04,15.874780155172616,16.23280010325108,15.874780155172616,16.133773803710938,44100
2022-03-07,16.13377398331341,16.13377398331341,15.752901137448276,15.84430980682373,33200
2022-03-08,15.745280704423628,15.745280704423628,15.36440792633202,15.699576377868652,110900
2022-03-09,15.653872671000077,15.821457645414114,15.402496662293554,15.43296718597412,83200
2022-03-10,15.402501681483043,15.402501681483043,15.074952162666126,15.143507957458496,129600
2022-03-11,15.02162482583698,15.33394044961615,14.922598523164286,14.937833786010742,78400
2022-03-14,14.868127339117969,14.906426928469797,14.485125601456946,14.508106231689451,70300
2022-03-15,14.615346161567626,14.898768088563958,14.385545704786784,14.523425102233888,84800
2022-03-16,14.60768189619328,15.013664148903167,14.58470273351601,14.891103744506836,79000
2022-03-17,14.814510746187594,15.20517278402202,14.806850534343466,15.174531936645508,58800
2022-03-18,15.036645255282428,15.274107347901555,14.975365045162915,14.99068546295166,61200
2022-03-21,14.990686570365565,14.990686570365565,14.6842854971331,14.737905502319336,58800
2022-03-22,14.74556690212971,14.852806921159234,14.584706873585422,14.607686042785645,71800
2022-03-23,14.615346403446612,14.868127494503248,14.600025983131497,14.814507484436035,55600
2022-03-24,14.78386244648901,14.929403476090371,14.66896224881858,14.699603080749512,91100
2022-03-25,14.737906692051077,14.737906692051077,14.423845384005451,14.607686042785645,71200
2022-03-28,14.607687602521654,14.676628039554805,14.385547330664938,14.49278736114502,61000
2022-03-29,14.577050619917536,14.898772225361432,14.469809110745516,14.837491989135742,97400
2022-03-30,14.75322956508294,15.174530962203734,14.75322956508294,15.113250732421877,59000
2022-03-31,15.059624559075427,15.411986832086477,15.02898518722487,15.312405586242676,71800
2022-04-01,15.343049189749356,15.549869004934928,15.151548332737663,15.228147506713867,99400
2022-04-04,15.166869136221976,15.304750003811666,15.097928702427131,15.105588912963867,56200
2022-04-05,15.143891798126685,15.189851605872668,14.76088999115961,14.860469818115234,85500
2022-04-06,14.81450453839136,14.845143911892883,14.653643079143292,14.691944122314451,77600
2022-04-07,14.668967603344557,14.8298291076297,14.653647181786768,14.684288024902344,77100
2022-04-08,14.630667357532248,14.845147405625967,14.630667357532248,14.676627159118652,36900
2022-04-11,14.607685951536842,14.737906599988833,14.477465303084852,14.523425102233888,46200
2022-04-12,14.630666670858124,14.799186909456129,14.46214497122444,14.508106231689451,56900
2022-04-13,14.538152023580556,14.80780389419491,14.507333827228926,14.72305679321289,63400
2022-04-14,14.78469594178922,14.78469594178922,14.468816686371278,14.484224319458008,76200
2022-04-18,14.445703026747962,14.553563805776616,14.391772637233634,14.407181739807127,72500
2022-04-19,14.39947631564328,14.653720614722374,14.268501890693877,14.468815803527832,124500
2022-04-20,14.545859399817472,14.653721649416685,14.253093795460572,14.31472873687744,183100
2022-04-21,14.360955051855305,14.3917732583323,13.968031736231412,14.060484886169434,176400
2022-04-22,14.029662197222075,14.09900167014842,13.867871073388937,13.898689270019531,126000
2022-04-25,14.014252019311956,14.214565852497758,13.96032165451044,14.045068740844728,64800
2022-04-26,14.114415278011208,14.168345669852984,13.983440839469912,14.060484886169434,77400
2022-04-27,14.083597727687112,14.12211901406575,13.921805092012486,13.96803092956543,50500
2022-04-28,13.86787561233444,14.091303202556457,13.860171060655096,14.00655460357666,107700
2022-04-29,13.929506365951504,14.1991597156385,13.929506365951504,14.14522933959961,55900
2022-05-02,14.15293160700464,14.19915742622865,14.068183047183702,14.129817962646484,83200
2022-05-03,14.16834039230648,14.199158587304046,13.952618905293193,13.98343563079834,57800
2022-05-04,13.952624211314236,14.083598650877112,13.883284715693126,14.00655460357666,67800
2022-05-05,13.937214144990088,14.014258186967329,13.621334895426989,13.790830612182615,117700
2022-05-06,13.767717655500558,13.852464774375376,13.43642932223749,13.467246055603027,192100
2022-05-09,13.45954110852644,13.590515527831762,12.981870734231324,13.043505668640137,323100
2022-05-10,13.1898901000567,13.290046324329866,13.16677644699696,13.27463722229004,90100
2022-05-11,13.212996593391807,13.498058980393887,13.16677077667252,13.428719520568848,110000
2022-05-12,13.342668823273543,13.714807156638226,13.342668823273543,13.65278434753418,125200
2022-05-13,13.761324280826331,13.838853164072036,13.668289325183398,13.823347091674805,137600
2022-05-16,13.815591395299768,13.862108124794265,13.621769963875831,13.645029067993164,91500
2022-05-17,13.583007776721637,13.838852035448843,13.583007776721637,13.614018440246582,168600
2022-05-18,13.567502430488464,13.691548048696554,13.482220513442748,13.65278434753418,57900
2022-05-19,13.699295921661207,13.78457780656573,13.528733630592017,13.5907564163208,79200
2022-05-20,13.6140125880645,13.986150741577148,13.598508002337068,13.986150741577148,94000
2022-05-23,13.807834730859176,14.11019708994032,13.807834730859176,13.885363578796388,101500
2022-05-24,13.88536490677889,14.094692372607296,13.877611873369696,13.9473876953125,62200
2022-05-25,13.962892893986751,14.342782634977928,13.962892893986751,14.33502960205078,117500
2022-05-26,14.335030078596676,14.474581718444824,14.25750122548772,14.474581718444824,83100
2022-05-27,14.435820825933474,14.691665055604757,14.412561721876024,14.45132541656494,117900
2022-05-31,14.45132421661208,14.521100044250488,14.296267971991202,14.521100044250488,99800
2022-06-01,14.637387908483866,14.660647003159236,14.397049845129988,14.598624229431152,127900
2022-06-02,14.552110071370024,14.730425392273672,14.381546304644944,14.645143508911133,134700
2022-06-03,14.528857199739686,14.699419560828632,14.412564613599931,14.420317649841309,73700
2022-06-06,14.373800841103485,14.443575209455023,14.28851892160428,14.342788696289062,52300
2022-06-07,14.342786198022823,14.497843937605635,14.280763397937738,14.40480899810791,95100
2022-06-08,14.327276214067949,14.490086944023613,14.226489745992378,14.241995811462402,35400
2022-06-09,14.226492081860282,14.590875807795763,14.017164599864564,14.079187393188477,68100
2022-06-10,14.009410581937791,14.172221327190943,13.978399926823815,14.024916648864746,55700
2022-06-13,13.916377509613334,13.916377509613334,13.466711907898974,13.47446346282959,96500
2022-06-14,13.411271274160352,13.512693842879871,12.974370163178516,13.075794219970703,140400
2022-06-15,13.224030259951297,13.294246465712463,12.989975744723122,13.10700225830078,129100
2022-06-16,12.974370435839605,13.028984191914562,12.740317433523437,12.755921363830566,249000
2022-06-17,12.87295019936417,13.083598832491278,12.833941854595285,13.036787033081056,156500
2022-06-21,13.013379988126536,13.18501875367983,12.927559861313556,13.075794219970703,115700
2022-06-22,13.075794909453007,13.341055780796005,12.974370847312764,13.177217483520508,143700
2022-06-23,13.231827950051349,13.489288308979974,13.231827950051349,13.34105396270752,50200
2022-06-24,13.341053893999224,13.489288239508252,13.341053893999224,13.473684310913086,42100
2022-06-27,13.426876369472923,13.512696513245595,13.364462125294514,13.481490135192873,44100
2022-06-28,13.47368424287454,13.653124956595244,13.465882278616355,13.606314659118652,62100
2022-06-29,13.66872749318486,13.88717651787866,13.598511310084032,13.816960334777832,67500
2022-06-30,13.754551778371203,13.957398447729076,13.754551778371203,13.887182235717772,93500
2022-07-01,14.043214707843616,14.07442256591366,13.887178393638546,14.027610778808594,102400
2022-07-05,14.051017396659224,14.20705223083496,13.926188934089572,14.20705223083496,65800
2022-07-06,14.183647350392562,14.261665508910829,13.863774239733011,13.926188468933104,157300
2022-07-07,13.902782456442324,14.144637406521928,13.887178527257165,14.051016807556152,121700
2022-07-08,13.972996906799908,14.027609164063389,13.74674591412658,13.86377239227295,65900
2022-07-11,13.941796106964146,14.058822631835938,13.809165648623315,14.058822631835938,47800
2022-07-12,14.097830707798568,14.246065096773286,13.98860615175034,14.238263130187988,99900
2022-07-13,14.082224998367568,14.308477536583949,14.05101862403556,14.183649063110352,110100
2022-07-14,14.22210727927715,14.4418739731398,14.21425825491801,14.347688674926758,124600
2022-07-15,14.45757145745857,14.496815080673946,14.182861603806147,14.26919937133789,83500
2022-07-18,14.331987866499604,14.46541826081554,14.22995206652669,14.27704620361328,79200
2022-07-19,14.355540084460502,14.44187637265919,14.104375754381982,14.308445930480955,58700
2022-07-20,14.292745242222862,14.457571756644557,14.112222176419156,14.167163848876951,46600
2022-07-21,14.206408969952736,14.214257994167893,14.088676600821982,14.167163848876951,32800
2022-07-22,14.22210805667754,14.402631135660457,14.135770281055969,14.28489875793457,86500
2022-07-25,14.316292803007968,14.3712344773391,14.167164331931788,14.206409454345703,47700
2022-07-26,14.292742070482484,14.324138160375918,14.167160705004669,14.175009727478027,42900
2022-07-27,14.175016307546729,14.24565604555009,13.931702486117732,14.002342224121094,81100
2022-07-28,14.080825123563256,14.394778552233689,14.080825123563256,14.27704620361328,87400
2022-07-29,14.284893890789002,14.481114952491884,14.237799758105826,14.46541690826416,61100
2022-08-01,14.512512076750792,14.779372887005442,14.347687074736651,14.693035125732422,126600
2022-08-02,14.693042787657776,14.802927676683284,14.638101091669492,14.677346229553224,132900
2022-08-03,14.567456507576772,14.606701632440402,14.308444671670586,14.410480499267578,279700
2022-08-04,14.496816163730626,14.575304913073534,14.46542156222249,14.53606128692627,154000
2022-08-05,14.363384556559138,14.536060090308451,14.300593861663458,14.339838981628418,87100
2022-08-08,14.347690199739633,14.40263187904427,14.20641074035715,14.331992149353027,78000
2022-08-09,14.355540039301433,14.645946502685549,14.206411546265809,14.645946502685549,86500
2022-08-10,14.54390563235489,14.70088158348846,14.441869841922571,14.46541690826416,140700
2022-08-11,14.49681677987068,14.520363854788858,14.37123537440395,14.410480499267578,88000
2022-08-12,14.48075073356289,14.543916433903846,14.362315233672238,14.441272735595703,76600
2022-08-15,14.528125370289304,14.60708287622348,14.393898061997954,14.472855567932127,54600
2022-08-16,14.386001623431229,14.433377028815572,14.31494002134382,14.322835922241213,57300
2022-08-17,14.307043223880012,14.441270504616895,14.251771926879885,14.251771926879885,68400
2022-08-18,14.314937185890388,14.409686471902356,14.22018940586723,14.25966739654541,50300
2022-08-19,14.212292375718418,14.228084173128725,14.093856907118504,14.109648704528809,48600
2022-08-22,13.991216438845456,14.062278045119744,13.825407028198242,13.825407028198242,58000
2022-08-23,13.793822954297813,13.943842063114223,13.793822954297813,13.89646816253662,43900
2022-08-24,13.778033814252028,14.220193770720565,13.75434610898095,14.062278747558594,202200
2022-08-25,14.101757865016992,14.14913176825524,13.991216749475443,14.00700855255127,48700
2022-08-26,14.070172493696887,14.164921794275871,13.975424699106943,14.10175609588623,46300
2022-08-29,14.03859302325982,14.220194251847907,14.01490531718729,14.133340835571287,52300
2022-08-30,14.07017811752013,14.204405468497166,13.98332468277333,14.085969924926758,39500
2022-08-31,14.10965318708692,14.409689903259276,14.10965318708692,14.409689903259276,51700
2022-09-01,14.228090340555338,14.251776540949326,13.793824759463684,13.880678176879885,118200
2022-09-02,13.880675349349934,13.951736948035146,13.778031654576314,13.817509651184082,43500
2022-09-06,13.81750776872292,13.8490913664975,13.501679320921308,13.754342079162598,84200
2022-09-07,13.762239794963124,13.833301393345886,13.691178196580362,13.73855209350586,71500
2022-09-08,13.699070659867957,13.841193820973729,13.572739295771411,13.588529586791992,66000
2022-09-09,13.580637566879702,13.785924939909798,13.52536626769123,13.722759246826172,50200
2022-09-12,13.70697242077537,13.83330383890322,13.67538881324876,13.746450424194336,58100
2022-09-13,13.635906599485596,13.793820070391988,13.525365513263408,13.754342079162598,69300
2022-09-14,13.689985668280412,13.928349654150624,13.64231347729502,13.801222801208496,60100
2022-09-15,13.705875214408424,13.7138208311719,13.499293724972365,13.50723934173584,50500
2022-09-16,13.316553097182648,13.507243410533553,13.292716239711824,13.427788734436035,89300
2022-09-19,13.427787704847644,13.499296756305196,13.316552076123354,13.380115509033203,33000
2022-09-20,13.22914869059762,13.451621411436626,12.919277217137674,13.133804321289062,117400
2022-09-21,13.133804718765278,13.48340277077198,13.038458831099788,13.14175033569336,51200
2022-09-22,13.18942746588219,13.197373085788708,12.831882147449129,12.863664627075195,112200
2022-09-23,12.951060463776685,12.951060463776685,12.609407220749633,12.712697982788086,158000
2022-09-26,12.688860432518847,12.688860432518847,12.315424759891606,12.331315994262695,120200
2022-09-27,12.315426076186109,12.466389030167845,12.172407982503316,12.212135314941406,146400
2022-09-28,12.323368432353718,12.680912814186584,12.27569549449937,12.506113052368164,114200
2022-09-29,12.45844471852602,12.72858968171894,12.28364490274192,12.41871738433838,82000
2022-09-30,12.378991073491989,12.688863396488944,12.315427636631476,12.466390609741213,76100
2022-10-03,12.641190840626631,12.76831771837683,12.394882704419617,12.474336624145508,171800
2022-10-04,12.545841614728046,12.744478243981138,12.49022381317861,12.553787231445312,128600
2022-10-05,12.402827974986687,12.50611875599895,12.204192032517572,12.243919372558594,94400
2022-10-06,12.251864342550109,12.434609036219744,12.235973104281818,12.315427780151367,70800
2022-10-07,12.19624756375462,12.331320069605573,12.164465842244752,12.25186538696289,40600
2022-10-10,12.188298459356062,12.243916266663415,11.973771332194906,11.997608184814451,60100
2022-10-11,12.06117320526028,12.092954921888351,11.957882436785068,12.037336349487305,62800
2022-10-12,11.957881369527314,12.490225643836991,11.957881369527314,12.077062606811523,135900
2022-10-13,11.871610052504996,12.167400910955743,11.82364361705864,12.127429008483888,140500
2022-10-14,12.11943332813252,12.11943332813252,11.99152386225258,11.999518394470217,77100
2022-10-17,12.023503584296447,12.311299938909674,11.991526211561643,12.05548095703125,76700
2022-10-18,12.00751288237718,12.167399714137083,11.9515519194608,12.111438751220703,83200
2022-10-19,12.031493530754975,12.095448251840152,11.919572387655712,12.079459190368652,38200
2022-10-20,12.055475668349304,12.15140774446875,11.895588874816896,11.895588874816896,59400
2022-10-21,11.75968525093746,12.103442438807,11.751690720428773,11.943554878234863,48700
2022-10-24,11.903586028366542,12.079461158810789,11.831636764820924,11.879602432250977,36000
2022-10-25,11.903586071040412,12.031495534513155,11.6157890158262,11.767682075500488,361800
2022-10-26,11.81564770074388,11.951551695796594,11.799659399067377,11.879602432250977,147300
2022-10-27,11.943556530976773,12.135421477733408,11.91957369853238,12.01550579071045,69200
2022-10-28,11.91957393665542,12.10344435547036,11.887596571957236,12.031495094299316,86000
2022-10-31,11.959544715152376,12.11143699266976,11.959544715152376,12.007511138916016,61900
2022-11-01,12.199376771976404,12.215365073547789,12.04748371384534,12.167399406433104,105400
2022-11-02,12.191381674237157,12.191381674237157,12.01550579071045,12.01550579071045,46700
2022-11-03,11.871608928590277,12.087455961662537,11.86361439637264,11.999518394470217,69100
2022-11-04,11.967540445196184,12.2073710632419,11.911579484798525,12.151410102844238,74100
2022-11-07,12.151410021317377,12.151410021317377,12.031495094299316,12.031495094299316,52800
2022-11-08,12.031494684111566,12.071466579221669,11.855618803067408,11.991522789001465,119300
2022-11-09,11.911577518600517,12.063470548663965,11.911577518600517,11.943554878234863,44000
2022-11-10,12.143415018138825,12.551126974013789,12.143415018138825,12.495166778564451,83500
2022-11-11,12.439210390652391,12.878899844569414,12.439210390652391,12.70302391052246,58000
2022-11-14,12.665226078178591,12.785846972167572,12.512439561333284,12.633060455322266,55900
2022-11-15,12.753682530502106,12.850179408008202,12.576771971852102,12.625020027160645,91300
2022-11-16,12.633061841962675,12.721517122804435,12.608937813894748,12.616978645324709,79300
2022-11-17,12.512438405456772,12.60089366841809,12.367692732530186,12.375734329223633,72500
2022-11-18,12.432024811728343,12.432024811728343,12.222947884914737,12.28727912902832,99500
2022-11-21,12.343571980958297,12.415944069714682,12.287281556073454,12.303364753723145,112300
2022-11-22,12.351608266619582,12.625016390918002,12.351608266619582,12.56068515777588,159900
2022-11-23,12.600894455230389,12.826053808484016,12.600894455230389,12.761722564697266,113000
2022-11-25,12.753676814016126,12.83409122600549,12.745635986328123,12.745635986328123,18500
2022-11-28,12.7778084064178,12.826056465809524,12.737601178998643,12.769766807556152,68100
2022-11-29,12.713475267101384,12.890386581420898,12.697392071759174,12.890386581420898,77600
2022-11-30,12.890386929759035,13.059255884081844,12.721516441658263,13.027091026306152,96900
2022-12-01,13.171835167687677,13.37287051326994,13.10750391845247,13.348747253417969,153600
2022-12-02,13.228125645710543,13.437201044215296,13.163794399914185,13.396994590759276,124200
2022-12-05,13.276372229080788,13.33266187120827,13.107501768920631,13.115543365478516,64700
2022-12-06,13.123584962036402,13.228124183511191,12.890384796968592,13.115543365478516,74100
2022-12-07,13.06729489256885,13.19595736573193,13.035128507389247,13.13162612915039,74300
2022-12-08,13.13162549780709,13.203998327203983,12.946673393249512,12.946673393249512,112200
2022-12-09,12.874303341939374,13.06729708405046,12.86626174429584,12.970799446105955,133700
2022-12-12,13.027088562288522,13.027088562288522,12.866259702496247,12.954715728759766,107000
2022-12-13,13.107504591002677,13.268333489231855,12.954718824840803,13.00296688079834,118400
2022-12-14,12.948774911810494,13.078181656372928,12.908335111303472,12.997302055358888,102600
2022-12-15,12.89216040531654,13.005391705845405,12.827457025392942,12.916424751281738,114400
2022-12-16,12.72231423580599,13.013480225841576,12.72231423580599,12.835545539855955,123600
2022-12-19,12.819368555712266,12.964951533419114,12.681873692616923,12.787016868591309,173000
2022-12-20,12.722312728471678,12.94068719512545,12.681873698046962,12.770840644836426,186100
2022-12-21,12.778928759451397,12.892159278760705,12.730400843086649,12.770840644836426,115700
2022-12-22,12.665698962158968,12.884073454560058,12.665698962158968,12.85172176361084,103300
2022-12-23,12.71422843368638,12.940690297929068,12.665700505686036,12.738492012023926,98200
2022-12-27,12.59290697070572,12.722313729426311,12.423060407053663,12.447324752807615,137700
2022-12-28,12.503939428293076,12.66569786907903,12.423059822237557,12.552467346191406,114400
2022-12-29,12.528205064338682,12.673788070678713,12.503941487057082,12.673788070678713,154800
2022-12-30,12.706138384257816,12.924512098726948,12.633346888993062,12.908336639404297,235500
2023-01-03,12.92451209527834,13.086271316412468,12.762753645469344,12.916424751281738,92300
2023-01-04,12.94068584039364,13.150972170418031,12.884070586665914,13.029653549194336,120400
2023-01-05,12.92451076549078,12.956863223449004,12.803192133447643,12.819368362426758,55500
2023-01-06,12.835544186647532,13.102446573149914,12.754665353417332,13.05391788482666,86800
2023-01-09,13.102449488471333,13.66051564450827,12.940690243369025,13.514932632446287,316000
2023-01-10,13.490670223688312,13.490670223688312,13.32891097381198,13.458317756652832,70300
2023-01-11,13.474493560229307,13.611988455441873,13.385525821371036,13.57154941558838,102900
2023-01-12,13.638155081374109,13.646276501992803,13.459452841800909,13.621909141540527,38800
2023-01-13,13.548802813559735,13.638153925775368,13.435084342956545,13.435084342956545,48500
2023-01-17,13.418839473525145,13.426962443400775,13.272629114359916,13.296998023986816,68600
2023-01-18,13.410715919385522,13.638154418100196,13.37010107177682,13.57317066192627,99600
2023-01-19,13.57316739157833,13.686887388184738,13.451325976704997,13.540677070617676,62200
2023-01-20,13.467575156739684,13.703136624976098,13.467575156739684,13.57317066192627,52200
2023-01-23,13.52443790435791,13.670648295102064,13.52443790435791,13.52443790435791,75500
2023-01-24,13.516311243576034,13.58941641899473,13.43508464804237,13.483820915222168,163100
2023-01-25,13.48382186118686,13.48382186118686,13.353857440057675,13.386347770690918,75400
2023-01-26,13.39447192335209,13.548805268056803,13.353858619150015,13.426963806152344,80500
2023-01-27,13.32948822862618,13.402593407520136,13.313242289027947,13.337611198425291,122400
2023-01-30,13.345735844248212,13.508190612738156,13.345735844248212,13.49194622039795,83400
2023-01-31,13.540680673739834,13.719381359819105,13.483821434955432,13.695013999938965,80100
2023-02-01,13.759994387317304,13.8168536185764,13.686889218756225,13.800607681274414,101300
2023-02-02,13.80061044372343,13.889961567471786,13.80061044372343,13.816856384277344,78300
2023-02-03,13.703135687552637,13.735626014118932,13.45945126646479,13.548802375793455,61000
2023-02-06,13.451326894205058,13.58941425362633,13.418836571028276,13.443203926086426,48700
2023-02-07,13.435083908864543,13.5731697333937,13.402592033000332,13.548802375793455,43800
2023-02-08,13.556926843746243,13.556926843746243,13.402593514922463,13.41883945465088,93400
2023-02-09,13.467574433641934,13.532556637028827,13.353855965039353,13.394469261169434,59200
2023-02-10,13.361978934124956,13.451328495470726,13.345732995953748,13.394469261169434,54200
2023-02-13,13.402594863818642,13.483823021337798,13.394471893136902,13.45133113861084,47700
2023-02-14,13.420327100978865,13.493751504069996,13.289795174608695,13.4611177444458,110100
2023-02-15,13.412167628700407,13.599807063906471,13.379533871588125,13.501907348632812,43300
2023-02-16,13.404013716672385,13.452962812810345,13.30611396833276,13.330589294433594,139400
2023-02-17,13.330588263493302,13.42848644819812,13.330588263493302,13.404012680053713,31800
2023-02-21,13.35506108482773,13.363217968638123,13.19189539948048,13.232686042785645,67200
2023-02-22,13.175579025407284,13.37137692170066,13.175579025407284,13.28163719177246,47600
2023-02-23,13.240844323513617,13.314268725431036,13.15926148182056,13.18373680114746,46200
2023-02-24,13.167421186597284,13.167421186597284,13.10215521818536,13.1184720993042,29800
2023-02-27,13.110311532666303,13.21636968667604,13.085837771020346,13.142945289611816,38300
2023-02-28,13.134790327476557,13.175580978393556,13.069524352371204,13.175580978393556,55400
2023-03-01,13.167419921596194,13.265319642840517,13.142946158332572,13.18373680114746,71700
2023-03-02,13.134787536726945,13.134787536726945,12.987938734924986,13.102153778076172,53900
2023-03-03,13.11031462859687,13.249005016239934,13.11031462859687,13.15110683441162,66000
2023-03-06,13.151106984576725,13.240846726266776,13.151106984576725,13.200056076049805,52900
2023-03-07,13.134791531899332,13.306114148736826,13.134791531899332,13.216374397277832,83900
2023-03-08,13.232688512102788,13.249005394895024,13.175580978393556,13.175580978393556,52000
2023-03-09,13.159263161251292,13.3469041879117,13.159263161251292,13.208213806152344,64700
2023-03-10,13.208213806152344,13.314270424644333,13.085840306026672,13.208213806152344,134300
2023-03-13,13.265319296882694,13.330585257322356,13.045046096875126,13.053204536437988,79700
2023-03-14,13.013869928210616,13.136797379203047,12.956504253343374,12.964698791503906,105900
2023-03-15,12.964697685042374,13.079429806533849,12.91552733408077,12.931917190551758,71300
2023-03-16,12.964699385455187,13.16138237819526,12.948309526834551,13.095821380615234,73100
2023-03-17,13.112211582759784,13.153186618716935,12.972894272169064,12.98108959197998,64000
2023-03-20,12.989286304548065,13.120408309387232,12.989286304548065,13.079432487487791,46100
2023-03-21,13.07943093396719,13.226942781116009,12.931918305269663,12.948308944702148,78000
2023-03-22,12.931918155117792,13.022065107852344,12.825381344689765,12.915528297424316,76400
2023-03-23,12.866357999417517,13.03026049477308,12.866357999417517,13.005675315856934,46000
2023-03-24,12.964700605564484,13.0712374320454,12.964700605564484,13.022067070007324,45400
2023-03-27,12.923721313476562,13.005672150434131,12.91552599531624,12.923721313476562,47300
2023-03-28,12.915528447385888,12.98928476173465,12.915528447385888,12.948308944702148,38700
2023-03-29,12.956501950135378,13.161379435605378,12.931915995378183,13.136795043945312,51400
2023-03-30,13.194163658534013,13.194163658534013,13.054846343289276,13.095821380615234,58600
2023-03-31,13.1122090065897,13.259721608009372,13.1122090065897,13.210551261901855,57400
2023-04-03,13.292500495910645,13.415428698225124,13.276111423619469,13.292500495910645,56100
2023-04-04,13.292501896048677,13.603917748838724,13.259722184916516,13.571136474609377,103100
2023-04-05,13.554747976986883,13.612113646230442,13.31708841800957,13.546552658081056,45500
2023-04-06,13.61211346398514,13.653088494868443,13.554747795509622,13.562941551208496,39300
2023-04-10,13.513771725818156,13.587528034747388,13.38264974618781,13.415431022644045,71700
2023-04-11,13.38265081344945,13.595724438115631,13.366260173914188,13.497382164001465,34500
2023-04-12,13.538357663272482,13.5465529823745,13.33347937501387,13.44821071624756,46500
2023-04-13,13.43833806531501,13.520630713149002,13.388963104455298,13.479483604431152,34500
2023-04-14,13.356042277131248,13.42187606599888,13.273749648646374,13.30666732788086,72300
2023-04-17,13.29020707218252,13.29020707218252,13.068018254628807,13.092705726623535,75000
2023-04-18,13.15854313297472,13.23260635416007,13.018646111802564,13.142085075378418,98500
2023-04-19,13.125625155243965,13.18323031410309,13.018645042849284,13.109167098999023,47400
2023-04-20,13.10917079756887,13.1914634564135,13.02687813872424,13.076253890991213,76900
2023-04-21,13.133856029445818,13.183231773247105,13.043334748077754,13.084480285644531,81000
2023-04-24,13.142085406838092,13.191461150473913,13.084480241796166,13.12562656402588,33500
2023-04-25,13.158541350567216,13.249063401887886,13.13385387511644,13.175000190734863,73100
2023-04-26,13.265520322750511,13.405417304731916,13.207914390498388,13.364270210266112,56100
2023-04-27,13.356042349567524,13.388960028980536,13.17499982159999,13.224374771118164,72700
2023-04-28,13.306667256599509,13.55354357113032,13.281978997305895,13.388959884643556,50200
2023-05-01,13.43833708485078,13.44656650599393,13.19969015010582,13.216147422790527,61200
2023-05-02,13.232605851860637,13.504170462698012,13.2161470100883,13.471254348754885,82800
2023-05-03,13.495940582085312,13.57000379793639,13.38073183280652,13.446565628051758,74700
2023-05-04,13.388961911916487,13.487711824840378,13.290210429391037,13.41364860534668,49000
2023-05-05,13.372499163990572,13.40541683841816,13.273747710308925,13.339581489562988,57500
2023-05-08,13.372502572859135,13.372502572859135,13.125625445323124,13.133854866027832,51600
2023-05-09,13.133855196498844,13.18323093716873,13.08447945582896,13.117396354675291,47900
2023-05-10,13.1832328783523,13.265525529985815,13.1832328783523,13.2326078414917,53200
2023-05-11,13.265524076067765,13.290210770130882,13.224376969959891,13.257294654846191,48100
2023-05-12,13.222582578713917,13.272166822032784,13.164734032132792,13.21431827545166,40500
2023-05-15,13.139941858935495,13.222583319936051,13.123414039611816,13.123414039611816,28800
2023-05-16,13.10688488366054,13.115149187040224,13.073828458269148,13.098621368408203,59400
2023-05-17,13.098623209554717,13.13167963959253,13.057302474975586,13.057302474975586,41700
2023-05-18,12.999452281239115,13.032509497242676,12.966395853362966,12.982924461364746,50500
2023-05-19,12.93333792735603,13.007715078493757,12.93333792735603,12.958130836486816,42400
2023-05-22,12.908546444826818,12.974659296190982,12.495340729737125,12.553189277648926,371300
2023-05-23,12.553191079442009,12.652361158849754,12.503606827865603,12.627568244934082,136600
2023-05-24,12.594510101303728,12.693679379094226,12.511869430541992,12.511869430541992,114300
2023-05-25,12.50360757668778,12.586248263640169,12.50360757668778,12.536664009094238,144600
2023-05-26,12.47054789718465,12.677150742961397,12.462283594203026,12.561452865600586,107700
2023-05-30,12.64409637451172,12.710209232857007,12.594511336689033,12.64409637451172,121900
2023-05-31,12.6771530090684,12.751530172943704,12.66888870460949,12.73500156402588,65600
2023-06-01,12.842431945144428,12.85896054992771,12.768054799874166,12.801111221313477,74800
2023-06-02,12.809378899896648,12.809378899896648,12.635832444566498,12.701945304870604,120400
2023-06-05,12.644097392144012,12.743266687643366,12.6275687821637,12.685418128967283,49500
2023-06-06,12.652360883819116,12.768057993734075,12.652360883819116,12.73500156402588,75200
2023-06-07,12.710209609440485,12.768058165174716,12.693681000300726,12.701945304870604,60200
2023-06-08,12.66888870460949,12.7845866026519,12.66888870460949,12.73500156402588,48700
2023-06-09,12.726737259566969,12.759793689275163,12.685417313527312,12.73500156402588,40100
2023-06-12,12.735002037745174,12.768058468683009,12.718474216339995,12.751530647277832,130800
2023-06-13,12.79284954071045,12.850698881180426,12.759793112496498,12.79284954071045,107000
2023-06-14,12.774589390053436,12.882496995355291,12.774589390053436,12.782889366149902,58000
2023-06-15,12.840990889185608,12.907395431765638,12.816088592014657,12.85759162902832,123900
2023-06-16,12.849295319654107,13.040209039487191,12.824393805451484,12.973804473876951,143500
2023-06-20,12.965501892114585,12.965501892114585,12.907398103232362,12.932299613952637,76100
2023-06-21,12.865893916604682,13.031905292691548,12.824390874681797,13.007003784179688,88800
2023-06-22,12.940597403546882,12.998701179058454,12.907395133025329,12.957198143005373,95200
2023-06-23,13.023604525986034,13.023604525986034,12.9655007422568,13.007003784179688,53900
2023-06-26,12.99870291391314,13.081708997097602,12.99870291391314,13.040205955505373,37300
2023-06-27,13.040205955505373,13.156414313642683,13.015304447191902,13.040205955505373,60200
2023-06-28,13.090010628943404,13.13151288167412,13.0651083273793,13.081709861755373,41400
2023-06-29,13.056809045913464,13.056809045913464,12.890797641286126,12.90739917755127,42700
2023-06-30,12.907398717063137,13.040207836026866,12.899097949226704,13.023606300354004,38300
2023-07-03,13.056810504527354,13.114915096341566,13.015308242437795,13.031908988952637,26000
2023-07-05,12.99040225076866,13.056806801203406,12.98210227566783,13.007003784179688,42800
2023-07-06,12.940600786054452,12.940600786054452,12.774589390053436,12.782889366149902,51400
2023-07-07,12.71648390123043,12.91569835383504,12.71648390123043,12.807790756225586,75500
2023-07-10,12.849294592228087,12.923999922211593,12.824393079435191,12.90739917755127,25600
2023-07-11,12.890795841219154,12.93229888448172,12.84099282258784,12.874195098876951,50800
2023-07-12,12.907395148673356,13.023602699837385,12.907395148673356,12.965498924255373,65400
2023-07-13,13.022193218321362,13.122235581149516,13.013856155985843,13.097225189208984,50500
2023-07-14,13.088888188494456,13.088888188494456,12.988845825195312,12.988845825195312,35100
2023-07-17,13.055537579857,13.055537579857,12.955495240727984,13.013853073120115,39000
2023-07-18,12.988842687104324,13.047200519496457,12.988842687104324,13.013853073120115,44000
2023-07-19,13.063877817750226,13.122235664336763,13.005519971163688,13.080551147460938,71600
2023-07-20,13.097224573405745,13.097224573405745,12.938824371808645,12.963834762573242,57000
2023-07-21,12.98050963181896,13.047204545150038,12.98050963181896,13.005520820617676,71400
2023-07-24,13.00551680782541,13.047200519496457,12.997179747464866,13.013853073120115,37400
2023-07-25,12.98050963181896,13.080552001815578,12.955499238086324,13.005520820617676,99300
2023-07-26,13.005517643314086,13.113896254700167,12.938822746276855,12.938822746276855,79800
2023-07-27,12.930485725402832,12.980506500802631,12.897138276781,12.930485725402832,84800
2023-07-28,12.938824330844716,13.022192564818097,12.880465692490768,12.972171783447266,54100
2023-07-31,13.005518592139325,13.080549760480734,12.972171141187824,13.03886604309082,76000
2023-08-01,13.038865495216273,13.038865495216273,12.888801574707031,12.888801574707031,61500
2023-08-02,12.855455158051464,12.93882418615857,12.84711809622756,12.8721284866333,62000
2023-08-03,12.79709834790097,12.79709834790097,12.647034403227236,12.663707733154297,43300
2023-08-04,12.688716331682093,12.822106124146332,12.688716331682093,12.738737106323242,60700
2023-08-07,12.77208703472333,12.77208703472333,12.68038173336186,12.688718795776367,49700
2023-08-08,12.697056101926332,12.73874062234322,12.65537237657554,12.672045707702637,124500
2023-08-09,12.6637063255005,12.830444376633306,12.65537005899662,12.822107315063477,82700
2023-08-10,12.78876128540442,12.83044580282113,12.622024010803628,12.663707733154297,85200
2023-08-11,12.63035762211943,12.805431922399334,12.622021356442003,12.755411148071287,74800
2023-08-14,12.728615405694978,12.795608055307946,12.72024112483951,12.753737449645996,44200
2023-08-15,12.661623887341642,12.720242261336438,12.653249605737972,12.669998168945312,48000
2023-08-16,12.644874351436702,12.728614759896576,12.636500071006113,12.653247833251951,58800
2023-08-17,12.695119082457644,12.695119082457644,12.61137866973877,12.61137866973877,52300
2023-08-18,12.661621915170452,12.736988840633456,12.65324763487116,12.678370475769045,63600
2023-08-21,12.636499419616408,12.636499419616408,12.52763617547648,12.55275821685791,68800
2023-08-22,12.544385709005436,12.619752642412118,12.544385709005436,12.56950855255127,56500
2023-08-23,12.611378870190498,12.669997239886955,12.552759701878646,12.58625602722168,77700
2023-08-24,12.577882544847464,12.603004589200893,12.56950826385786,12.58625602722168,56600
2023-08-25,12.544385709005436,12.611379159845583,12.544385709005436,12.56950855255127,107700
2023-08-28,12.603002548217772,12.611376827851217,12.561131948665835,12.603002548217772,65100
2023-08-29,12.603005513346847,12.703494496744543,12.569509185547616,12.669998168945312,94500
2023-08-30,12.686745220713668,12.745364390030309,12.669997457062774,12.72024154663086,125700
2023-08-31,12.76211064417377,12.770484924316406,12.703492280405936,12.770484924316406,94200
2023-09-01,12.812356839926448,12.812356839926448,12.72861562714563,12.74536418914795,64100
2023-09-05,12.686744556896182,12.720240881060722,12.64487475065203,12.703493118286133,115300
2023-09-06,12.770484940569409,12.770484940569409,12.68674373626709,12.68674373626709,59900
2023-09-07,12.644874285266118,12.728614693287778,12.644874285266118,12.661622047424316,44000
2023-09-08,12.66162324970643,12.728615901931168,12.56950855255127,12.56950855255127,46500
2023-09-11,12.53601045547539,12.59462881823716,12.49413985409614,12.55275821685791,35700
2023-09-12,12.5611327841435,12.611377666670812,12.510887901616186,12.5360107421875,69400
2023-09-13,12.51926213218062,12.603003336522423,12.460643768310549,12.460643768310549,49200
2023-09-14,12.458961799112682,12.627212299643638,12.458961799112682,12.610386848449709,108400
2023-09-15,12.53467362548931,12.635624725696374,12.517848976975902,12.576736450195312,83700
2023-09-18,12.49261195836892,12.585149533528671,12.49261195836892,12.50943660736084,103100
2023-09-19,12.4589618581034,12.559912158899952,12.4589618581034,12.50943660736084,73300
2023-09-20,12.593561900990371,12.610386549503785,12.559911801681904,12.576736450195312,66500
2023-09-21,12.484199286221292,12.5010239352853,12.324360707563992,12.34959888458252,104700
2023-09-22,12.299123987760794,12.40007429436552,12.299123987760794,12.31594944000244,86000
2023-09-25,12.206586253114637,12.29912383242984,12.189760801085484,12.257061004638672,113100
2023-09-26,12.265474161823144,12.282299614443764,12.088810920715332,12.088810920715332,64900
2023-09-27,12.097223416798643,12.206586449906125,11.937384829071664,11.95421028137207,133300
2023-09-28,11.928971526206263,12.038334546671306,11.928971526206263,12.004684448242188,99800
2023-09-29,12.08039653421571,12.22340965270996,12.08039653421571,12.22340965270996,208400
2023-10-02,12.139287510662127,12.147699435407464,11.954211527474015,11.98786163330078,118900
2023-10-03,11.903733901601967,11.962622178289616,11.769133501655912,11.811196327209473,151200
2023-10-04,11.853257751068767,12.139283968271242,11.819607655061512,12.080395698547363,194300
2023-10-05,12.071984784593402,12.1392849822293,11.979446411132812,11.979446411132812,75400
2023-10-06,11.903733253479004,11.979446174896731,11.878495880433636,11.903733253479004,64500
2023-10-09,11.878495880433636,11.954208801851363,11.84484578227927,11.903733253479004,107000
2023-10-10,11.87849793511307,11.996273700166387,11.87849793511307,11.962623596191406,134400
2023-10-11,12.021509106289937,12.130872126845716,11.92897153610349,12.06357192993164,118200
2023-10-12,12.0365241931818,12.070334622697876,11.9858089519598,12.0111665725708,73400
2023-10-13,12.087241384204772,12.087241384204772,12.028072522374906,12.044978141784668,54200
2023-10-16,11.985807629668388,12.07878609905402,11.96044920575074,12.03652286529541,66500
2023-10-17,11.943542848598202,11.97735327000405,11.901279620314885,11.918185234069824,75100
2023-10-18,11.918187570602408,11.918187570602408,11.706872193861969,11.757587432861328,110700
2023-10-19,11.70687335960657,11.74068379100764,11.596989256027022,11.622346878051758,97000
2023-10-20,11.554726379265963,11.740684160882342,11.554726379265963,11.68996810913086,118700
2023-10-23,11.58008268734524,11.825208496421082,11.58008268734524,11.715324401855469,67800
2023-10-24,11.799851767863348,11.867472630226692,11.749135718038708,11.850567817687988,97800
2023-10-25,11.825208496421082,11.842114113786964,11.698419590593792,11.715324401855469,113500
2023-10-26,11.673061765827669,11.799850669430256,11.664608957293044,11.757587432861328,79600
2023-10-27,11.706872006627089,11.78294486390945,11.706872006627089,11.723776817321776,58000
2023-10-30,11.68151264202712,11.859017573619756,11.673060640411554,11.816754341125488,89700
2023-10-31,11.867472674040885,11.884378292746268,11.757588570768696,11.791399002075195,72400
2023-11-01,11.833661635001285,12.070334641992126,11.80830401434975,12.028071403503418,68600
2023-11-02,12.07033231414439,12.290100467018464,12.07033231414439,12.264742851257324,65800
2023-11-03,12.36617375340999,12.721183587946472,12.36617375340999,12.611299514770508,202000
2023-11-06,12.585944212851215,12.585944212851215,12.40843926296049,12.433796882629396,74700
2023-11-07,12.467607478580245,12.569038764724324,12.450701861170794,12.543681144714355,56600
2023-11-08,12.535227763741403,12.805711181110627,12.535227763741403,12.704279899597168,76300
2023-11-09,12.670471841669544,12.729640704861136,12.450703620910645,12.450703620910645,60500
2023-11-10,12.467609240709477,12.509872484102235,12.425345997316716,12.450703620910645,44300
2023-11-13,12.442251039851891,12.467608662269342,12.366177366495258,12.425345420837402,46300
2023-11-14,12.542529424075347,12.720858443330233,12.542529424075347,12.644432067871094,78400
2023-11-15,12.627451028625291,12.627451028625291,12.500072894672314,12.534040451049805,40600
2023-11-16,12.58499064245121,12.729352951049805,12.58499064245121,12.729352951049805,61000
2023-11-17,12.695385932922363,12.737845580159645,12.66141837710262,12.695385932922363,45700
2023-11-20,12.610467448298213,12.720861397324567,12.610467448298213,12.695385932922363,54000
2023-11-21,12.678404498406527,12.720863342285156,12.644436937393303,12.720863342285156,54400
2023-11-22,12.74634092179708,12.831259428074803,12.686897076566996,12.70388126373291,36100
2023-11-24,12.61895948104488,12.746338430339316,12.61895948104488,12.71237087249756,36100
2023-11-27,12.737845042108637,12.737845042108637,12.686893305606034,12.729352951049805,68000
2023-11-28,12.644435473209745,12.95014348692879,12.644435473209745,12.822765350341797,175400
2023-11-29,12.839751145195152,13.035065242623464,12.831259051861185,13.001097679138184,164400
2023-11-30,12.99260516769938,12.99260516769938,12.839750732009206,12.89919376373291,80600
2023-12-01,12.865223604472847,13.086013120380668,12.865223604472847,12.975618362426758,83100
2023-12-04,12.950144134871843,13.102998554304454,12.950144134871843,13.077522277832031,119500
2023-12-05,13.102996067688462,13.145454900717262,13.060536424809335,13.08601188659668,129800
2023-12-06,13.128473318615388,13.213392615946388,13.086013669949889,13.153948783874512,92300
2023-12-07,13.11148814606097,13.170931973648322,13.09450477378628,13.128472328186035,54700
2023-12-08,13.018079252430676,13.187917046327753,13.018079252430676,13.077522277832031,93800
2023-12-11,13.018080711364746,13.06054036706008,12.984113148778592,13.018080711364746,68300
2023-12-12,12.967129772410802,13.0520482739509,12.967129772410802,13.018080711364746,68500
2023-12-13,12.992602895934798,13.213392417804185,12.97561871278311,13.17093276977539,157200
2023-12-14,13.276738189695466,13.472987779905743,13.276738189695466,13.4047269821167,114200
2023-12-15,13.44739027722843,13.490053479575051,13.379129478966998,13.455923080444336,76900
2023-12-18,13.49005505764595,13.566847854373629,13.49005505764595,13.515652656555176,107600
2023-12-19,13.507118528440117,13.541248928218126,13.438857728884102,13.47298812866211,145800
2023-12-20,13.464455069927338,13.507118272273958,13.370596675751097,13.455923080444336,58700
2023-12-21,13.455920580387946,13.558311758756222,13.43885497712686,13.524181365966797,130100
2023-12-22,13.5241819619028,13.677769143089328,13.5241819619028,13.63510513305664,76800
2023-12-26,13.601674422604464,13.733643760879328,13.601674422604464,13.71604824066162,93100
2023-12-27,13.69845264503405,13.821624649586676,13.654463422517276,13.689655303955078,167700
2023-12-28,13.672059121112609,13.8920085927129,13.672059121112609,13.865614891052246,194300
2023-12-29,13.9711897674213,14.138350987455016,13.751240307932374,13.892007827758787,343700
2024-01-02,13.856818012917676,13.944798145441382,13.82162612771634,13.830424308776855,109500
2024-01-03,13.75123930201346,14.155946311429924,13.75123930201346,14.14714813232422,113100
2024-01-04,14.032775911709658,14.147149735926654,14.023977731606664,14.120755195617676,53500
2024-01-05,14.01518016205133,14.173544045160806,14.01518016205133,14.1559476852417,122400
2024-01-08,14.155948780977395,14.323110856985544,14.076766833293611,14.243928909301758,99000
2024-01-09,14.16474540657422,14.243927345565202,14.16474540657422,14.19113826751709,62700
2024-01-10,14.20873470499434,14.20873470499434,14.015179785330549,14.10315990447998,82200
2024-01-11,14.009469687842238,14.115534969786957,13.974114593860664,14.062501907348633,72400
2024-01-12,14.089018173306805,14.115535126285929,13.956436780138958,13.965275764465332,92300
2024-01-16,13.974110273342417,13.974110273342417,13.797334015158338,13.815011978149414,91700
2024-01-17,13.806176038394067,13.815015021836988,13.726626873271506,13.761981964111328,79400
2024-01-18,13.788500019066538,13.788500019066538,13.717789831722149,13.735466957092283,47300
2024-01-19,13.744305941243317,13.77082205076448,13.655917785596866,13.735466957092283,71800
2024-01-22,13.761982728755884,13.894564958970651,13.735466619885692,13.88572597503662,47600
2024-01-23,13.85921001018994,13.956436305678949,13.85921001018994,13.929920196533203,62000
2024-01-24,13.965273707811624,14.035983886145308,13.921079635620115,13.921079635620115,79200
2024-01-25,13.982952592231856,14.03598565412811,13.956436482749693,14.01830768585205,61300
2024-01-26,14.044823830329872,14.044823830329872,13.974113647157123,13.991790771484377,68800
2024-01-29,13.974110816397213,14.150886238519377,13.974110816397213,14.133208274841309,42700
2024-01-30,14.212760300717994,14.292309467498397,14.168567068446103,14.27463150024414,69100
2024-01-31,14.28346949096006,14.33650170317256,14.221598295734871,14.23043727874756,88100
2024-02-01,14.37185697785321,14.3806959604616,14.283468837632835,14.318824768066406,152500
2024-02-02,14.195081968985454,14.256953166922973,14.142049754448111,14.239276885986328,60900
2024-02-05,14.07133960723877,14.177405722434411,14.044823499905789,14.07133960723877,52200
2024-02-06,14.018306550315742,14.159727756272789,14.018306550315742,14.142049789428713,45400
2024-02-07,14.142049753597458,14.265792149465051,14.142049753597458,14.168566703796388,73400
2024-02-08,14.097853989358994,14.14204805812699,14.053659920590995,14.089015007019045,45500
2024-02-09,14.080179731886334,14.09785685723047,14.01830768585205,14.01830768585205,34100
2024-02-12,14.071339312909002,14.124371526465696,14.018306256420471,14.053661346435549,28400
2024-02-13,13.965272895473024,13.982950017562285,13.868045773720898,13.89456272125244,57000
2024-02-14,13.906995946323526,13.951399040617302,13.862592852029753,13.898115158081056,52000
2024-02-15,14.013563783655425,14.013563783655425,13.942519166892856,13.98692226409912,42700
2024-02-16,13.96027836590737,13.96027836590737,13.844830671609206,13.880352973937988,38100
2024-02-20,13.942516964242497,13.942516964242497,13.862591571281628,13.871472358703612,27700
2024-02-21,13.906995319979345,13.92475689566434,13.711622222037107,13.756025314331056,90600
2024-02-22,13.80042903443712,13.809309822683623,13.711622845809238,13.729384422302246,47400
2024-02-23,13.693860993189896,13.835950205806787,13.693860993189896,13.738264083862305,77700
2024-02-26,13.76490737732806,13.76490737732806,13.613937357694198,13.658340454101562,56500
2024-02-27,13.684983460479698,13.720505772082474,13.471849590863044,13.50737190246582,137800
2024-02-28,13.48072876379326,13.640578723376109,13.48072876379326,13.622817993164062,69400
2024-02-29,13.649459021920867,13.747145151876676,13.649459021920867,13.729384422302246,62300
2024-03-01,13.73826597061229,13.791549009202017,13.667221354546903,13.782669067382812,66300
2024-03-04,13.747145785813307,13.844832767192438,13.747145785813307,13.827071189880373,82800
2024-03-05,13.871472810413009,13.889234385835366,13.818189777982994,13.85371208190918,58400
2024-03-06,13.871475023284065,13.951400431597854,13.871475023284065,13.924758911132812,49800
2024-03-07,13.933638572692873,13.9425193616419,13.889236321785036,13.933638572692873,36100
2024-03-08,13.951400150590926,13.986922459468383,13.90699705276444,13.933638572692873,73900
2024-03-11,13.924758130854386,13.942518861196296,13.898115764963592,13.91587734222412,28500
2024-03-12,13.85371208190918,13.898114326628017,13.83595050648682,13.85371208190918,69000
2024-03-13,13.853714792871996,13.853714792871996,13.791550113647585,13.818192481994627,49000
2024-03-14,13.803915683222469,13.803915683222469,13.616532181605304,13.643301010131836,43700
2024-03-15,13.607608146103402,13.634376973038464,13.598684920136494,13.616531372070312,46100
2024-03-18,13.652225045107434,13.705762705330974,13.652225045107434,13.67007064819336,41200
2024-03-19,13.661146202901683,13.696838254633082,13.625454151170285,13.634376525878906,33800
2024-03-20,13.61653058252941,13.67006823329521,13.61653058252941,13.652222633361816,52200
2024-03-21,13.687916451699406,13.714685280538935,13.6254555674186,13.678993225097656,54700
2024-03-22,13.678993225097656,13.732531733742436,13.643301169656375,13.678993225097656,73200
2024-03-25,13.634375369252016,13.687913867790172,13.60760654546572,13.625452995300291,74600
2024-03-26,13.616532181605304,13.678993065155783,13.616532181605304,13.643301010131836,52700
2024-03-27,13.64329957151074,13.70576044847502,13.607607520250347,13.687914848327637,52400
2024-03-28,13.67007064819336,13.705762705330974,13.652225045107434,13.67007064819336,76400
2024-04-01,13.65222326205659,13.661146487917016,13.56299270538364,13.580839157104492,89700
2024-04-02,13.500530713804324,13.545145988464355,13.420223389609385,13.545145988464355,72400
2024-04-03,13.48268490921106,13.554069011699308,13.473762534624248,13.53622341156006,49900
2024-04-04,13.562991931420752,13.59868398186006,13.527299880981444,13.527299880981444,84400
2024-04-05,13.473762512207031,13.500531337854182,13.446992835594257,13.473762512207031,71400
2024-04-08,13.455915943330451,13.589760921360066,13.446992717870982,13.562992095947266,124700
2024-04-09,13.571916925745862,13.598685754323007,13.545148097168711,13.554070472717283,73600
2024-04-10,13.464838147626375,13.473761372409118,13.286377906799316,13.286377906799316,80000
2024-04-11,13.304224039579294,13.366684913635254,13.277455215121824,13.366684913635254,63700
2024-04-12,13.41510855900198,13.442010275146592,13.307500839233398,13.307500839233398,82100
2024-04-15,13.26266384124756,13.316468127776467,13.155056123379865,13.26266384124756,105300
2024-04-16,13.155057907104492,13.208861345738612,13.146090382268728,13.155057907104492,71100
2024-04-17,13.181959277222722,13.226796045023557,13.155057558618308,13.172991752624512,75500
2024-04-18,13.137121662143812,13.190925951072751,13.020547270646404,13.056416511535645,154000
2024-04-19,13.11022342215483,13.1550601989548,13.07435417175293,13.07435417175293,47000
2024-04-22,13.065386645354858,13.11022342215483,13.056419974147174,13.07435417175293,39300
2024-04-23,13.101251358638642,13.244729165748566,13.047447929263749,13.235761642456056,108900
2024-04-24,13.15505528401913,13.262662995020897,13.137120237923805,13.199892044067385,109300
2024-04-25,13.11022342215483,13.137125146158658,13.065386645354858,13.07435417175293,35500
2024-04-26,13.119187479471142,13.181958437278464,13.110219955444336,13.110219955444336,44500
2024-04-29,13.13712178072496,13.199893594240354,13.13712178072496,13.164024353027344,53300
2024-04-30,13.092285762580884,13.137121672334594,13.092285762580884,13.110219955444336,36000
2024-05-01,13.18195892082443,13.2536974052901,13.13712215423584,13.13712215423584,112900
2024-05-02,13.146090262955797,13.226796275364729,13.128156068637272,13.217828750610352,63000
2024-05-03,13.289565445764191,13.361303923742645,13.27163125386464,13.325434684753418,67300
2024-05-06,13.370272279246072,13.379239803348906,13.325435513922068,13.334403038024902,33000
2024-05-07,13.39717566027025,13.459947481596076,13.316470498891803,13.352339744567873,81800
2024-05-08,13.325434437191284,13.37027119889236,13.307500245624915,13.343369483947754,70900
2024-05-09,13.3433713975996,13.415109884533718,13.3433713975996,13.397174835205078,48700
2024-05-10,13.34337007915626,13.37923931907912,13.253696551754038,13.307500839233398,47700
2024-05-13,13.30750108793074,13.352337852469782,13.280599371283376,13.289566040039062,55100
2024-05-14,13.31119432598688,13.374280278030652,13.284156752698149,13.365267753601074,72800
2024-05-15,13.428356755104566,13.527492827379564,13.419345088110155,13.51848030090332,84700
2024-05-16,13.518479702897302,13.527492228974864,13.482430458068848,13.482430458068848,73700
2024-05-17,13.464405405913723,13.545516421648196,13.455393739317952,13.482430458068848,39000
2024-05-20,13.446381873138517,13.482431119736132,13.42835682009879,13.437369346618652,54900
2024-05-21,13.491442333390182,13.536504102122656,13.41033132156808,13.473417282104492,61300
2024-05-22,13.428356161085269,13.500454650742178,13.4193444944895,13.482430458068848,89900
2024-05-23,13.491443580956426,13.58156626727335,13.482431054480186,13.51848030090332,147100
2024-05-24,13.46440440371273,13.545515413409836,13.446380212381,13.509466171264648,39800
2024-05-28,13.464405405913723,13.554528947725755,13.464405405913723,13.482430458068848,99300
2024-05-29,13.44638169765242,13.44638169765242,13.24811041421221,13.284159660339355,219000
2024-05-30,13.284160598677012,13.39230834469755,13.284160598677012,13.338234901428224,57900
2024-05-31,13.401318444829084,13.518478696671377,13.365269202683896,13.509466171264648,76400
2024-06-03,13.572554946500428,13.590579140430858,13.473418871696577,13.536505699157717,71200
2024-06-04,13.662677394953766,13.752800941467283,13.608603954631125,13.752800941467283,351600
2024-06-05,13.761813468015005,13.815886908337646,13.707739168210525,13.752800941467283,61900
2024-06-06,13.689713055719633,13.869960134798028,13.689713055719633,13.860947608947754,51900
2024-06-07,13.761812462366606,13.824898424626944,13.680701448328016,13.779836654663086,68500
2024-06-10,13.73477619243001,13.770825439937102,13.716751998417392,13.743788719177246,83100
2024-06-11,13.79786390464328,13.851937349629182,13.770826322668418,13.82490062713623,53200
2024-06-12,13.906009319466696,14.041193768717726,13.842922498265349,13.942058563232422,55400
2024-06-13,13.951070524347704,13.996132294877455,13.869960368772292,13.987120628356934,67900
2024-06-14,13.95719314064635,14.056951842361729,13.848365230169389,13.948123931884766,110900
2024-06-17,13.866502633877896,13.902778603647278,13.821157455444336,13.821157455444336,64200
2024-06-18,13.793952498428936,13.939056396484377,13.793952498428936,13.939056396484377,52200
2024-06-20,13.85743357404362,13.966261484520585,13.848365230169389,13.948123931884766,61600
2024-06-21,13.893710244754216,13.902779453973093,13.830227509996885,13.857434272766112,45100
2024-06-24,13.911847622773523,13.975330352783203,13.812088058601365,13.975330352783203,67500
2024-06-25,13.929985302716446,14.047882420163726,13.893709333108616,14.020675659179688,46900
2024-06-26,13.993470790698892,13.993470790698892,13.902780421970514,13.939056396484377,30100
2024-06-27,13.911846469124592,14.066019541980909,13.911846469124592,14.047881126403809,53500
2024-06-28,14.011605628239924,14.093226771289176,13.96626045266953,14.066020011901855,62300
2024-07-01,14.038812847367812,14.066020472533411,13.893708972700546,13.96626091003418,115800
2024-07-02,13.96626157090917,13.975330779726852,13.821157689375676,13.83022689819336,84700
2024-07-03,13.893711707284442,14.047884820684857,13.84836738619166,14.00253963470459,27100
2024-07-05,13.993467406053494,14.156708819438403,13.993467406053494,14.12043285369873,90700
2024-07-08,14.06602026208764,14.06602026208764,14.011605877457866,14.038812637329102,31200
2024-07-09,13.9753301665355,14.12950325012207,13.9753301665355,14.12950325012207,82800
2024-07-10,14.084159632750506,14.192987551178458,14.056952869365372,14.15671157836914,60100
2024-07-11,14.22019485300638,14.30181600617547,14.183918881029827,14.265539169311523,83400
2024-07-12,14.28367676084815,14.347159491910192,14.229262373589728,14.310883522033691,28600
2024-07-15,14.289896102692351,14.408522421134228,14.226020727468542,14.381147384643556,59800
2024-07-16,14.381148071425862,14.381148071425862,14.317271822914876,14.353772163391112,29400
2024-07-17,14.362898097127626,14.372023400206812,14.280772109888558,14.344648361206056,35400
2024-07-18,14.299022087795136,14.3993978065456,14.289896785116888,14.353772163391112,42600
2024-07-19,14.280772109888558,14.39939843920757,14.280772109888558,14.344648361206056,48100
2024-07-22,14.33552305812687,14.372023400206812,14.308148019126111,14.344648361206056,21800
2024-07-23,14.335522375757956,14.463274002075195,14.280771430125782,14.463274002075195,53100
2024-07-24,14.408522421134228,14.417647723376692,14.326396441425487,14.381147384643556,28900
2024-07-25,14.37202281215595,14.463274098740536,14.34464777427528,14.39939785003662,36500
2024-07-26,14.426775198076554,14.499775886535645,14.426775198076554,14.499775886535645,54300
2024-07-29,14.508900319915393,14.52715092714859,14.435899631456302,14.499775886535645,34900
2024-07-30,14.48152414557934,14.600150472597608,14.472398842677135,14.563650131225586,62000
2024-07-31,14.600149702231915,14.864778251012137,14.518023720918984,14.83740234375,133600
2024-08-01,14.89215495660112,14.956030343962045,14.746153573926502,14.919530868530272,94100
2024-08-02,15.03815442120124,15.13853101166495,15.029029118388763,15.10202980041504,61000
2024-08-05,15.138528758457882,15.165904662820706,14.928652046429422,15.001652717590332,76400
2024-08-06,14.919528827216087,15.156781476719493,14.919528827216087,15.120280265808104,84600
2024-08-07,15.0381551539364,15.120281142776747,14.82827840044379,14.846529006958008,60300
2024-08-08,14.81002544902201,14.956026797071738,14.800900147209733,14.883026123046877,55700
2024-08-09,14.956030440143468,15.038156435985307,14.883029748336694,14.946905136108398,40700
2024-08-12,14.90127587282168,14.99252714524236,14.90127587282168,14.974276542663574,21200
2024-08-13,14.992530233045256,15.092906827428502,14.992530233045256,15.047280311584473,39500
2024-08-14,15.010780154045207,15.12940560887644,15.010780154045207,15.074655532836914,38700
2024-08-15,14.961750862945886,15.090257895105552,14.943394216140064,15.06272029876709,35100
2024-08-16,15.03518270242863,15.126972939470347,14.915856619801604,15.06272029876709,56800
2024-08-19,15.06272034423984,15.182048177980258,15.06272034423984,15.145331382751465,42700
2024-08-20,15.21876455806683,15.21876455806683,15.136153512305196,15.191226959228516,26000
2024-08-21,15.16369102702981,15.22794367320949,15.099438380850131,15.200406074523926,154700
2024-08-22,15.13615243478387,15.182048429580458,15.062720593862515,15.117794036865234,49400
2024-08-23,15.099437713623049,15.17286955611971,15.062720916998105,15.099437713623049,50600
2024-08-26,15.145334329071892,15.19122858128283,15.07190247508229,15.136155128479004,57700
2024-08-27,15.15451187319189,15.17287027237099,15.0627216280497,15.10861587524414,83000
2024-08-28,15.081079315310577,15.117794361182296,15.026005871126385,15.099437713623049,55800
2024-08-29,15.053543243529033,15.237123743753315,15.053543243529033,15.209586143493652,63600
2024-08-30,15.255480934423163,15.273837582387497,15.117794694794451,15.237122535705566,45500
2024-09-03,15.328913567869035,15.347270216778606,15.22794412047632,15.255481719970703,75000
2024-09-04,15.283020105590987,15.35645196567852,15.237125849568896,15.27384090423584,133800
2024-09-05,15.2830202995532,15.429884021592162,15.2830202995532,15.338093757629396,78500
2024-09-06,15.31055205060106,15.530847549438477,15.283014456714008,15.530847549438477,95700
2024-09-09,15.58592360431393,15.888830184936523,15.530850158042538,15.888830184936523,271100
2024-09-10,15.870473372648512,15.879650821304478,15.732787132263184,15.732787132263184,170700
2024-09-11,15.769500188427424,15.81539442383148,15.723604202270508,15.723604202270508,108200
2024-09-12,15.806218639545166,15.81539783875856,15.6042815091102,15.769503593444824,137600
2024-09-13,15.785197751014596,15.87750919905334,15.77596643014128,15.80366039276123,50900
2024-09-16,15.849813920426085,15.886737440159171,15.637498840051558,15.831351280212402,233300
2024-09-17,15.757502135069451,15.868276213232075,15.665190696716309,15.665190696716309,137800
2024-09-18,15.720579189318151,15.78519667031304,15.591342466634073,15.6098051071167,207800
2024-09-19,15.563651166038644,15.637499971542615,15.489802360534668,15.489802360534668,133600
2024-09-20,15.471343483039554,15.517498337448243,15.305183190056535,15.332877159118652,176600
2024-09-23,15.323645469738926,15.517497966454584,15.323645469738926,15.36056900024414,148000
2024-09-24,15.443643992568106,15.535955429077148,15.33287167731262,15.535955429077148,95600
2024-09-25,15.50826499474941,15.55442160384185,15.397492654316766,15.406723976135254,84400
2024-09-26,15.44364687999835,15.54518965521272,15.323643222585988,15.342105865478516,81800
2024-09-27,15.379031645844144,15.480574435949368,15.35133767744414,15.36056900024414,66500
2024-09-30,15.351338044465226,15.471343483039554,15.323645836097947,15.332877159118652,193300
2024-10-01,15.4528777521471,15.526726560875495,15.351334979885118,15.443646430969238,123100
2024-10-02,15.397492133042526,15.443646979877812,15.323643321689342,15.351335525512695,95000
2024-10-03,15.351334554347815,15.388259838035694,15.194405620063211,15.268256187438965,79300
2024-10-04,15.212867242657738,15.26825516447861,15.157481081531186,15.19440460205078,144600
2024-10-07,15.222100182224194,15.23133150350966,15.009785074741952,15.065171241760254,98900
2024-10-08,15.037477840297797,15.1113266440022,15.037477840297797,15.055938720703123,70700
2024-10-09,15.092864002902507,15.129787524407526,15.00978387864826,15.055938720703123,57000
2024-10-10,15.05593883397764,15.11132675769343,14.972858709098332,15.019015312194824,74100
2024-10-11,15.009786486423211,15.139021475185393,15.009786486423211,15.046710014343262,70200
2024-10-14,15.065169624114596,15.157481066362685,14.95439730197234,14.963626861572266,78000
2024-10-15,15.090853884032738,15.202294815160892,15.007273628509996,15.044421195983888,71100
2024-10-16,15.081567716995655,15.174434868850131,15.081567716995655,15.118715286254885,37000
2024-10-17,15.100141584632023,15.13728738280185,15.04442200173048,15.053707122802734,57700
2024-10-18,15.044421195983888,15.19300792329242,15.044421195983888,15.044421195983888,44500
2024-10-21,15.0444226550114,15.109429133101608,14.858688342216224,14.867975234985352,73100
2024-10-22,14.886549032822586,14.9701292965201,14.83082856180863,14.858688354492188,96900
2024-10-23,14.83082903430293,14.89583640016475,14.68224228772769,14.710102081298828,141000
2024-10-24,14.737962364043062,14.886550001197,14.710102569547216,14.84940242767334,113000
2024-10-25,14.840115628154075,14.88655009535234,14.76582225193066,14.830829620361328,43500
2024-10-28,14.812255752660135,14.849402440569156,14.728675483453118,14.840115547180176,123200
2024-10-29,14.765822158538906,14.858689321054255,14.719389462928133,14.84940242767334,88100
2024-10-30,14.86797596348778,14.97013001765985,14.84011528381528,14.932982444763184,91100
2024-10-31,14.97012855180516,15.12800217856969,14.94226787486074,15.118715286254885,97900
2024-11-01,15.183723972121468,15.23015666916314,14.98870274769997,15.00727653503418,93500
2024-11-04,15.109429174176253,15.202296330826298,15.02584891032058,15.14657497406006,87800
2024-11-05,15.183721808771802,15.183721808771802,15.035135073856202,15.081567764282228,80500
2024-11-06,14.886549020523605,15.0444226550114,14.775108078587763,14.867975234985352,112200
2024-11-07,14.905121553834418,15.025849392743694,14.905121553834418,14.988701820373535,45400
2024-11-08,15.01656126559802,15.165148000280396,15.01656126559802,15.100141525268556,50700
2024-11-11,15.128002226001852,15.128002226001852,14.9608417063984,15.081567764282228,43300
2024-11-12,15.062997373462618,15.062997373462618,14.849404115308102,14.905123710632324,49100
2024-11-13,14.923695081723796,15.025849132679935,14.775108337402344,14.775108337402344,71100
2024-11-14,14.79368283868165,14.895836894577911,14.775109051919822,14.84940242767334,80600
2024-11-15,14.78119483433025,14.83725538487414,14.669074624294694,14.697104454040527,120600
2024-11-18,14.697104804658151,14.81856859119073,14.622357996184604,14.650388717651367,132800
2024-11-19,14.706449081675803,14.781195893723403,14.687762824190044,14.715792655944824,53700
2024-11-20,14.659732490560122,14.715793046610225,14.613016400079395,14.687763214111328,82200
2024-11-21,14.734479138079832,14.77185254241333,14.669075012207031,14.669075012207031,104000
2024-11-22,14.66907419905658,14.809225125827393,14.631700796794805,14.70644760131836,89400
2024-11-25,14.80922469611101,14.874627925408278,14.80922469611101,14.837254524230955,44000
2024-11-26,14.855941447535768,14.90265842387186,14.753164812438134,14.88397216796875,95900
2024-11-27,14.902658455845623,15.033465811656887,14.8559414794093,15.02412223815918,69300
2024-11-29,15.061497558421843,15.341797654034664,15.033466836018745,15.285737991333008,68900
2024-12-02,15.32310842973987,15.388511657714844,15.229674483159492,15.388511657714844,113400
2024-12-03,15.4258857658434,15.4258857658434,15.248361447661088,15.332451820373535,97000
2024-12-04,15.304423357497194,15.360484802303397,15.257707268929908,15.285737991333008,58000
2024-12-05,15.229677993745277,15.407202354958615,15.229677993745277,15.31376838684082,73200
2024-12-06,15.360483551724766,15.528664308241789,15.285736746839913,15.453917503356934,85200
2024-12-09,15.39785519244499,15.538005220916272,15.332451964632012,15.491289138793944,65400
2024-12-10,15.369826111403194,15.38851147481374,15.313764674858708,15.332451820373535,60600
2024-12-11,15.323107925637022,15.41654186914359,15.31376435307594,15.360482215881348,74300
2024-12-12,15.276394293644282,15.313766807774936,15.1175570988538,15.126900672912598,74100
2024-12-13,15.0676826231506,15.199277525227854,15.001884275688932,15.114680290222168,42400
2024-12-16,15.105279746144417,15.124079529299893,14.879687726816744,14.907886505126951,89600
2024-12-17,14.898485826546567,15.001881932949624,14.757490158081056,14.757490158081056,70900
2024-12-18,14.719893038937157,14.945485056475556,14.644695699757689,14.672894477844238,138600
2024-12-19,14.616497161877543,14.66349572374283,14.494301259597004,14.522500038146973,126900
2024-12-20,14.588296946165972,14.701092945676791,14.475500050232236,14.51309871673584,94000
2024-12-23,14.475501719149698,14.503701394595804,14.325107035795886,14.372105598449709,97100
2024-12-24,14.390905382080446,14.475501719149698,14.315707143980516,14.372105598449709,45000
2024-12-26,14.325106620788574,14.419103743373062,14.268709064376278,14.325106620788574,117700
2024-12-27,14.315706125401388,14.35330568998761,14.043115557111983,14.09951400756836,170500
2024-12-30,14.014917666123056,14.193512023506573,14.014917666123056,14.155913352966309,348600
2024-12-31,14.259309537638384,14.30630810013302,14.052516400515785,14.08071517944336,408400
2025-01-02,14.137114046845587,14.315707513836566,14.061916703225908,14.146513938903809,100300
2025-01-03,14.184111060671258,14.30630695480541,14.137112501939209,14.212309837341309,73400
2025-01-06,14.212309837341309,14.231109619403307,14.108913725269158,14.212309837341309,106300
2025-01-07,14.174712414569653,14.325107098582643,14.155913527279544,14.315707206726074,210300
2025-01-08,14.278107467316849,14.456701813535638,14.259308581433425,14.428503036499023,96800
2025-01-10,14.37210506266536,14.447302401538948,14.306307615256715,14.400303840637209,105600
2025-01-13,14.381505012512209,14.419103682101634,14.306307673333352,14.381505012512209,63100
2025-01-14,14.34390634292278,14.475501238274278,14.34390634292278,14.381505012512209,45500
2025-01-15,14.473261628408428,14.567857567175182,14.473261628408428,14.50164031982422,72000
2025-01-16,14.482723034189815,14.596238714075746,14.416504877649531,14.55840015411377,54900
2025-01-17,14.596237561495151,14.64353508110599,14.492180853209652,14.634076118469238,53900
2025-01-21,14.67191601332591,14.728673402891372,14.652996282042462,14.71921443939209,49800
2025-01-22,14.690834842466916,14.766511963315828,14.690834842466916,14.71921443939209,49900
2025-01-23,14.662455558776855,14.766511370229168,14.662455558776855,14.662455558776855,42100
2025-01-24,14.605696524131906,14.775970481586464,14.55839900452107,14.634076118469238,73300
2025-01-27,14.62461755228435,14.927326034956051,14.62461755228435,14.861108779907228,63300
2025-01-28,14.823270588940789,14.927326406916448,14.775972161809138,14.851649284362791,54200
2025-01-29,14.91786573380455,14.91786573380455,14.75705164126969,14.82326889038086,31200
2025-01-30,14.804351072895846,14.955706222350509,14.728673949239754,14.91786766052246,37300
2025-01-31,14.946245575529025,15.125978509286933,14.880027419182488,15.03138256072998,176500
2025-02-03,15.125978666754817,15.144898397948625,14.965164560177184,15.003003120422363,71900
2025-02-04,14.927326587586927,15.116519396260928,14.927326587586927,15.107060432434082,74700
2025-02-05,15.088139300212168,15.305711686601908,15.078679435120792,15.25841236114502,39800
2025-02-06,15.239496182207269,15.343551101571068,15.239496182207269,15.28679370880127,49800
2025-02-07,15.26787434685154,15.324633545283314,15.2016570862995,15.277334213256836,24100
2025-02-10,15.230036523380662,15.286793916923184,15.18273719185772,15.211116790771484,38200
2025-02-11,15.135439664619788,15.230036523380662,15.135439664619788,15.211116790771484,41200
2025-02-12,15.107060432434082,15.173278592076835,15.021923442995163,15.107060432434082,54500
2025-02-13,15.125977342786468,15.258411840981466,15.021921536755771,15.059760093688965,88800
2025-02-14,15.142564554288205,15.24725917146198,15.047388702289048,15.199670791625977,85000
2025-02-18,15.180634793362849,15.199670508011195,15.04738842151574,15.07594108581543,78000
2025-02-19,15.075939365026857,15.266292859091797,14.999798330469972,15.066421508789062,68000
2025-02-20,15.114012374917053,15.171117706416196,15.02835346999546,15.08545970916748,42400
2025-02-21,15.13304718285914,15.18063556422368,14.990282946438404,15.08545970916748,53500
2025-02-24,15.094976580523465,15.171117627240204,15.085459630438528,15.133047103881836,25200
2025-02-25,15.20918831557119,15.36147041065646,15.20918831557119,15.35195255279541,68400
2025-02-26,15.351950014242158,15.447126761768748,15.237739369486624,15.428091049194336,78900
2025-02-27,15.38050651550293,15.418577947910332,15.34243689844134,15.38050651550293,43700
2025-02-28,15.43760998966868,15.513751029968262,15.41857609110298,15.513751029968262,70300
2025-03-03,15.513754303813467,15.675554275512695,15.437613247445949,15.675554275512695,87000
2025-03-04,15.627962400534722,15.637480256821927,15.428091049194336,15.428091049194336,102800
2025-03-05,15.475681815803684,15.5613407152636,15.28532830248262,15.313881874084473,45100
2025-03-06,15.332919190616748,15.351953091661183,15.180636182513338,15.23774242401123,49100
2025-03-07,15.21870616419626,15.32340078525851,15.161600832410382,15.171117782592772,53300
2025-03-10,15.133046728194255,15.256777060628368,15.133046728194255,15.152082443237305,41200
2025-03-11,15.14256535058479,15.26629568926867,15.133047492582508,15.161601066589355,43300
2025-03-12,15.171117282292744,15.27581099222961,15.104494094848633,15.104494094848633,36400
2025-03-13,15.133048481450496,15.228225252346846,15.085461003675276,15.114013671875,44500
2025-03-14,15.082410031496572,15.16859537779675,15.082410031496572,15.149442672729492,43200
2025-03-17,15.14944434201136,15.27393419891206,15.13986890167388,15.206901550292969,48700
2025-03-18,15.206900937904578,15.264357230621057,15.130291938781738,15.130291938781738,20400
2025-03-19,15.130290817303642,15.216476163241486,15.091986320581404,15.16859531402588,46500
2025-03-20,15.283509934482703,15.36969437354307,15.20690093537262,15.235629081726074,25300
2025-03-21,15.264354720595136,15.446300835280365,15.245202930589342,15.369691848754885,58200
2025-03-24,15.331390000207602,15.398422642675,15.235628299610235,15.302660942077637,19400
2025-03-25,15.206900427261942,15.38884656575617,15.206900427261942,15.24520492553711,72500
2025-03-26,15.17817166651925,15.226051602483617,15.16859531402588,15.16859531402588,51600
2025-03-27,15.10156222137966,15.235627499271912,15.053681373596191,15.053681373596191,42700
2025-03-28,15.139868357218685,15.206901003427166,15.072834797758889,15.111139297485352,70000
2025-03-31,15.216477326170429,15.3792707647431,15.178172826520743,15.340967178344728,57800
2025-04-01,15.398422304914416,15.475031298411404,15.293085167168869,15.37926959991455,88500
2025-04-02,15.42715180850728,15.42715180850728,15.321813754464523,15.388846397399902,24600
2025-04-03,15.427151507594676,15.475031444042449,15.331389808196636,15.360118865966797,53800
2025-04-04,15.47503043132932,15.47503043132932,15.00580014413892,15.024951934814451,65600
2025-04-07,14.67063696231821,15.044106516237363,14.584451610394458,14.603604316711426,151400
2025-04-08,14.871735466604248,14.890888172475892,14.46953777581252,14.574875831604004,93700
2025-04-09,14.412081151094666,14.73766983736577,14.067339759395256,14.651484489440918,201400
2025-04-10,14.536571183822922,14.641908325281324,14.258863344295072,14.27801513671875,79500
2025-04-11,14.172678332936211,14.26843912383872,13.904546839857382,14.201406478881836,114800
2025-04-14,14.316319741449638,14.574875790479616,14.239710744681782,14.469537734985352,138500
2025-04-15,14.408818681102677,14.697959042824683,14.408818681102677,14.649768829345703,56500
2025-04-16,14.582304688840866,14.66904689883108,14.5244762424634,14.611218452453612,39700
2025-04-17,14.572664427335726,14.726872370616764,14.534112441515466,14.591940879821776,51400
2025-04-21,14.505197525024414,14.620853473260638,14.505197525024414,14.505197525024414,54900
2025-04-22,14.534111937515991,14.630492358300378,14.466646194458008,14.466646194458008,40000
2025-04-23,14.5630269877749,14.775063380816272,14.543751453399445,14.572665214538574,43800
2025-04-24,14.620854712405698,14.794339109039052,14.620854712405698,14.726872444152832,48500
2025-04-25,14.784700338940356,14.919631825446078,14.775062113003711,14.90035629272461,33400
2025-04-28,14.85216723142364,15.044927169312768,14.784701482950416,14.987099647521973,39900
2025-04-29,15.006375084544285,15.10275551244057,14.95818578974802,15.035289764404297,49700
2025-04-30,14.977461261620231,15.19913587720011,14.977461261620231,15.150945663452148,55500
2025-05-01,15.228049637788136,15.228049637788136,15.102755449704183,15.150945663452148,52900
2025-05-02,15.073840985329356,15.189496941433449,14.86180460622927,14.938908576965332,31900
2025-05-05,14.987099385057736,15.083478892738496,14.86180519783607,15.016013145446776,38500
2025-05-06,14.9485471373722,15.054564869717076,14.871443164911952,15.044926643371582,64700
2025-05-07,15.016013013870076,15.17022096012955,14.996737480163574,14.996737480163574,27900
2025-05-08,15.025651635099798,15.12203114446842,14.948547659944149,14.987099647521973,32300
2025-05-09,14.977460300851837,14.996736752775234,14.93890831615686,14.967822074890137,43600
2025-05-12,14.967822694671373,15.131668866197453,14.852166735797407,14.861804962158203,31800
2025-05-13,14.823252939852956,14.99673733731834,14.794339179992676,14.794339179992676,61700
2025-05-14,14.77506242888552,14.85216639972346,14.736510443466551,14.755786895751951,64300
2025-05-15,14.781975746154783,14.908068828013278,14.752877627268218,14.781975746154783,59900
2025-05-16,14.811074900075493,15.005063902447832,14.772276174588496,14.85957145690918,79800
2025-05-19,14.772275645385156,14.89836872366314,14.714079409264546,14.888669967651367,83800
2025-05-20,14.840171813964844,14.86926993070442,14.791674336057246,14.840171813964844,56000
2025-05-21,14.820772099386812,14.820772099386812,14.597685001348946,14.60738468170166,142200
2025-05-22,14.587985968740144,14.762576522791562,14.587985968740144,14.72377872467041,54400
2025-05-23,14.66558087337024,14.87896921547966,14.66558087337024,14.811073303222656,58900
2025-05-27,14.87896916973883,14.99536255825549,14.859569809146508,14.94686508178711,38200
2025-05-28,14.9953633739194,14.9953633739194,14.908068096530425,14.937166213989258,33600
2025-05-29,14.975963733358345,14.995363094644588,14.869270021321377,14.985663414001465,44700
2025-05-30,15.024462247109083,15.199052810668944,15.005063809498278,15.199052810668944,60700
2025-06-02,15.199051575096597,15.199051575096597,15.08265818385613,15.179652214050291,61700
2025-06-03,15.208751729212484,15.208751729212484,14.985663695295411,15.0050630569458,50900
2025-06-04,15.08265860078752,15.199051995245458,15.053560483426155,15.140854835510254,46400
2025-06-05,15.189352596355992,15.189352596355992,15.092358561680486,15.16025447845459,18300
2025-06-06,15.102057037357609,15.1796526336629,15.07295891999624,15.140854835510254,42700
2025-06-09,15.092358588121366,15.140855143037836,15.02446174621582,15.02446174621582,27900
2025-06-10,15.063258312359256,15.131155148708032,15.014760836399391,15.072957992553713,19300
2025-06-11,15.121457070666688,15.23785047029506,15.102057708222368,15.189352989196776,25400
2025-06-12,15.189352989196776,15.276648270171188,15.189352989196776,15.189352989196776,32200
2025-06-13,15.11810493195078,15.186424955510669,15.049785839168724,15.157144546508787,23100
2025-06-16,15.11810612835002,15.28402473604629,15.03026675594871,15.069306373596191,33600
2025-06-17,15.09858512723927,15.157144081892342,15.00098562844708,15.137624740600586,37200
2025-06-18,15.157145270944262,15.21570516096906,15.000986805248637,15.1278657913208,40000
2025-06-20,15.049785382486938,15.166904222607023,14.922906406329062,15.020505905151367,84500
2025-06-23,15.00098634207619,15.21570469116694,15.00098634207619,15.147385597229004,51200
2025-06-24,15.157144549257472,15.19618416382256,14.98146674910349,15.118104934692385,41800
2025-06-25,15.127865549662635,15.215704917907717,15.059546454706624,15.215704917907717,37500
2025-06-26,15.186424250722052,15.449941404064552,15.176664114841053,15.381622314453123,71500
2025-06-27,15.362102750103924,15.362102750103924,15.186424950045026,15.235223770141602,38700
2025-06-30,15.284023276500143,15.440181732177734,15.284023276500143,15.440181732177734,62300
2025-07-01,15.440181497595956,15.528020860274513,15.264503703016636,15.488981246948242,59000
2025-07-02,15.440181266326285,15.498741150827456,15.157143841255827,15.459701538085938,30300
2025-07-03,15.4597013056451,15.488980782066566,15.371861945602925,15.430421829223633,30100
2025-07-07,15.44994260066646,15.479222079799378,15.313303480083082,15.332823753356934,28900
2025-07-08,15.352341419299536,15.430421573090332,15.244982720351048,15.362101554870604,64400
2025-07-09,15.332822333448377,15.479220646333486,15.323062197715297,15.430421829223633,19600
2025-07-10,15.410901792252288,15.479220881867857,15.284022818124956,15.34258270263672,86300
2025-07-11,15.342583402755324,15.391383153612344,15.274263379244363,15.313302993774414,27100
2025-07-14,15.332823761304276,15.332823761304276,15.244984393082136,15.25474452972412,17700
2025-07-15,15.281261100687,15.51696155490666,15.1830521098003,15.24197769165039,39100
2025-07-16,15.27143984868692,15.340185579607963,15.202693181175531,15.251797676086426,23100
2025-07-17,15.24197769165039,15.33036465954,15.24197769165039,15.24197769165039,39000
2025-07-18,15.320544882378709,15.369648442426096,15.17323139246542,15.34018611907959,41000
2025-07-21,15.379469380251354,15.418752789863362,15.340185970639348,15.35000705718994,37700
2025-07-22,15.350006790539238,15.438394694778426,15.281261059060023,15.428573608398438,31900
2025-07-23,15.35000671348093,15.399111208544008,15.310723304748535,15.310723304748535,44200
2025-07-24,15.33036449330772,15.33036449330772,15.222335353776025,15.251797676086426,32600
2025-07-25,15.232156947544956,15.30090268075631,15.222335860917514,15.281261444091797,23300
2025-07-28,15.222335205967571,15.291080936221098,15.222335205967571,15.261618614196776,71600
2025-07-29,15.330365346789824,15.35982860733086,15.251798525194507,15.320545196533203,46400
2025-07-30,15.281261785735545,15.497320076827473,15.251798525194507,15.320545196533203,43900
2025-07-31,15.399111433929583,15.4973194889028,15.320544615314873,15.418752670288086,67400
2025-08-01,15.566066812711616,15.683917045593262,15.467857817015044,15.683917045593262,85400
2025-08-04,15.683916359193104,15.683916359193104,15.516961635769874,15.60534954071045,116000
2025-08-05,15.605350223672165,15.723200456553812,15.566066812711616,15.683917045593262,46400
2025-08-06,15.65445248896191,15.723199154894411,15.615169081253471,15.64463233947754,45000
2025-08-07,15.703556668947378,15.762481311037408,15.63481094097891,15.664273262023926,57000
2025-08-08,15.65445255699922,15.664273643116593,15.507140011599914,15.516961097717283,27300
2025-08-11,15.526782824006052,15.61516979293565,15.477678327984924,15.536602973937988,43400
2025-08-12,15.47767890390278,15.742842630329283,15.428574406054494,15.683917045593262,373000
2025-08-13,15.742841572463613,15.79194513042191,15.693736141324653,15.752662658691406,61800
2025-08-14,15.654453713759963,15.703558211385005,15.56606674194336,15.56606674194336,58100
2025-08-15,15.57298209937745,15.612507396386738,15.533456802368164,15.533456802368164,26800
2025-08-18,15.543338081233577,15.55321964149572,15.434643745422363,15.434643745422363,38300
2025-08-19,15.45440552139801,15.592743583602651,15.404998666743197,15.49393081665039,90500
2025-08-20,15.43464306707308,15.52357522080891,15.43464306707308,15.46428680419922,61700
2025-08-21,15.49393230433276,15.49393230433276,15.405000145886556,15.414881706237791,47000
2025-08-22,15.444525338702478,15.711320869848532,15.395118479643592,15.642151832580566,64200
2025-08-25,15.543337694786413,15.642151410236174,15.474168659386038,15.563100814819336,37500
2025-08-26,15.622388599453254,15.829896639602412,15.592743920605235,15.800251960754396,59200
2025-08-27,15.770608444351694,15.780490004105602,15.543337281798824,15.553218841552734,69100
2025-08-28,15.5828642285328,15.711320741738026,15.5828642285328,15.661914825439451,61100
2025-08-29,15.681676335173222,15.829896904824492,15.681676335173222,15.760726928710938,94700
2025-09-02,15.731083731235168,15.750845909118652,15.632270014745416,15.750845909118652,96300
2025-09-03,15.780489955179805,15.918828964233398,15.59274408986725,15.918828964233398,85700
2025-09-04,15.908948072058042,15.93859086775688,15.869421831506411,15.889184951782228,47100
2025-09-05,15.93859086775688,15.9682355481706,15.859540271368504,15.889184951782228,59300
2025-09-08,15.958353592860442,16.04728574718452,15.928710797895642,16.017641067504883,110800
2025-09-09,16.01764148062341,16.057167721215702,15.948472444301787,16.027523040771484,51100
2025-09-10,16.037403520473706,16.08681131788545,16.01764040150901,16.047285079956055,53100
2025-09-11,16.08681297302246,16.136218890802713,16.037405170527258,16.08681297302246,55200
2025-09-12,16.0769297584031,16.0769297584031,15.99787916725907,16.047285079956055,30300
2025-09-15,16.08406732181972,16.094008258255773,16.01448266280711,16.024423599243164,47200
2025-09-16,16.05424483067603,16.09400857720828,16.04430389404297,16.04430389404297,29000
2025-09-17,16.11388834407042,16.11388834407042,15.915075302124023,15.915075302124023,37900
2025-09-18,15.85543032633564,16.034362439855744,15.85543032633564,15.95483684539795,49600
2025-09-19,15.984659359891433,16.054244016755263,15.944897511414828,15.994600296020508,24600
2025-09-22,16.05424447816548,16.05424447816548,15.855430489969164,15.964777946472168,62300
2025-09-23,15.984659359891433,16.064184952884336,15.964777487633285,15.994600296020508,38400
2025-09-24,15.95483684539795,16.064185248792317,15.91507499618892,15.95483684539795,37700
2025-09-25,15.91507513745023,16.024423541815167,15.85543046706755,15.905134201049805,31500
2025-09-26,15.905134365620738,15.96477808860068,15.875312504130768,15.915075302124023,28200
2025-09-29,15.925016609643292,16.133770592956463,15.925016609643292,16.054244995117188,85500
2025-09-30,16.08406703893433,16.183474505506723,16.054244230150694,16.123828887939453,122700
2025-10-01,16.19341500696125,16.312702446813375,16.17353313497267,16.213294982910156,124400
2025-10-02,16.233177995656504,16.292821719773926,16.213296122270762,16.282880783081055,36100
2025-10-03,16.282879472940373,16.282879472940373,16.173532970196558,16.203353881835938,52000
2025-10-06,16.203355142863188,16.24311888952985,16.12382954556967,16.163593292236328,42200
2025-10-07,16.18347560754548,16.253060270072716,16.04430438645116,16.074127197265625,44700
2025-10-08,16.133769555165074,16.233177020079818,16.05424396244122,16.223236083984375,41300
2025-10-09,16.22323575362196,16.24311762540798,16.133769226624512,16.203353881835938,27600
2025-10-10,16.292821510999392,16.292821510999392,16.064185658112493,16.15365219116211,17000
2025-10-13,16.163592363451407,16.282879804517346,16.074125834632106,16.223236083984375,43300
2025-10-14,16.173533955831605,16.322644211234426,16.16359301933278,16.26300048828125,43100
2025-10-15,16.270000457763672,16.329999923706055,16.219999313354492,16.260000228881836,30500
2025-10-16,16.239999771118164,16.34000015258789,16.18000030517578,16.209999084472656,43400
2025-10-17,16.18000030517578,16.260000228881836,16.059999465942383,16.100000381469727,45500
