Date,Open,High,Low,Close,Volume
2020-01-02,224.3216857910156,224.3216857910156,220.07810738681587,220.946114796904,204800.0
2020-01-03,231.0290069580078,231.30080364917032,220.8672409443842,221.99826890596964,408100.0
2020-01-06,232.34413146972656,234.33439043511305,230.46783016850503,233.1945997382128,454500.0
2020-01-07,234.5009765625,235.2637624411473,230.63441633499568,232.3441291199616,431200.0
2020-01-08,235.8161163330078,239.16538507252352,233.49268054765423,235.5793980006185,1055000.0
2020-01-09,241.9973907470703,242.88291059812056,235.8863003907954,236.65786257314576,962000.0
2020-01-10,237.5520935058593,245.241357665631,237.2189165860944,242.20774060554427,384300.0
2020-01-13,240.95407104492188,241.4362841087782,236.8946194193516,237.8678218141237,185300.0
2020-01-14,237.9466857910156,239.7703560981253,237.1049671044382,239.7703560981253,308400.0
2020-01-15,240.32278442382807,241.9974191852899,238.2097644396877,238.2097644396877,237000.0
2020-01-16,242.48831176757807,242.9179205522245,240.91888580448443,241.43617695007288,344200.0
2020-01-17,243.5754852294922,244.08402684189508,242.6724131490855,243.9875682228952,201500.0
2020-01-21,244.2418975830078,245.1449698799147,241.9622895571841,242.865361854091,298800.0
2020-01-22,241.7605895996093,242.93545837520625,239.98074728746545,242.12884483107763,244300.0
2020-01-23,242.9530639648437,243.9262661885112,240.56824759529425,241.4011633552344,167400.0
2020-01-24,242.4007263183593,243.5668192387029,240.61210711627103,243.53176768583245,227100.0
2020-01-27,240.3314971923828,241.5326949946915,237.79764490626167,238.5429050222644,231300.0
2020-01-28,240.49806213378903,242.8215246367123,237.91160602290103,240.9890513194798,319500.0
2020-01-29,231.76544189453125,241.3923887565577,229.78393259108668,241.1907219689908,607200.0
2020-01-30,233.05426025390625,233.1945466820065,229.354289328077,229.354289328077,270400.0
2020-01-31,228.8370361328125,232.91401245965983,226.96073494725988,232.37041918366748,383900.0
2020-02-03,229.1439208984375,233.6680588107118,228.60907710735,230.2661858006129,272600.0
2020-02-04,232.3967437744141,234.16781022563768,231.467369356188,231.5725775156993,249700.0
2020-02-05,236.3421936035156,237.12253199295063,232.7299043452765,234.09766383612617,224400.0
2020-02-06,235.1322479248047,237.613522807995,234.96565943058744,237.613522807995,201100.0
2020-02-07,235.9739227294922,236.3859789988998,234.4220224940609,234.6499912872657,187400.0
2020-02-10,235.78103637695312,237.7274671461013,233.79952731048755,235.6056716472673,241700.0
2020-02-11,235.03582763671875,237.25405549050748,233.34366732974183,236.86827440663927,270100.0
2020-02-12,236.798095703125,236.798095703125,233.22088488099573,236.06161190906616,363400.0
2020-02-13,219.5082244873047,232.0372668524085,218.3859595140485,228.02167043843343,635600.0
2020-02-14,215.86959838867188,221.25296692044105,215.11557547608427,220.7181365594376,523200.0
2020-02-18,208.23294067382807,214.905163013294,208.01374810469773,214.80871774773848,668200.0
2020-02-19,206.6547393798828,210.7054269171824,206.10238323541844,209.79357839114752,538300.0
2020-02-20,208.1627960205078,210.00401893997253,205.9796332306799,206.05855272265032,362200.0
2020-02-21,206.9353179931641,208.21539506525465,205.28698564331629,207.1895754789512,246300.0
2020-02-24,205.90069580078125,207.24215304036625,201.18368156018497,203.0073516724497,365300.0
2020-02-25,195.3707275390625,206.7950434768885,194.327368741592,206.31281713623585,380200.0
2020-02-26,192.67901611328125,199.2810947099113,191.98637353541008,196.7560056079637,424600.0
2020-02-27,189.613525390625,193.19879106825928,186.11635499683825,187.613880732074,669000.0
2020-02-28,181.0511932373047,187.0853575251957,176.9814436451027,183.6498429268772,1072400.0
2020-03-02,184.6716766357422,185.614245072831,178.84893336713495,182.8570267401182,924100.0
2020-03-03,182.8746490478516,190.88201822542817,181.7911335332249,185.42044677710084,879200.0
2020-03-04,193.3925628662109,194.3879830494193,184.59239035315005,187.23508738485884,415000.0
2020-03-05,184.7156982421875,190.8291389491428,183.5088710128808,188.52117461910504,378800.0
2020-03-06,179.95883178710938,183.8347950425712,175.9331307718903,179.83550647779404,552300.0
2020-03-09,171.64315795898438,178.4436986182684,168.30454356347687,172.80593753041938,653600.0
2020-03-10,184.460205078125,184.5130702974393,172.89401286553928,177.33373694505386,504000.0
2020-03-11,174.3475341796875,180.75167388313176,170.33063675870238,179.44794708402048,562800.0
2020-03-12,155.61956787109375,169.88132000250718,155.51385088670355,160.71996543979242,622800.0
2020-03-13,157.34617614746094,163.57413857165943,150.80990713603958,163.57413857165943,435300.0
2020-03-16,138.01048278808594,150.4311674909908,137.83430562777676,144.34415049590035,458700.0
2020-03-17,141.91282653808594,143.2782091604701,131.27156558537877,140.2126845712395,764000.0
2020-03-18,151.83175659179688,152.70385146607364,130.7958835589654,132.30222680699757,577500.0
2020-03-19,149.2859649658203,171.9514940452103,146.8546883960115,150.30781110268532,583800.0
2020-03-20,140.34483337402344,151.7612767438149,138.34518890546315,149.47093399592154,413900.0
2020-03-23,135.63201904296875,139.6577204518821,129.6154773071195,139.1908450608551,462600.0
2020-03-24,145.68309020996094,148.82789285091727,140.3360264871373,143.50726846591525,407700.0
2020-03-25,156.30670166015625,161.49519560013064,144.65241307417372,147.71793745694467,512300.0
2020-03-26,172.03077697753906,173.27284791754084,156.07769395654788,156.94978889257212,429800.0
2020-03-27,163.48606872558594,169.81093156196587,162.62279132904166,166.01425840621826,473900.0
2020-03-30,166.96559143066406,169.35283364755514,162.72846936884002,164.2876643707102,385200.0
2020-03-31,160.50860595703125,167.5646018114997,157.87471321882796,165.25665082978236,519800.0
2020-04-01,152.5188751220703,156.65029420029987,149.77927828487563,153.8049937685684,402100.0
2020-04-02,159.1256103515625,162.11185771533516,151.00371970362326,151.47059514386993,361800.0
2020-04-03,159.4779510498047,162.51706339115665,156.01602438819816,156.88811924807987,345900.0
2020-04-06,170.63893127441406,172.55928441822888,164.9747443764094,164.9747443764094,336300.0
2020-04-07,168.90359497070312,178.17064364367727,168.74502614624743,176.25029009511965,246400.0
2020-04-08,172.16290283203125,174.506097399632,169.86375590275196,171.81053516691156,272400.0
2020-04-09,169.4761505126953,175.20199375728856,168.1371803288148,174.41799421991772,436900.0
2020-04-13,171.4141082763672,172.70022654372397,168.14598098846236,169.81087931888277,217100.0
2020-04-14,173.55470275878906,176.60260538548678,171.69600556657903,174.7791516760255,233200.0
2020-04-15,168.23410034179688,171.81054840934397,165.40642185907055,171.14106995619406,267600.0
2020-04-16,169.55543518066406,171.0177307416473,166.91273818963742,168.20766079055664,265900.0
2020-04-17,172.6209716796875,175.1491474751102,170.02230891076732,173.54590486433844,533600.0
2020-04-20,169.36158752441406,172.79710068767577,169.1501804285782,172.2333260297,324100.0
2020-04-21,162.4818115234375,168.04028184597414,160.26194236642607,166.41062682441677,333500.0
2020-04-22,164.04981994628906,167.30033946517312,163.1513126280326,166.19041154420512,311500.0
2020-04-23,164.52549743652344,167.34437133308805,163.38913028604128,164.88665578345518,269500.0
2020-04-24,162.52589416503906,165.76759660488807,161.51286551294984,165.7147448061988,248900.0
2020-04-27,165.8380584716797,167.0537035217424,162.1294808159677,163.54772889388963,434100.0
2020-04-28,168.4895477294922,170.18967626925212,164.99237778532802,165.22140667585148,352700.0
2020-04-29,172.25978088378906,174.23298579779325,167.95218584294545,171.766479655288,307900.0
2020-04-30,168.61285400390625,169.98705407475492,165.8292103806,169.98705407475492,342800.0
2020-05-01,163.55650329589844,166.78059661699655,160.42050524469084,166.11992241717076,432000.0
2020-05-04,158.544189453125,161.94445994198085,155.2496359785865,161.94445994198085,424400.0
2020-05-05,160.91380310058594,163.50364805987775,160.12099945410714,160.28837239849616,319900.0
2020-05-06,157.37255859375,162.64914702171296,156.70308037295996,162.16465001389523,339000.0
2020-05-07,152.66859436035156,165.84684852226374,151.25034651796395,159.6629341504576,768700.0
2020-05-08,159.07275390625,162.45540307151947,154.15733553728674,154.15733553728674,544200.0
2020-05-11,156.89691162109375,160.60550209353374,155.71651026082114,157.77781056603473,343200.0
2020-05-12,152.85357666015625,159.31937118121536,152.844759068872,157.53995168886894,359300.0
2020-05-13,149.98184204101562,152.19290688499024,148.5107424893621,151.5322327092593,280500.0
2020-05-14,151.7084197998047,151.7788933295014,145.75354767567097,147.85007805798014,319000.0
2020-05-15,150.22850036621094,152.6421683176491,146.8018040032536,146.8018040032536,295300.0
2020-05-18,158.92298889160156,160.0152950289727,154.93251757034653,155.63722600421752,458300.0
2020-05-19,152.83595275878906,159.36341656077525,152.8007227185005,159.36341656077525,358500.0
2020-05-20,154.25425720214844,157.3814520048757,153.7169081603195,154.94135749282086,340300.0
2020-05-21,159.8831787109375,160.8609772010427,156.29791310006755,156.30673069316,302200.0
2020-05-22,161.00192260742188,162.62277362819106,157.00263340624147,161.97090349439242,430800.0
2020-05-26,170.3834686279297,171.99551527523764,166.04944752564555,166.04944752564555,421400.0
2020-05-27,181.3947296142578,181.50043319832352,173.4666382144662,173.4666382144662,432300.0
2020-05-28,177.66749572753906,185.8833464084132,177.09203832250947,184.7678252412757,345200.0
2020-05-29,176.96812438964844,178.52629602285606,173.81636045598617,175.3922424228173,354100.0
2020-06-01,173.10809326171875,180.38548674000063,172.24047605280953,176.8176178253254,353400.0
2020-06-02,171.974853515625,175.09120985606694,171.39053416885005,175.00267170933455,382700.0
2020-06-03,176.77330017089844,178.5262444403986,172.62111297712954,173.91369677764422,365400.0
2020-06-04,175.7552032470703,178.50857206435415,174.5422954952153,176.50772344885326,404400.0
2020-06-05,179.34075927734375,183.17421463328864,178.4288597217447,182.18265237115256,339900.0
2020-06-08,182.3951416015625,183.342434826683,180.61562500987827,181.16453714450344,326000.0
2020-06-09,175.08230590820312,181.3858448915298,174.32978587771515,179.72142539747426,304800.0
2020-06-10,174.41836547851562,177.56128079751412,170.74426176625192,174.22359234827738,477400.0
2020-06-11,160.06723022460938,171.75355165610603,159.6157045100455,168.68146385246283,368600.0
2020-06-12,161.38633728027344,165.56508398619945,158.57100243237056,165.14897899788295,326300.0
2020-06-15,161.20040893554688,162.28935781666698,156.95968327385327,156.95968327385327,404800.0
2020-06-16,164.29901123046875,168.76991596119504,162.3070251779786,167.73408483498258,298000.0
2020-06-17,162.85597229003906,166.2113706961857,162.69661984260364,164.5557992744704,287700.0
2020-06-18,160.6780548095703,164.79482130661924,160.38589518263447,160.5629579389228,304300.0
2020-06-19,158.17257690429688,163.88293522410186,156.58783348983644,163.88293522410186,654900.0
2020-06-22,157.51742553710938,157.76531609085418,154.78176752748277,156.84458167823374,382300.0
2020-06-23,156.8534393310547,159.2261235683205,155.3660959209363,158.82771546794618,329100.0
2020-06-24,148.04444885253906,155.1536267911192,147.92050355694707,154.7995012348632,390200.0
2020-06-25,152.37367248535156,152.4622106133487,146.4596794715107,146.62789380929226,396100.0
2020-06-26,151.35557556152344,152.99342311703845,149.16881584161484,152.26746168661623,914900.0
2020-06-29,157.06591796875,157.49971969564928,153.5688778704304,153.7105199701607,337500.0
2020-06-30,154.4807586669922,157.66792870183625,153.36523767212813,155.95925357208444,272100.0
2020-07-01,153.80789184570312,157.34035226387292,153.2944004447071,155.95924398279033,278200.0
2020-07-02,153.259033203125,156.64983890888467,152.82521789562244,155.7468011403603,233200.0
2020-07-06,153.40951538085938,156.33109820918293,153.11735574712475,155.97695917934277,176000.0
2020-07-07,149.01828002929688,155.16243941842362,148.89432125326812,151.94871088492718,207600.0
2020-07-08,148.28347778320312,150.81551446035473,147.51323382818373,149.0094391613673,333600.0
2020-07-09,143.21942138671875,147.77000381282588,142.84758548914087,147.38930599521854,319800.0
2020-07-10,147.88507080078125,148.1595336198097,143.35219920812065,143.35219920812065,269700.0
2020-07-13,150.16925048828125,152.79867431861524,148.43401610409694,149.79741454881318,337500.0
2020-07-14,152.11697387695312,153.02886009930643,148.95634829361242,150.50567138136174,305000.0
2020-07-15,156.67637634277344,157.906980772827,154.74635576735955,155.9858221163562,239100.0
2020-07-16,158.8011932373047,161.34209241060714,155.560904774888,156.5259085313314,270400.0
2020-07-17,160.199951171875,160.57178696790743,157.7741633345652,159.3766033754505,236700.0
2020-07-20,156.02122497558594,159.35006424117816,155.38378824426073,158.97822839940883,273000.0
2020-07-21,157.59710693359375,159.5979552662445,156.702931228813,156.702931228813,196500.0
2020-07-22,159.0136260986328,159.80156680178212,156.97737074506065,157.50857249260872,244000.0
2020-07-23,160.16458129882812,162.6169284415861,158.34080903764897,158.91626643729424,239800.0
2020-07-24,156.75607299804688,161.35977294409778,156.4373545820651,160.16458901593455,192900.0
2020-07-27,153.33868408203125,156.18059062978926,152.86061328891523,156.18059062978926,201600.0
2020-07-28,154.92344665527344,157.14561356697183,153.21475774785273,153.21475774785273,190900.0
2020-07-29,155.7113800048828,156.4550517432316,152.79864543281488,155.23329566664185,129300.0
2020-07-30,154.74632263183594,156.68519120200395,153.13503428489196,153.7547605721781,177200.0
2020-07-31,153.79025268554688,155.481218017538,151.60349258432112,154.40111733964406,313400.0
2020-08-03,155.2333221435547,156.67641030571932,153.5600536923621,154.07354526852512,224300.0
2020-08-04,153.63970947265625,156.51702349307826,153.02884492051595,155.29528087977377,278100.0
2020-08-05,158.18142700195312,158.18142700195312,154.09121920059775,155.3218236067081,443000.0
2020-08-06,144.13128662109375,154.41878548704037,141.65236748824498,151.39981616278175,1171000.0
2020-08-07,148.6464385986328,150.3020097280921,142.92723217765467,142.94494250502913,550400.0
2020-08-10,149.7353973388672,151.38210651169848,146.8492219501615,148.63758672063923,512300.0
2020-08-11,149.2130584716797,154.4896151686891,149.0802647791552,152.47991839800846,231500.0
2020-08-12,145.34417724609375,150.5233472131002,144.3083459544969,150.5233472131002,416600.0
2020-08-13,145.3087921142578,146.7961356786041,143.29024670034548,144.4057543736052,381300.0
2020-08-14,147.75230407714844,149.62034561902507,144.75104443024026,144.85727940601652,217000.0
2020-08-17,144.38804626464844,147.75229317594437,143.99850003684242,147.61949946602158,352500.0
2020-08-18,143.67974853515625,144.6713242073134,142.9272285038554,144.00732879256608,333900.0
2020-08-19,144.10470581054688,145.6274696085272,143.4052897881499,143.4052897881499,227900.0
2020-08-20,141.24510192871094,143.4053025558015,141.13001857364313,142.9891976722707,259900.0
2020-08-21,140.4394989013672,142.96267404974196,139.9437176866279,140.85560388710013,331800.0
2020-08-24,143.58238220214844,143.68863066959128,139.53644326373032,140.89984142986725,309100.0
2020-08-25,140.7139434814453,144.45887471706118,139.99683042664913,144.1401563028157,261300.0
2020-08-26,136.2430419921875,140.34211244624512,135.90661323520783,139.9614146145537,459800.0
2020-08-27,136.75997924804688,139.3090773834594,135.92216177975712,136.59063142785428,470100.0
2020-08-28,135.8865203857422,137.33931855260244,134.98630586021102,137.02737420023195,413600.0
2020-08-31,135.04867553710938,136.13605373380838,133.41760824206085,135.26257708396983,636600.0
2020-09-01,133.98802185058594,134.38019278130744,131.58153448484936,133.77410672472524,740400.0
2020-09-02,134.8971405029297,136.26972512344793,132.62434165202905,133.95235892252066,739000.0
2020-09-03,133.80087280273438,137.64234265268558,131.7687262760778,136.43910551456077,618600.0
2020-09-04,131.47459411621094,136.79561314268005,130.8596135172131,135.0575949280152,598700.0
2020-09-08,126.34967041015624,131.86677536653397,125.98425067511944,131.10026296613165,899400.0
2020-09-09,125.9842300415039,128.17680249282543,123.54208311925358,126.9379061695046,575700.0
2020-09-10,122.8468780517578,128.57788375168968,122.67753025781684,127.34790903789046,794100.0
2020-09-11,131.37657165527344,132.12526804802874,123.08755833595018,123.08755833595018,837500.0
2020-09-14,130.8863525390625,132.00937656606024,128.3996380220728,131.91133381449345,602800.0
2020-09-15,129.4781036376953,131.14481675440365,128.34615801937207,130.81504278373043,448000.0
2020-09-16,131.8578643798828,133.7830601703268,128.31943073172351,129.38897941528705,360500.0
2020-09-17,134.21981811523438,134.7545993891591,129.65640201794025,130.1376942844303,383200.0
2020-09-18,132.9630584716797,135.0486940396471,132.60654677803618,133.693925123713,670800.0
2020-09-21,128.2570343017578,131.41221857300366,127.1785775808324,130.7526569750476,477300.0
2020-09-22,127.99855041503906,130.05743446006124,126.83095910639344,128.2570193245672,365100.0
2020-09-23,124.2729721069336,129.71877269009218,123.19451523075624,128.5244433759589,431500.0
2020-09-24,124.32644653320312,125.69903156015882,121.60800057716612,124.14817708030904,410500.0
2020-09-25,125.8683624267578,126.6527043936868,123.56882551466435,123.56882551466435,275500.0
2020-09-28,127.57076263427734,129.4513912784371,126.29620666024826,127.65097573472684,340600.0
2020-09-29,125.8594970703125,127.9183818315559,125.55644709848656,127.11620992973792,233100.0
2020-09-30,125.44949340820312,127.39250567683794,124.81666937572666,126.64382279901824,368200.0
2020-10-01,124.76316833496094,127.3300960744019,124.15709572984264,125.45837566438462,364200.0
2020-10-02,128.46206665039062,128.63141449931015,122.29432061636795,122.29432061636795,392800.0
2020-10-05,130.41395568847656,131.08242522012188,128.8631014790424,130.22677823559502,337500.0
2020-10-06,131.13592529296875,134.8347852910304,130.64571149080336,131.83113264874876,412900.0
2020-10-07,131.8578643798828,134.2643523179131,131.34982093516174,132.28568113329834,317200.0
2020-10-08,133.37307739257812,133.42655279393023,130.26246008010244,132.60656490641182,279100.0
2020-10-09,133.6760711669922,134.93279709879084,132.81151618696447,134.51388845485798,406400.0
2020-10-12,133.20375061035156,135.71720367160984,132.0094211245304,133.67613486369953,243300.0
2020-10-13,132.3213348388672,133.7652248203074,131.52808479226687,131.91133416756816,262000.0
2020-10-14,135.05760192871094,136.26085269356776,131.3498204785344,131.3498204785344,237700.0
2020-10-15,131.51026916503906,134.12175081515073,130.88636685955592,134.12175081515073,379800.0
2020-10-16,131.91134643554688,134.0771816091335,130.35158389323468,131.72416894644738,376600.0
2020-10-19,130.9844207763672,133.67611575210972,130.5744200263914,132.29460892943112,215300.0
2020-10-20,131.64398193359375,133.23048248867292,130.26247497381956,131.62615226442074,227400.0
2020-10-21,133.26611328125,133.82761853942355,130.7080935049377,131.64395373529342,295100.0
2020-10-22,135.6815185546875,135.94890915296614,132.98090207217993,133.6404637345938,231700.0
2020-10-23,136.2073516845703,137.12538204213158,135.5745279079758,136.59060100275462,258900.0
2020-10-26,133.43548583984375,135.27154731023836,132.6778813224235,134.9863270118982,341600.0
2020-10-27,130.58331298828125,133.00763067341373,130.2891847103001,132.63328930145133,284100.0
2020-10-28,126.08228302001952,130.4674418787327,125.60988533316164,128.390728063114,352300.0
2020-10-29,127.42813110351562,127.87377749791834,123.71144180620284,125.28011221848288,324100.0
2020-10-30,131.44784545898438,131.60828521929264,127.13399199359336,127.13399199359336,301300.0
2020-11-02,133.24827575683594,135.58345857861897,131.30526394940864,133.18587873180252,397300.0
2020-11-03,139.84388732910156,140.82431521683526,135.12004459744074,135.72611740072782,392600.0
2020-11-04,134.33567810058594,141.48385155855328,134.2822026981656,140.72624709079454,566900.0
2020-11-05,135.30714416503906,142.1166199272462,132.66892535876474,135.46758392490636,794500.0
2020-11-06,136.11827087402344,137.9899916529039,135.0308923034437,135.0308923034437,323600.0
2020-11-09,139.0149688720703,146.78704484035308,138.3643287967587,142.60687853722246,632100.0
2020-11-10,143.9794464111328,146.52854460184858,140.0577631639009,140.11123856090086,488700.0
2020-11-11,140.85987854003906,144.4785379719724,140.75292777851993,143.97049465466463,449000.0
2020-11-12,141.29666137695312,142.14338690611805,139.09516684109417,140.0755944643695,314400.0
2020-11-13,146.18092346191406,147.23265601081482,142.23250298776895,142.7316247668886,378600.0
2020-11-16,145.51248168945312,148.6052693047853,144.98662211452486,147.30398921767298,488400.0
2020-11-17,145.12030029296875,147.3039649339964,143.99726266040395,144.39834170058472,311900.0
2020-11-18,145.29855346679688,147.1346144259694,145.2807238031019,146.8315781433979,258200.0
2020-11-19,144.57664489746094,145.6372721535664,143.22187571648277,144.62119866784576,275300.0
2020-11-20,141.48382568359375,145.2094231047454,140.565795176466,144.56769119296013,530000.0
2020-11-23,147.16134643554688,147.29503490797228,142.60683994093145,142.69597465591377,423800.0
2020-11-24,152.29518127441406,153.7836384707348,148.68545667258255,148.68545667258255,391500.0
2020-11-25,148.52662658691406,152.088826147147,148.16772037934868,151.75683722057929,284600.0
2020-11-27,147.62933349609375,148.61634601118823,146.6154037025324,148.61634601118823,139500.0
2020-11-30,143.73516845703125,147.49477078908808,142.6674039350701,146.435974130925,613000.0
2020-12-01,147.5306854248047,149.44189503324063,145.66434252711753,146.2116835388979,373600.0
2020-12-02,146.4090576171875,147.9703284841462,143.83387047991556,145.9783673989005,359300.0
2020-12-03,146.9114990234375,149.02907818675666,146.38210765545574,147.18965334588918,314500.0
2020-12-04,150.46473693847656,152.1964790580229,146.75896981342603,147.2614439270479,284600.0
2020-12-07,152.5733642578125,152.87844962149396,148.14978393547864,150.2045474828116,461100.0
2020-12-08,153.9641571044922,154.9960365498735,151.85555889169706,151.85555889169706,420000.0
2020-12-09,155.6241455078125,156.96108308723817,154.6909672395582,155.08577237678907,458000.0
2020-12-10,156.53933715820312,158.16341033931295,153.91926981394192,153.91926981394192,479700.0
2020-12-11,159.44650268554688,160.86420538968258,156.09965527979617,156.09965527979617,446800.0
2020-12-14,157.00588989257812,161.42050133186473,156.18039478032702,160.61295563483864,412400.0
2020-12-15,157.9840087890625,159.06074145522774,155.9292310583967,157.38281947314988,311600.0
2020-12-16,156.68289184570312,158.94403929681678,155.33697302574882,158.3249144490147,310400.0
2020-12-17,152.95916748046875,156.94308882842185,152.8963513723362,156.69185177867635,414700.0
2020-12-18,152.196533203125,154.78967021954665,151.19158461836295,153.03997806164926,977100.0
2020-12-21,148.29330444335938,150.82362410860975,146.65128222729462,149.72894263123325,420700.0
2020-12-22,146.82180786132812,148.83170461613292,146.28343483549412,148.0421081873431,298700.0
2020-12-23,149.4418182373047,150.00709468977908,147.13580466554217,147.65622812171495,177200.0
2020-12-24,148.41000366210938,149.48674986895352,147.0461488651945,149.48674986895352,94700.0
2020-12-28,149.74696350097656,151.79275950573594,148.98427050904013,149.28037436386023,178800.0
2020-12-29,149.46878051757812,150.7608648403867,147.88059239650968,150.70703027550215,252800.0
2020-12-30,151.22744750976562,151.99910825701338,149.28035306771628,149.49570502906295,198800.0
2020-12-31,152.96817016601562,153.50654321882772,150.33914840717893,150.77880649862652,286700.0
2021-01-04,147.19866943359375,152.42082775245115,145.52074786059677,152.2144573505044,473600.0
2021-01-05,148.55355834960938,149.8725600126556,147.18072211931968,147.31530853742825,392100.0
2021-01-06,153.41677856445312,153.8474823955338,146.45389759202794,146.45389759202794,463200.0
2021-01-07,152.30416870117188,154.01796148179184,151.28127101211035,154.01796148179184,471000.0
2021-01-08,151.72093200683594,155.1395634637702,149.87253910192928,153.39885336972168,404100.0
2021-01-11,151.81964111328125,153.53344770746932,150.5275568473257,150.5275568473257,262100.0
2021-01-12,154.5204620361328,155.51644252788725,151.7478588133173,152.35801580850645,271200.0
2021-01-13,153.70394897460938,155.22932106763065,152.7707708223969,153.96415395102883,223600.0
2021-01-14,154.3499755859375,157.3379170378533,154.0448902450296,154.87936704092766,377100.0
2021-01-15,153.85646057128906,154.85244099891412,150.85056987140086,153.659058058326,297100.0
2021-01-19,153.04896545410156,155.90230759094533,152.81566402988793,155.37291599067277,310000.0
2021-01-20,151.1556854248047,153.29120096906215,150.98520015756895,152.75284157354528,280900.0
2021-01-21,149.74696350097656,152.69003893559173,149.60339550626423,150.60835777785303,295800.0
2021-01-22,150.419921875,151.25439885764447,147.58451561330946,149.45984001222985,312000.0
2021-01-25,149.4059600830078,151.79272612752564,148.4817635687928,149.9263836808542,280800.0
2021-01-26,144.35427856445312,152.259305933465,144.28249458723266,151.32612792099275,466400.0
2021-01-27,146.4359893798828,149.3162621608332,143.43011172709913,143.5646981550609,758000.0
2021-01-28,145.31436157226562,147.71009535819096,144.71318616004262,147.10891994596793,379800.0
2021-01-29,141.16891479492188,145.3861235980799,140.9625444466966,144.71316430955284,346200.0
2021-02-01,141.56378173828125,143.32244178164672,140.29861443608405,141.77912004238442,421800.0
2021-02-02,143.22366333007812,144.81185092415512,141.77007579494452,143.4838818958677,448800.0
2021-02-03,144.64138793945312,145.0541423489745,142.6404593833945,143.22368532086062,309600.0
2021-02-04,144.686279296875,145.7181449594886,143.54673081393852,145.25156960653706,549400.0
2021-02-05,147.0640869140625,148.7420086877296,145.3592615453365,146.07708779742,405400.0
2021-02-08,148.0690460205078,149.17269581611265,147.01024924045214,148.18568302889096,296600.0
2021-02-09,150.0430450439453,150.06099446346462,147.60244426235045,148.34718772135287,346200.0
2021-02-10,150.53651428222656,151.7298970952281,149.7648537298869,150.85953529695925,321700.0
2021-02-11,153.01300048828125,161.2859147050418,152.11572140786376,152.9860832111801,742400.0
2021-02-12,158.0377960205078,158.63897146490947,152.91432556513436,153.19247993732375,429100.0
2021-02-16,157.16741943359375,160.61296808878183,156.8443983914578,159.38370003270015,616700.0
2021-02-17,160.09255981445312,160.85525264242227,155.58821421135107,156.93413306678283,431600.0
2021-02-18,160.10153198242188,160.32585179769157,158.40567472663872,159.12350087378078,371600.0
2021-02-19,163.42149353027344,163.51121325105794,160.44251949574038,160.71170604088678,418400.0
2021-02-22,171.05728149414062,172.7262211133329,163.48424394665278,164.32768846375103,665200.0
2021-02-23,167.2707977294922,172.10713238523493,164.24697100954134,171.71232732086494,587500.0
2021-02-24,168.77822875976562,170.68942421087857,167.82710127451682,167.82710127451682,341800.0
2021-02-25,165.4109649658203,170.087219569144,164.39086630037573,168.87753724381804,288500.0
2021-02-26,158.80282592773438,164.31863141431572,158.68546396795244,163.5242066555666,579400.0
2021-03-01,161.0596923828125,163.11796206774684,160.5360955296447,160.76178311593029,473100.0
2021-03-02,162.16107177734375,162.8471571774628,160.0847429356921,160.96041199597616,283300.0
2021-03-03,164.5081787109375,165.72689709180196,161.59229918045656,162.81101756132102,398500.0
2021-03-04,161.9263458251953,166.65676320106502,160.30140601486102,165.3297189210475,465400.0
2021-03-05,167.55950927734375,168.68794732436675,161.69163143282424,163.36172525236967,354400.0
2021-03-08,172.51560974121094,175.22386098502977,169.1934810525232,169.61777484937838,364000.0
2021-03-09,167.090087890625,171.76634267579138,166.16929229219204,171.2878860094842,442500.0
2021-03-10,169.5906982421875,170.98092785910976,165.5644252180624,166.5845376234208,310400.0
2021-03-11,171.44129943847656,172.04614043942644,168.5886054064851,169.01289911645932,391400.0
2021-03-12,176.11756896972656,177.06545962715472,173.8245890571207,174.49261552483225,335100.0
2021-03-15,178.9973602294922,179.5119346039867,176.1627243341445,176.66826238811038,438400.0
2021-03-16,176.1536865234375,178.6813765742233,174.95302686187543,178.32028193121894,421700.0
2021-03-17,178.69041442871094,179.85495637104805,175.02525004871438,176.59602691163988,287100.0
2021-03-18,179.1688690185547,180.8028450023557,177.76960317459506,179.04248451635124,333800.0
2021-03-19,178.07655334472656,178.79875647810115,175.27803514335864,178.79875647810115,594900.0
2021-03-22,177.0023193359375,178.04949957830354,174.28503117437563,177.42659945123611,298100.0
2021-03-23,172.85865783691406,176.23494958684148,171.62189408882455,174.5829145575253,462800.0
2021-03-24,175.24191284179688,179.7285836776183,174.40236153573804,174.42042040169335,285700.0
2021-03-25,180.6764678955078,180.92923691026093,173.84265440220372,175.75648087815688,330600.0
2021-03-26,183.4028167724609,183.8361332072048,179.93625774474802,181.12788138401385,242500.0
2021-03-29,187.19435119628903,188.20542738594867,183.56529019428947,183.6194530223241,433900.0
2021-03-30,185.66867065429688,187.53737056947188,184.09788002015893,186.9686334170485,267300.0
2021-03-31,185.83116149902344,187.8352683396376,185.14506243024,185.58741505222525,383500.0
2021-04-01,184.3687286376953,186.31867300124097,182.8340555603208,185.9666008612852,247300.0
2021-04-05,187.41099548339844,187.91653352212083,185.6054946166022,186.1290777460801,356400.0
2021-04-06,187.203369140625,189.0449878978093,186.00270930748025,186.2735372158755,308800.0
2021-04-07,185.09092712402344,187.6457125983015,183.94443017410973,187.3929435695632,289300.0
2021-04-08,186.5443878173828,186.8242383059792,183.10491015452524,184.3416740976312,263600.0
2021-04-09,186.75196838378903,188.16025678528607,185.4971458952882,187.3568094908485,233400.0
2021-04-12,189.8213348388672,190.05604498931936,187.32071231628152,187.4380742789468,224100.0
2021-04-13,186.1020050048828,189.920649433966,185.61452580908448,187.7991803066976,366400.0
2021-04-14,187.6457061767578,189.333845084106,185.7409022058148,185.7409022058148,428400.0
2021-04-15,188.08807373046875,188.3769467299051,186.2554913024008,187.4832187686048,345600.0
2021-04-16,187.8262481689453,189.5775861689629,186.1290729895669,189.40606138702,274100.0
2021-04-19,189.5776214599609,190.2456618469197,185.8221757479256,188.80125541155823,359500.0
2021-04-20,187.3838806152344,189.577557164772,185.93045212597607,189.23450765337063,289100.0
2021-04-21,188.28665161132807,189.1262028449516,187.095014508908,187.3387609661989,319400.0
2021-04-22,184.0617828369141,189.433145088354,183.8180363662117,187.8443093059166,448900.0
2021-04-23,186.08395385742188,187.0318308058978,184.49510425640736,185.0728639909003,298400.0
2021-04-26,186.8422698974609,187.8533460376511,185.5332844427763,187.19434203734,302100.0
2021-04-27,187.2755889892578,188.8192984094848,186.3818748077028,186.64366639248163,376000.0
2021-04-28,189.7942810058593,190.0831540195532,186.64367662051507,186.64367662051507,249000.0
2021-04-29,192.2587890625,193.576797174375,190.4171701946981,190.4171701946981,288100.0
2021-04-30,191.67198181152344,192.5025105710456,190.263679541156,191.41919901308927,227200.0
2021-05-03,194.2177276611328,195.0843741380115,190.84143608177425,192.4754259368776,243700.0
2021-05-04,193.5406646728516,195.2197810282982,192.6469367857196,193.70316691363848,240800.0
2021-05-05,192.16848754882807,193.4413690135771,189.3428879533521,193.21568139677245,333900.0
2021-05-06,197.0794677734375,201.30434745478613,193.7663749515153,193.8566555152795,535400.0
2021-05-07,195.8878173828125,196.63710187976213,193.8024523546168,195.28297625814,215400.0
2021-05-10,198.03634643554688,202.0265014618172,196.9801301440233,197.6662292486858,270600.0
2021-05-11,193.82052612304688,197.12459619983093,192.14140967213032,197.12459619983093,234500.0
2021-05-12,191.50946044921875,196.1495967396544,191.4643201763305,194.8496340197868,231800.0
2021-05-13,194.35313415527344,195.2468620405804,189.67689353641003,190.5164448249797,185100.0
2021-05-14,195.18370056152344,195.6260395107604,193.54971051115496,195.25590848292043,132000.0
2021-05-17,195.7523956298828,196.91695137290165,193.5858001554859,195.4093598409448,185100.0
2021-05-18,192.619857788086,196.72737506240367,192.48445073146567,195.30102770819624,130800.0
2021-05-19,192.4483184814453,192.6198432568102,189.0900997566997,192.02403847775,207100.0
2021-05-20,191.8886260986328,192.9629012969684,191.1393416008452,192.4483269482349,209200.0
2021-05-21,192.8907012939453,194.8857859972508,191.96989190973667,192.66501366471925,159100.0
2021-05-24,194.948974609375,195.32812817978848,192.39418895110524,193.69415192102568,289700.0
2021-05-25,191.27476501464844,195.9871233488782,190.62478360476308,194.9218706813356,288900.0
2021-05-26,192.0872344970703,192.21361900568544,188.1873598206051,191.0219956065827,523300.0
2021-05-27,195.69952392578125,196.6706765493257,193.13097729936337,194.54686530879408,559700.0
2021-05-28,196.23504638671875,196.48917696225803,194.7284052252518,196.3802539662572,240200.0
2021-06-01,197.9413146972656,200.3374124493944,196.42560265795268,198.66740786286607,253000.0
2021-06-02,198.6946716308593,198.8308219145154,196.0716701483889,197.85966918426467,250300.0
2021-06-03,200.22854614257807,200.2376172887983,194.50150913688964,198.5403850573842,306000.0
2021-06-04,201.71701049804688,202.8605980128406,199.5478157535157,199.55688689880407,242500.0
2021-06-07,200.83660888671875,202.16172999564188,198.87616143067183,201.82590375931696,355100.0
2021-06-08,202.0891265869141,202.7607513856571,199.00323388379792,200.4917187432524,163900.0
2021-06-09,200.6097412109375,203.3053534788285,200.282999910312,202.2706750016941,280100.0
2021-06-10,200.35557556152344,203.42331202221044,200.12867230494183,202.76982953532948,144600.0
2021-06-11,200.5825042724609,201.73517683991315,199.55689699085625,201.027239697466,157800.0
2021-06-14,199.4933319091797,200.600620831255,198.08652904761763,200.58246469426567,185800.0
2021-06-15,199.7565460205078,200.4917103500184,198.9215437049479,199.5024154831233,199000.0
2021-06-16,196.76141357421875,200.3827943819928,196.6252771656493,199.511493668998,221300.0
2021-06-17,192.08726501464844,197.24251540474307,190.72584515851105,196.77055264354,223600.0
2021-06-18,188.03927612304688,190.7802715731758,187.9757504073261,189.68206747349703,373300.0
2021-06-21,193.3669891357422,194.12030973066945,189.40071015526613,189.40071015526613,233100.0
2021-06-22,192.0509033203125,192.83145100136144,189.5549677395144,192.28687769864845,232100.0
2021-06-23,190.1358795166016,192.2052363442834,190.1358795166016,191.77865706542048,146800.0
2021-06-24,191.5699157714844,192.29599521811,188.9378293056944,190.5715357587576,215700.0
2021-06-25,193.5757293701172,194.0295359400676,191.1887023804733,191.42469066025708,244300.0
2021-06-28,191.65158081054688,193.0492988566085,190.4626098946144,193.0492988566085,135400.0
2021-06-29,188.6292419433593,192.88594981729813,188.4658643754306,191.8966409620815,236300.0
2021-06-30,191.27944946289065,191.94200310879305,186.83215107669344,188.5747664632919,204800.0
2021-07-01,192.55007934570312,192.76791143659017,191.02529625671696,192.48655364153257,186300.0
2021-07-02,192.38673400878903,193.8207642501156,190.82563849793104,193.1582106196357,116100.0
2021-07-06,186.8412628173828,192.4321637198204,185.1803289202749,192.34139685585995,241200.0
2021-07-07,187.776107788086,188.3660508705352,185.30739860006693,185.30739860006693,223500.0
2021-07-08,184.7446136474609,187.0227171034689,183.7280777541241,184.6992302313976,208600.0
2021-07-09,187.16798400878903,188.6836963001751,186.0243964309079,187.93946072224284,297400.0
2021-07-12,185.77931213378903,186.4237096254694,183.95500109179324,185.56148002232032,196300.0
2021-07-13,183.9368591308593,186.65969820823648,183.5465783282493,186.1786644124926,195800.0
2021-07-14,183.0292510986328,185.5070308489057,181.4681555437527,183.6373501806153,205000.0
2021-07-15,182.775146484375,183.7372142386081,181.23219300025835,181.3683432866041,159000.0
2021-07-16,182.1942596435547,184.6448122567038,181.8402910866451,183.74627029728245,133500.0
2021-07-19,177.26589965820312,180.1339601727141,175.83186940094765,179.6166140951837,254300.0
2021-07-20,184.14561462402344,184.7083302939029,177.89216114586895,177.89216114586895,311200.0
2021-07-21,185.8428649902344,187.37673344099244,183.7462808139969,185.6431889878234,344600.0
2021-07-22,183.4921417236328,185.50704394604608,182.9203410297088,185.3436802329689,107400.0
2021-07-23,184.9262084960937,185.3437167045757,182.27597934174483,184.94436463970072,101000.0
2021-07-26,186.2149658203125,186.6869284790195,184.69925370486928,185.2619693581626,157900.0
2021-07-27,185.5433654785156,187.6308786718992,184.3997777973599,185.8610356478205,115500.0
2021-07-28,185.9336395263672,188.3478939468296,184.1547115720585,186.79586929108137,122300.0
2021-07-29,188.08465576171875,189.22825711244005,185.96991561138705,187.9031359145004,144900.0
2021-07-30,186.1786651611328,189.00134223666032,185.6885463697517,187.1679600394464,218800.0
2021-08-02,184.62664794921875,189.04671914236,184.445128106104,186.76861533575587,135600.0
2021-08-03,185.4798278808593,185.73395846040395,181.15050918441872,184.3634675600688,227100.0
2021-08-04,181.89471435546875,184.18188901464185,180.17024144365783,183.601017281492,208800.0
2021-08-05,184.42697143554688,184.4632837135109,181.9764189378696,183.80071620689105,176500.0
2021-08-06,186.5870819091797,188.49306089674448,185.9608267243101,186.959206562374,156200.0
2021-08-09,186.1786651611328,187.0318236246604,184.92615474879867,185.72485864641183,236200.0
2021-08-10,187.82144165039065,189.6729661282019,185.1530571404555,185.7067016397895,133100.0
2021-08-11,189.6276397705078,189.7637900747038,186.45099322638663,188.2208502373752,136600.0
2021-08-12,188.3206481933593,190.2538546901631,187.08629381626045,189.7819058467701,150600.0
2021-08-13,186.91384887695312,189.3190181146939,186.74140016762885,188.64739326668632,97500.0
2021-08-16,186.7414093017578,187.7760877592358,184.2454730899481,186.06069942580973,160900.0
2021-08-17,186.66876220703125,187.6399147550091,185.2165897307989,186.1060465842853,277600.0
2021-08-18,182.58450317382807,186.07881871801905,182.5391197546032,185.4797908220306,184800.0
2021-08-19,181.6678466796875,184.3453026323937,180.76930469900395,181.6769178252825,163400.0
2021-08-20,184.0004425048828,184.95343925043875,181.9492414094352,181.9492414094352,119400.0
2021-08-23,186.9501342773437,187.77606548597072,184.7355561944248,185.2529022863372,202000.0
2021-08-24,187.00457763671875,188.89241435082607,186.65969411185785,187.558222124265,128900.0
2021-08-25,187.16798400878903,188.3751111544246,185.72488243094625,186.3511377173136,173300.0
2021-08-26,186.56561279296875,187.36875657387728,184.98671779282893,187.16797062865007,100500.0
2021-08-27,188.91114807128903,189.7325349775648,187.05845282126185,187.52390354467667,125300.0
2021-08-30,188.929428100586,190.5265804504697,188.5004774982464,188.929428100586,354500.0
2021-08-31,186.33741760253903,189.76900732133697,185.96322440916973,188.8563491478851,415500.0
2021-09-01,185.2605133056641,186.38307911521736,183.4169396406131,186.27356457557133,196200.0
2021-09-02,187.21359252929688,187.7703146225577,185.77159081353813,186.20966287716743,157200.0
2021-09-03,185.4247894287109,186.6112480313656,184.5942670142466,186.6112480313656,115100.0
2021-09-07,181.8380279541016,184.11967349391185,181.80151382687143,183.9280091411017,152800.0
2021-09-08,182.06619262695312,182.9058365150244,180.724583934584,181.42732073454167,154000.0
2021-09-09,181.9201812744141,183.5629690056249,181.60074529782344,181.98406011409588,108400.0
2021-09-10,180.87062072753903,183.17052361300205,180.1405052061129,183.17052361300205,180100.0
2021-09-13,183.42605590820312,185.13273634936405,180.75197385136468,182.5316546994725,238600.0
2021-09-14,180.47817993164065,183.9554058477923,179.3556141150543,183.9554058477923,200400.0
2021-09-15,181.8015289306641,183.3804238760884,180.48729876237965,180.50555582751147,191000.0
2021-09-16,178.04141235351562,183.353077298612,177.94101936682853,182.63208324954127,175400.0
2021-09-17,177.9592742919922,179.00882592793874,176.64504390975685,177.18350904729246,470100.0
2021-09-20,176.718017578125,177.2656041606346,173.7975001005026,175.65933068878985,183800.0
2021-09-21,172.7845458984375,177.2656893793873,172.4924884398477,177.17443186812758,198000.0
2021-09-22,174.74668884277344,175.87839016776323,173.95268056435566,173.95268056435566,167000.0
2021-09-23,177.54856872558594,179.3738856254837,175.06615055370276,175.06615055370276,226400.0
2021-09-24,178.3060760498047,181.51863767742097,177.6489608549272,177.6489608549272,266800.0
2021-09-27,179.8484649658203,181.9658391723542,179.07271366899195,179.73895041240036,211100.0
2021-09-28,179.3738555908203,181.32694378964,178.66198323314234,180.4416780533977,293400.0
2021-09-29,180.09486389160156,181.4912299755977,179.31909876668792,180.48730027583423,134700.0
2021-09-30,176.1977996826172,181.01663413306653,175.93313491733446,180.3960332069913,335100.0
2021-10-01,177.219970703125,178.27865760583688,173.84313799377392,177.11045617045122,199200.0
2021-10-04,178.0231475830078,180.313929109376,177.52118267128995,177.76760434178092,210100.0
2021-10-05,177.90451049804688,179.7480845235887,176.8549588183827,178.6711542036594,256000.0
2021-10-06,179.59291076660156,179.89408969619333,175.19390471785513,176.7910568460755,227200.0
2021-10-07,185.14187622070312,186.3009562419211,180.6333416757706,180.7063560159953,338000.0
2021-10-08,188.3635406494141,189.25794185880625,185.1509796250301,185.1509796250301,289200.0
2021-10-11,192.4066162109375,193.64781804425385,188.0806111541291,189.3492055465305,342600.0
2021-10-12,193.63870239257807,196.1028769225945,191.0923919609752,192.37010796141035,336200.0
2021-10-13,189.80555725097656,192.9268471218417,187.11321791663391,192.22409629642345,335000.0
2021-10-14,190.2528076171875,191.02855902968795,187.49657489461907,191.02855902968795,318900.0
2021-10-15,192.1328582763672,193.6296175577172,190.16151270793665,190.82774946841133,302400.0
2021-10-18,189.3309936523437,191.64915392599988,188.2449278630231,191.35709653597024,266500.0
2021-10-19,191.12890625,191.3388137671,188.0441166309568,189.59564693647903,169400.0
2021-10-20,193.22805786132807,193.7208873216342,190.9281545524184,190.98291183400087,166700.0
2021-10-21,192.6895751953125,193.9399127647974,190.92813721664928,193.0363759225343,158200.0
2021-10-22,194.2410888671875,195.5461836941675,193.05463016243897,193.0728872297292,162500.0
2021-10-25,193.921630859375,194.5422457422852,191.76775672349945,194.17717406820256,190000.0
2021-10-26,186.4926147460937,188.1627812948843,183.21617442123903,187.8159666453685,406200.0
2021-10-27,184.94110107421875,188.1445271046861,184.70381489916784,187.2957614613384,235000.0
2021-10-28,186.6568756103516,187.3048551915488,184.0010366692356,185.032344983552,251900.0
2021-10-29,185.02325439453125,187.33227929279457,184.07409567897847,186.3739990055957,241700.0
2021-11-01,184.42999267578125,187.10407483551023,183.80937778437243,185.26051507887425,178100.0
2021-11-02,182.4403839111328,185.0597226345409,181.06227492692992,185.0597226345409,242000.0
2021-11-03,182.48602294921875,182.63205161839247,178.09613878687773,181.089656874638,410000.0
2021-11-04,174.60067749023438,183.7546401918182,173.45073291161847,183.30744648538752,380800.0
2021-11-05,177.07400512695312,177.9866636220962,175.1665382882959,175.6593816742687,300100.0
2021-11-08,177.1743927001953,177.96840111034746,174.9657608806201,177.26565019128074,246400.0
2021-11-09,177.740234375,178.15092789514688,175.13003063278418,176.32561098243826,206000.0
2021-11-10,176.8914337158203,178.99967210493648,176.82754095199977,177.7310776585039,220300.0
2021-11-11,172.37374877929688,175.19387318476794,171.99043400864406,173.86138609301955,337800.0
2021-11-12,175.2486572265625,176.0426655209506,172.12736739482943,172.38291061431207,290200.0
2021-11-15,173.779296875,175.88753564289448,173.02178869879302,175.43120642296708,235100.0
2021-11-16,171.87181091308594,174.728421808889,171.69840361480468,173.6971274405772,231500.0
2021-11-17,170.3842010498047,171.9357175639483,169.83660043254827,171.57978134055028,187000.0
2021-11-18,169.01516723632812,170.53930469562732,166.50535729101554,170.53930469562732,370800.0
2021-11-19,168.64100646972656,170.1742797181016,167.65533379421285,169.21598567862483,223000.0
2021-11-22,173.86141967773438,174.9748640044536,168.75966272603358,168.75966272603358,308000.0
2021-11-23,172.6931915283203,175.6684523470413,171.7714117286884,173.9800429758704,211900.0
2021-11-24,171.2605438232422,173.7034528975767,170.5074749135806,172.44526910210126,146200.0
2021-11-26,168.3125,169.7727294558981,166.36551337868647,166.98084394248067,247700.0
2021-11-29,166.88902282714844,169.7176519953062,166.40227960800763,169.7176519953062,247800.0
2021-11-30,163.02261352539062,165.8420638832518,161.1766636193787,164.94204997028316,697100.0
2021-12-01,162.16848754882812,168.03696940244524,162.16848754882812,165.3093637790156,394900.0
2021-12-02,163.73895263671875,165.66756788641771,162.09504867724206,163.3256819441979,470600.0
2021-12-03,166.37474060058594,166.6869883450009,164.1338774682859,164.19815717404083,286000.0
2021-12-06,170.7003173828125,172.46361595398182,168.4135463360928,168.68905078982914,339700.0
2021-12-07,169.61660766601562,171.75644740403544,169.50640589848743,170.5074426560674,362100.0
2021-12-08,171.1319580078125,172.01361429134505,169.44213197894723,169.74520088849118,264900.0
2021-12-09,170.77378845214844,170.98501320269568,168.00026019609055,169.74520113109966,306700.0
2021-12-10,170.7921600341797,172.67485319430318,169.69010018861633,171.78401809922207,243300.0
2021-12-13,172.05955505371094,173.06977084843172,169.40542111782165,170.81972883581184,245800.0
2021-12-14,171.0033721923828,175.3565243772713,170.53500064620724,172.11462478012712,315800.0
2021-12-15,173.95138549804688,174.64017456198812,168.97373821091193,172.36256863420547,417900.0
2021-12-16,173.32688903808594,177.8545367759991,173.21668726394986,175.03508660444734,280200.0
2021-12-17,169.08396911621094,174.6218330235999,168.68905603116627,174.29121365539226,576000.0
2021-12-20,164.92369079589844,166.92576471466424,162.4348596077068,166.92576471466424,291800.0
2021-12-21,168.19313049316406,169.84622729987677,166.2828868513462,166.2828868513462,204200.0
2021-12-22,165.62164306640625,168.97375865795345,165.0246980774689,168.04618030432798,208800.0
2021-12-23,167.33901977539062,168.07371692798932,166.2277672098927,166.3655194226425,205200.0
2021-12-27,169.1482696533203,169.33195800207832,166.59515855626333,167.10946631395086,145300.0
2021-12-28,171.0768280029297,171.95848413641775,168.9829104510255,168.9829104510255,131400.0
2021-12-29,170.34213256835938,171.4809355927692,169.92886191072236,170.60847220143552,126000.0
2021-12-30,170.11256408691406,172.00443621771424,169.81868797616912,170.76462404156922,121600.0
2021-12-31,171.49929809570312,172.0411421293908,168.72577020806452,169.75435739248175,142900.0
2022-01-03,170.85641479492188,173.74933723237564,170.09416723964955,171.54520384953716,416500.0
2022-01-04,174.02487182617188,176.8718584417024,172.10543549874765,172.31667425147336,443700.0
2022-01-05,171.72891235351562,175.18203684223454,171.11359574058557,174.36467429509452,424600.0
2022-01-06,175.04429626464844,175.44837414649731,171.9768777927989,173.27180481725276,294600.0
2022-01-07,177.211669921875,178.64434904093403,176.09123850549284,176.1187889490555,365800.0
2022-01-10,180.187240600586,180.83010767752,178.350469515945,179.09435956307237,491300.0
2022-01-11,182.65771484375,182.6760864798606,178.0566079464365,181.20666388696463,393300.0
2022-01-12,181.0688934326172,182.54749468808177,179.87498944768817,182.00563657822755,211000.0
2022-01-13,179.64541625976562,182.2811785719271,178.72703061639754,181.98730245304475,330300.0
2022-01-14,181.5464324951172,182.44646034298188,178.05657892925862,179.08516616858955,323300.0
2022-01-18,179.60865783691406,181.0229653321408,176.36674414983733,181.0229653321408,276800.0
2022-01-19,177.87286376953125,181.03211154300365,177.76266201436994,179.74637768796163,205500.0
2022-01-20,175.99942016601562,180.06787576139453,175.87084673938134,177.74434724368854,228800.0
2022-01-21,175.50347900390625,178.7086355097134,174.5024281338803,175.97185057566907,318300.0
2022-01-24,179.68211364746094,180.3158018711333,172.8860666974052,173.78608054449413,381900.0
2022-01-25,178.7821044921875,180.26070571507628,174.51161750133735,177.68922349960224,243000.0
2022-01-26,176.25653076171875,180.5453890556694,174.54833329442482,178.7269898206306,317900.0
2022-01-27,173.05137634277344,178.38720797095394,172.2891286950557,175.6136797842302,244100.0
2022-01-28,172.35345458984375,172.4177483197602,168.67073272229572,172.2248811434655,283500.0
2022-01-31,171.92178344726562,172.1238294026099,168.61560365822243,170.5258333958284,274600.0
2022-02-01,170.37887573242188,172.61973851367006,169.7635591512513,171.11358690858606,264100.0
2022-02-02,171.7472686767578,171.91258535506756,168.08291947120884,168.73496533386484,384900.0
2022-02-03,168.55130004882812,172.20647063961638,168.3584469295126,172.20647063961638,288100.0
2022-02-04,167.70640563964844,169.4788832338891,165.3094185107051,167.91763041731193,268700.0
2022-02-07,169.00128173828125,170.02069007174669,165.8328549764667,167.7706346774991,314300.0
2022-02-08,170.81968688964844,171.08601249361246,168.80842059218296,170.03905368289128,255800.0
2022-02-09,171.91259765625,172.84935486449953,170.97584044800047,171.91259765625,333600.0
2022-02-10,164.98794555664062,173.55648375003676,164.63896860406365,167.06350570602348,782200.0
2022-02-11,168.86351013183594,169.21250104978347,162.7378815176448,164.3909779533853,605900.0
2022-02-14,166.46653747558594,169.28598746331124,164.65731706307645,168.78087267570334,508300.0
2022-02-15,165.4287872314453,168.0737279843826,165.0889750618921,166.07165428898386,330400.0
2022-02-16,167.67881774902344,168.76250585748667,165.42877619107614,165.42877619107614,372300.0
2022-02-17,169.8278350830078,170.95744525842252,166.58593557798,166.65940809531304,406600.0
2022-02-18,170.90237426757812,172.84016845916034,168.78090575726037,169.1207039475937,553900.0
2022-02-22,171.6278839111328,173.30853103019922,169.4145715291833,172.21565006096063,426400.0
2022-02-23,172.0962677001953,174.31875905017822,171.94014383826757,173.34527260906893,442000.0
2022-02-24,177.4381866455078,178.09436453351435,169.67485340069234,171.66190332447883,636300.0
2022-02-25,184.711654663086,187.5304833866784,177.70617744759747,177.70617744759747,692400.0
2022-02-28,188.9075469970703,190.87610868747657,183.778219153918,183.778219153918,1249800.0
2022-03-01,188.6765289306641,190.97780547984044,186.17194016523325,189.07394459038977,892000.0
2022-03-02,192.69679260253903,193.78734801701165,186.6894585405894,189.24951100485103,876800.0
2022-03-03,195.00732421875,196.04242967344567,192.4380345349487,192.94635028582755,621400.0
2022-03-04,201.5137176513672,202.1329476131013,193.86129888626803,194.88716733460217,710600.0
2022-03-07,202.1514129638672,211.3287785466667,200.1274011841749,202.8353299344069,927200.0
2022-03-08,193.5655670166016,203.0201836156082,193.42692775543028,202.50263088597893,967700.0
2022-03-09,192.3733367919922,196.4768107774043,188.19593878901347,192.7430273910972,810000.0
2022-03-10,194.70236206054688,194.9149253671634,192.00368381662247,192.63213675870827,500500.0
2022-03-11,190.4509735107422,197.29932336737755,190.34931037402345,194.138543256103,360000.0
2022-03-14,186.634033203125,191.48611135738128,185.7930029385128,191.2088469281157,435100.0
2022-03-15,187.151596069336,187.94641328833788,183.1682729970112,187.94641328833788,396200.0
2022-03-16,179.62852478027344,184.9149796978988,175.37717518282568,182.0499379123685,560900.0
2022-03-17,182.3734436035156,185.05363348049053,181.0610736973776,182.86327131136105,540200.0
2022-03-18,179.0093231201172,182.90947053383127,176.97607432251704,182.0684403436422,1124600.0
2022-03-21,185.4602508544922,186.4399060840519,180.2477342293475,181.0610392964168,400000.0
2022-03-22,185.8022308349609,186.9020374192043,183.2237042039924,185.68209373321235,371600.0
2022-03-23,187.650634765625,189.4343582979364,186.3105399235097,186.6617424443516,277800.0
2022-03-24,188.158935546875,190.5711117119818,187.0591290892848,187.5119947195432,221300.0
2022-03-25,190.35855102539065,191.615470693526,187.33639599570984,188.112724998962,217400.0
2022-03-28,185.1645355224609,190.30311467933456,183.5471762646984,189.23103315821965,475800.0
2022-03-29,186.9297637939453,187.1515781485625,180.4418525717514,181.85588558958244,323200.0
2022-03-30,187.90945434570312,190.8206958023139,185.4048514314216,187.6599149315704,335900.0
2022-03-31,184.3235015869141,189.1848162377338,184.2865254787957,187.6783712348633,413800.0
2022-04-01,187.271728515625,187.4195906491209,183.9723087539439,184.49911255545763,347400.0
2022-04-04,186.5693206787109,187.5674641018317,182.60448611949167,187.5674641018317,384700.0
2022-04-05,185.87615966796875,189.1201291959676,185.68208445824,186.6802278436048,355700.0
2022-04-06,186.7911529541016,189.3974048349204,185.54347002990565,186.28283716638268,417400.0
2022-04-07,192.1607666015625,192.9186217257855,185.312401861417,186.8927991484713,659600.0
2022-04-08,190.2938537597656,195.0073061366716,189.5637378232973,192.87239428319447,407900.0
2022-04-11,189.68389892578125,195.1551925540424,187.89093840559784,191.3751962999052,455300.0
2022-04-12,194.0553741455078,196.2827121443827,189.15708358399027,189.15708358399027,382400.0
2022-04-13,196.80026245117188,196.91116256521624,193.8058324517011,194.5729244790972,492300.0
2022-04-14,205.79278564453125,207.0034922910818,201.3473605550885,201.5968999264568,616300.0
2022-04-18,205.98687744140625,207.46559742893209,203.7040892702708,205.13661027557188,321100.0
2022-04-19,207.12368774414065,208.9905867358481,204.92407422027,206.36583249222488,318800.0
2022-04-20,210.06260681152344,210.70956177369703,206.9757646354361,208.10329617797748,311100.0
2022-04-21,205.1550750732422,210.7187945625148,203.8242172722764,210.7187945625148,303300.0
2022-04-22,205.33067321777344,208.41751528581213,204.22162976783616,205.08113385830544,347100.0
2022-04-25,201.96658325195312,204.19392141138133,194.9148922942568,204.19392141138133,536800.0
2022-04-26,202.08670043945312,205.70034594182343,201.32884545128792,201.47672165906425,346700.0
2022-04-27,203.1865234375,205.469311461098,199.443489472741,202.1514040006533,286300.0
2022-04-28,201.5506896972656,203.7872647886163,200.4231581244499,203.5007634074056,310500.0
2022-04-29,196.6154327392578,203.20500667531203,195.68197639812965,202.0312761448537,351700.0
2022-05-02,196.23651123046875,200.5248232188076,193.3067821487737,195.34926794566428,344300.0
2022-05-03,198.4823303222656,198.9167079527628,195.4971510741236,197.22541051742888,356400.0
2022-05-04,205.302978515625,206.39354817577168,196.96664220317345,198.81505292685864,518400.0
2022-05-05,203.0848999023437,207.92772717837389,198.83354941663663,201.85570502668384,467900.0
2022-05-06,199.85939025878903,204.2308772508475,197.64130324479515,201.96657715275927,303500.0
2022-05-09,194.0646209716797,199.36032738586687,193.4084431193777,198.66717342506,416100.0
2022-05-10,193.7596435546875,196.35667240148555,191.4029312235706,194.70233694848685,320400.0
2022-05-11,190.4139862060547,196.2734434811224,189.02767847901808,194.08308178512505,283500.0
2022-05-12,188.3253173828125,192.5027151730604,184.5545580774908,190.7282426944832,293600.0
2022-05-13,188.3345642089844,191.80033425518303,186.0517758770412,188.73197984078743,354700.0
2022-05-16,189.2587738037109,191.06097144774475,187.6229263565473,188.2606303157257,294600.0
2022-05-17,193.13116455078125,194.4065722578514,189.05541617560243,190.38627393911,298800.0
2022-05-18,187.4657745361328,193.14039375331336,185.89462855720856,191.8280240955177,278100.0
2022-05-19,185.51573181152344,188.11274653063248,182.64145267315897,185.97783447619776,296300.0
2022-05-20,182.7708282470703,186.2181240413585,179.62853598495178,185.44178090054703,287800.0
2022-05-23,185.39556884765625,186.65248848433453,183.47322033848644,184.39742553891887,317600.0
2022-05-24,188.61181640625,189.04619401872844,183.53792431072185,186.0425268400709,236500.0
2022-05-25,190.49717712402344,192.32711362948285,188.87981797467208,189.00920614253008,339800.0
2022-05-26,196.59487915039065,198.06353290468653,191.9565362336608,191.9565362336608,525300.0
2022-05-27,199.29054260253903,199.2998469480592,195.8698907461593,196.9388409054146,431700.0
2022-05-31,195.6282196044922,198.11005449699107,193.7412671224332,198.10075015143653,688200.0
2022-06-01,195.6282196044922,197.49656339544208,192.16107437460235,197.49656339544208,292300.0
2022-06-02,196.873764038086,197.338527402584,192.86750610546463,197.0782610531413,252400.0
2022-06-03,197.84043884277344,198.27731748100143,195.5259266779597,196.3624949475513,251300.0
2022-06-06,197.53372192382807,198.2866504954699,195.7490322894472,197.9613104638919,309200.0
2022-06-07,200.9078826904297,201.17743916898945,195.9535041134092,196.7064184047991,260200.0
2022-06-08,199.151107788086,200.41526474558407,198.10073801343924,199.3834894774536,244200.0
2022-06-09,198.918701171875,199.8668223170512,197.98917453088487,198.66772500744145,348000.0
2022-06-10,197.0503692626953,198.611967302901,194.84738134986344,195.5538307157723,378400.0
2022-06-13,192.71876525878903,194.6800670903185,190.45071792563263,193.0998745956697,423700.0
2022-06-14,190.37635803222656,193.24859208404447,187.98748182783987,192.7373637541988,477600.0
2022-06-15,191.17578125,192.5607813314822,185.9053658307137,191.36168377913995,543900.0
2022-06-16,186.890625,189.2051514524101,184.93862755530267,188.9262906221816,456700.0
2022-06-17,186.500244140625,189.4189575305388,183.2283060515748,186.0540752777621,808500.0
2022-06-21,194.605712890625,194.9682277407788,189.02855262152048,189.4096619772712,350600.0
2022-06-22,194.6893920898437,195.78624112679768,191.2408554864932,191.2408554864932,448300.0
2022-06-23,195.2006072998047,196.0278854967372,192.2632995192649,194.02010441762505,307900.0
2022-06-24,200.16427612304688,200.359482970716,195.0797639406643,196.9295271792364,640300.0
2022-06-27,202.9807281494141,203.35254731605488,199.485713083696,201.18674853951904,289000.0
2022-06-28,201.8746032714844,207.07066833926143,200.5639813949904,203.99393721067983,386000.0
2022-06-29,200.675521850586,202.711187624942,198.1750927189231,202.63682378575865,286100.0
2022-06-30,202.46951293945312,203.203832792958,198.8071754659979,198.8071754659979,366900.0
2022-07-01,205.38824462890625,206.43860025107816,200.09923495355807,202.8971054700189,268200.0
2022-07-05,195.07046508789065,202.6368115194914,191.52897078894347,202.15345368578497,501800.0
2022-07-06,199.151107788086,201.90251323091823,193.9643467793854,195.191328907304,326900.0
2022-07-07,201.9954528808593,202.7948464417513,199.82965388235624,199.8947275619817,268800.0
2022-07-08,200.4803009033203,203.91956085232565,200.13638058180013,202.9528451943676,263300.0
2022-07-11,200.6197662353516,202.2650326040868,198.0170884197732,199.46714792437243,191600.0
2022-07-12,197.2362518310547,201.9303640050679,196.61347071009715,199.84821931177748,380000.0
2022-07-13,193.56463623046875,197.9798878528325,193.2950655571076,194.74512487320536,259800.0
2022-07-14,189.7628631591797,191.5475668390421,188.63814383623816,189.95806999972604,305500.0
2022-07-15,190.20904541015625,192.67228539141752,189.05642724307387,191.8728918946485,229100.0
2022-07-18,187.6063842773437,192.75595619382293,186.99289322281865,190.8039585432236,284900.0
2022-07-19,192.5235595703125,192.72805657262083,187.5227157247808,187.56918071157247,425000.0
2022-07-20,194.1781311035156,195.1820216888188,190.86901816498985,192.87679933559625,189100.0
2022-07-21,194.03868103027344,194.46626951422007,191.86359215353107,193.23928757342148,186700.0
2022-07-22,194.0201110839844,196.63207893538865,193.3787353686099,195.54453435936543,195100.0
2022-07-25,195.7397308349609,198.3609887086634,194.4476893114319,194.4662838164799,206500.0
2022-07-26,195.7025604248047,197.01319657794704,194.8752821646881,195.7397494384352,174700.0
2022-07-27,195.5445251464844,196.8365666776509,193.573933103297,196.13013149961907,253800.0
2022-07-28,197.5058135986328,197.60806209487097,193.20211496331007,195.8791420024944,237900.0
2022-07-29,201.5585784912109,201.9861670399536,197.7847021288779,198.4725570347848,220900.0
2022-08-01,202.30221557617188,202.79486365375465,198.50974446657835,201.7816828287979,215100.0
2022-08-02,202.1441802978516,203.78944659100432,200.4245501638468,203.78944659100432,298400.0
2022-08-03,203.27821350097656,204.1984359344693,197.39430728985715,202.0233466763644,212100.0
2022-08-04,212.6849822998047,220.6974971745271,204.4214912679128,204.48656493895507,723200.0
2022-08-05,211.5416717529297,213.79112449121448,208.24184938604907,211.5416717529297,389500.0
2022-08-08,207.3681488037109,215.65023673044823,206.02033766083656,211.82988067620423,388700.0
2022-08-09,209.59898376464844,210.5099159726488,207.5075486589592,209.09703139654988,410000.0
2022-08-10,211.02114868164065,212.38755402177927,208.68802766157123,211.8298323461691,290800.0
2022-08-11,211.318588256836,213.30777474920689,210.42625060268983,211.95067376335308,183800.0
2022-08-12,214.2187042236328,214.4138968648477,210.56565734866024,211.57883792797583,158800.0
2022-08-15,216.1707458496093,217.0259087858365,212.4433485650564,212.4433485650564,199900.0
2022-08-16,217.0816802978516,218.0669906093612,214.9623603513085,215.482907267814,243200.0
2022-08-17,219.5263061523437,220.1026081338143,215.1761282597253,215.3155515831614,343900.0
2022-08-18,220.0933074951172,222.6402154884202,219.68431352124148,220.3535738087744,183000.0
2022-08-19,218.8942413330078,220.9577916817646,217.7323329917461,219.7308096653356,216800.0
2022-08-22,218.42950439453125,218.79201927347813,216.6169158163437,216.7656435060279,327900.0
2022-08-23,219.49839782714844,219.9166819358194,217.9089011940593,219.37755483756257,192400.0
2022-08-24,222.4636383056641,222.96557650887576,220.2420699452341,220.47445163223915,249300.0
2022-08-25,225.6676788330078,225.6957016612239,222.79054968842905,223.53785836622168,382100.0
2022-08-26,220.6420745849609,227.42388507137508,220.52998325583988,226.05070927472408,335000.0
2022-08-29,220.2030334472656,222.26747238652925,217.25118580512856,218.7924986111377,370200.0
2022-08-30,216.3170623779297,220.698131678124,216.1675977622088,220.698131678124,352200.0
2022-08-31,215.09329223632807,217.85833003844803,214.2338922548695,216.485154455648,689000.0
2022-09-01,212.49639892578125,214.83172953634948,210.94575023319635,214.14981698910708,430700.0
2022-09-02,211.8612060546875,217.5687549122092,211.05785171577568,214.61689345725603,876100.0
2022-09-06,213.99102783203125,214.77569553887423,212.4683876301095,213.4772522190765,587300.0
2022-09-07,217.3258819580078,218.08254112221712,212.56181560346013,212.84205815460487,436900.0
2022-09-08,216.8961944580078,218.3907976783873,215.23344000127008,217.2231322310305,537700.0
2022-09-09,219.8013610839844,220.71680686373728,216.9709409941649,216.9709409941649,380400.0
2022-09-12,219.5211181640625,220.8569206796111,218.77380937914103,220.1096261484192,498600.0
2022-09-13,214.1872100830078,218.8765586861168,213.4679384032048,216.9522482374597,577400.0
2022-09-14,217.5313873291016,218.7644488249692,213.14096830547783,213.91629983629247,395600.0
2022-09-15,216.9989624023437,219.3342934349696,215.4856582006661,216.6066284993101,389800.0
2022-09-16,216.82144165039065,217.2604849573672,212.524427509069,216.33568887919225,512100.0
2022-09-19,219.1567840576172,219.20349352433985,215.2894768248674,215.6351012219045,258000.0
2022-09-20,217.475341796875,218.11055918249457,215.58839053107283,218.11055918249457,194400.0
2022-09-21,217.2605133056641,226.5084182791773,217.1764448113317,222.5196832305218,310000.0
2022-09-22,219.98817443847656,224.51872216131247,214.84111018062148,218.4188388893677,530800.0
2022-09-23,215.10269165039065,218.30675923719056,210.74029464902543,217.94244813761665,296000.0
2022-09-26,211.9172821044922,216.52254810923424,211.80519077489785,214.2899721878597,285600.0
2022-09-27,210.0863647460937,214.5328439588781,209.2549875052231,213.1409815933566,325500.0
2022-09-28,210.50672912597656,211.9639732999716,207.1438469908125,210.8056440636976,366300.0
2022-09-29,208.6197967529297,209.89021742453312,205.0514040379371,209.89021742453312,263100.0
2022-09-30,206.91030883789065,210.33857274114555,206.0602450059689,207.51748914427583,265000.0
2022-10-03,212.122787475586,213.8322514810405,208.76925557458188,209.4791910684881,294200.0
2022-10-04,216.8961944580078,216.9615763111209,213.3838476699724,213.3838476699724,304400.0
2022-10-05,217.6621856689453,219.1848260440714,214.6169191724224,215.5603877662774,235100.0
2022-10-06,216.5505828857422,219.0073414401029,216.30769933590545,217.76494362000795,221300.0
2022-10-07,217.54074096679688,217.7088779439399,214.9905494503025,216.3730755575432,410700.0
2022-10-10,219.5771484375,223.3884101450964,218.41883344310568,219.4837437545129,238200.0
2022-10-11,219.2408599853516,221.97787518642448,218.12924020677903,219.65188050049383,339300.0
2022-10-12,211.767807006836,218.0545139127549,211.627692851783,217.5874477242733,344800.0
2022-10-13,215.4669952392578,216.7093931134028,208.5637569750287,209.45117995549504,222300.0
2022-10-14,208.4703521728516,215.5791011995672,205.95753342074823,215.5791011995672,321400.0
2022-10-17,212.9915008544922,216.28898673726312,210.21712677977035,210.80563469068943,234300.0
2022-10-18,222.85598754882807,223.27634430456308,214.69166472716583,215.1493947633436,437500.0
2022-10-19,227.1249237060547,227.3397701410352,221.3333063770171,221.3333063770171,416200.0
2022-10-20,227.0035095214844,229.24543583499425,225.6490203914616,226.4710614651214,460700.0
2022-10-21,233.43032836914065,234.6353528083397,226.1067342916,227.54529181429507,436900.0
2022-10-24,235.47608947753903,242.3793271198574,235.18651072351253,235.3826705390724,777600.0
2022-10-25,236.0646209716797,237.15755424282773,233.8320449554924,234.0749142645041,326000.0
2022-10-26,234.71945190429688,240.0253313429296,234.2617218974121,237.3817206893968,323400.0
2022-10-27,236.94265747070312,239.85714575042184,236.44756848097472,236.59703307319825,337100.0
2022-10-28,240.4082794189453,242.7062654441279,233.9347493039408,238.2317636636213,408600.0
2022-10-31,240.13742065429688,240.98748455120764,237.7273573744859,238.2784920644144,294700.0
2022-11-01,239.92254638671875,242.8930803812016,239.4368078334089,240.61379519478595,292500.0
2022-11-02,237.0641021728516,240.22147401751235,235.8310549060395,238.54003296847023,477100.0
2022-11-03,228.1618194580078,230.8241022749763,216.3263646585966,229.32948485953293,820400.0
2022-11-04,227.8816070556641,231.61813683482225,223.5846063618701,228.54484736310584,361400.0
2022-11-07,228.24591064453125,229.2454391694269,224.43464868448504,227.46124283756777,323100.0
2022-11-08,228.4233856201172,230.4224283071033,226.56445708611167,227.82554147785208,288900.0
2022-11-09,223.0614471435547,228.01235121755303,221.8844455689913,227.84421424421305,287900.0
2022-11-10,228.08709716796875,229.852606762378,224.0890117980503,227.7134499245801,295600.0
2022-11-11,212.5898895263672,222.3235490824713,210.1237801403076,221.3053480138716,790300.0
2022-11-14,206.5553436279297,215.4949971872028,206.5366712433469,212.32828904551613,738700.0
2022-11-15,208.5076904296875,210.4880464724774,205.1167854003536,207.72300841414344,837500.0
2022-11-16,209.18963623046875,210.5721483519802,207.1158609213361,208.6665243063148,519100.0
2022-11-17,209.26431274414065,210.2077811948033,207.2372474516675,208.17137971107783,630800.0
2022-11-18,212.337646484375,214.9532202142813,209.91824684204693,209.91824684204693,949900.0
2022-11-21,217.3632659912109,219.315599246388,211.56229763420805,211.9546315237368,529200.0
2022-11-22,215.23341369628903,219.4276583482041,214.25257198963828,218.50287654930708,430900.0
2022-11-23,213.7401580810547,216.9521755842883,211.04469624300225,214.44454826152315,338400.0
2022-11-25,216.35107421875,216.44499863213213,214.5947994691607,215.4118874083423,115100.0
2022-11-28,214.98927307128903,216.32291672696232,213.37387048422465,214.463330709148,504100.0
2022-11-29,214.15338134765625,217.5626197376032,213.71196239859407,215.280402658321,386400.0
2022-11-30,217.853759765625,217.947669839928,211.373362742927,213.9373384981188,526800.0
2022-12-01,216.8582305908203,219.07471205501443,214.80142349687188,218.82114193231408,343500.0
2022-12-02,226.04345703125,227.0202192632186,215.19586168123524,215.19586168123524,808100.0
2022-12-05,221.49783325195312,223.86458823330943,218.52999923272824,223.32924482586083,386400.0
2022-12-06,221.375732421875,222.0049858737729,219.24377432038105,221.958023666438,432400.0
2022-12-07,220.0702362060547,224.4937975736221,219.99509954974368,221.34751637078693,440700.0
2022-12-08,220.93429565429688,224.2777981826616,219.74152447226143,223.9021148851276,288100.0
2022-12-09,219.1686248779297,223.8363842640034,218.97138935096268,221.13152178475752,189500.0
2022-12-12,221.1127319335937,221.17848188557497,217.703493741229,218.95261385119807,241700.0
2022-12-13,217.8443603515625,223.46069301511287,216.9990980222696,223.46069301511287,409700.0
2022-12-14,219.1874084472656,221.71382309938937,216.42619710748505,218.2576084050377,283100.0
2022-12-15,214.61358642578125,219.8730386281916,213.12966945202365,218.7084417507117,490100.0
2022-12-16,217.2057342529297,219.0371456383636,212.0214191280565,212.979393672304,1081400.0
2022-12-19,215.609115600586,219.4879472504787,214.73566444461224,216.8957969011477,251100.0
2022-12-20,214.88592529296875,218.8680678305312,214.87652425398448,215.83449872499423,220300.0
2022-12-21,216.3979949951172,216.9333239225148,214.557182893574,215.58089288151987,163500.0
2022-12-22,215.1019592285156,215.9472216459252,211.47669747968249,215.4776282293968,185700.0
2022-12-23,216.07872009277344,217.1306047527804,214.8577743519204,215.1301322260816,146800.0
2022-12-27,217.97586059570312,218.9995707665283,216.0411380839849,216.0411380839849,308800.0
2022-12-28,215.3649139404297,218.3797097497732,215.1770794543405,217.3935607842392,162500.0
2022-12-29,216.92398071289065,217.21512633381988,214.43514137508865,215.7406104801561,134200.0
2022-12-30,216.651611328125,217.3466147422745,213.918588540962,217.2057424499453,145300.0
2023-01-03,214.46327209472656,216.77366317280675,213.4301610722675,215.7123776979944,212900.0
2023-01-04,214.28485107421875,215.93781458550663,211.95565762953964,213.26114096207203,624400.0
2023-01-05,213.1484222412109,214.90471114437847,211.11038878804243,214.29423118072165,359900.0
2023-01-06,216.11624145507807,218.5299437030327,212.7257770620037,215.89083149908484,348200.0
2023-01-09,208.08621215820312,215.5433571788072,207.2503365314845,215.5433571788072,531300.0
2023-01-10,210.34967041015625,212.1716951095381,206.7807576756907,209.0723757787955,452500.0
2023-01-11,213.22360229492188,213.48657348234588,209.12874680822048,210.8662483180657,411100.0
2023-01-12,214.5760040283203,216.2665430926234,212.8009415935153,213.2329594855382,286900.0
2023-01-13,209.5043792724609,211.9744304921805,206.90282816012103,210.27450489686413,368500.0
2023-01-17,208.07681274414065,212.4252373468709,205.9542416661704,210.321468346074,282300.0
2023-01-18,205.99185180664065,208.2458944954392,204.8272549632775,208.1331966602553,352500.0
2023-01-19,204.4703521728516,206.94980460172857,203.4748021871182,205.72885896936705,265400.0
2023-01-20,204.836654663086,206.80893842016545,203.2682000358212,205.34380924894813,356600.0
2023-01-23,204.6863555908203,207.5602646546405,204.54546898462493,205.84155124119167,384300.0
2023-01-24,206.7619781494141,206.94042594286185,200.81693803300928,204.28252545238777,373700.0
2023-01-25,203.67205810546875,205.9636762813651,198.8634260844756,205.9636762813651,475000.0
2023-01-26,204.3106842041016,207.31609334107844,203.2400118565808,204.46095752712097,358900.0
2023-01-27,204.9493560791016,207.03435203791727,203.38091575528148,205.20294054189105,244100.0
2023-01-30,203.49362182617188,207.05314816611727,202.65774606693813,206.0294235641172,292800.0
2023-01-31,207.1282501220703,207.3630468215666,203.4278661759256,204.0946807772172,260600.0
2023-02-01,205.080810546875,206.9403962198373,204.04769943364485,206.0951339132686,344300.0
2023-02-02,204.4703521728516,206.2266267968075,201.43676867402465,203.8786599387477,521500.0
2023-02-03,203.77536010742188,205.7288703612017,202.1505709643137,205.07144247071167,362400.0
2023-02-06,208.5088653564453,208.7061008985792,204.3106990318115,204.3106990318115,564400.0
2023-02-07,211.60818481445312,212.49102273776987,205.5786070160275,208.1519841190089,446500.0
2023-02-08,211.97447204589844,212.7164376927122,209.5138070514899,209.90826381412265,377700.0
2023-02-09,207.04373168945312,209.5137976129597,199.0512570070165,207.56028730684,1109000.0
2023-02-10,207.87022399902344,209.57953658740945,206.48961820451555,207.78570062324223,492700.0
2023-02-13,205.6255645751953,210.09608867736304,204.00077538993395,208.43372399403987,509900.0
2023-02-14,203.04278564453125,206.22662815174448,202.9113000728501,205.69128482578043,450400.0
2023-02-15,205.12779235839844,205.9918424944053,201.3240829535074,202.00968530463783,541200.0
2023-02-16,205.6067657470703,208.68729720288152,203.86927882295487,203.86927882295487,302900.0
2023-02-17,210.884994506836,212.14351569083183,205.86974051176009,205.86974051176009,1362000.0
2023-02-21,208.5182647705078,212.9981756477486,207.56967689699823,212.35014877059987,406400.0
2023-02-22,207.3254852294922,210.14304561766195,206.29237402148863,208.88453875035088,338800.0
2023-02-23,205.2476043701172,208.496659949972,203.53807573825125,207.1082552177456,343200.0
2023-02-24,208.4966735839844,208.7894638887905,204.142563538782,204.7659319107097,578900.0
2023-02-27,205.313720703125,209.97006036899936,205.25705347655727,208.78000537565512,425800.0
2023-02-28,203.2547302246093,206.70213559957733,203.18862326095456,205.70096170419112,375100.0
2023-03-01,203.7553100585937,203.9064322781704,201.64909636604847,202.32913194233527,242600.0
2023-03-02,205.44595336914065,205.5687275586912,202.03633585126,202.9336005850585,203600.0
2023-03-03,206.3715209960937,206.6548715045365,204.55809791858823,206.25818655743888,263600.0
2023-03-06,204.79425048828125,207.4671652093856,203.81197050552944,206.248762170831,311000.0
2023-03-07,202.121337890625,205.9748679312277,202.121337890625,205.33260571855664,259100.0
2023-03-08,200.5629272460937,203.53807195307465,198.77783753954373,202.9619311265264,322200.0
2023-03-09,198.3527984619141,203.8214162803211,198.29613123673795,202.12132746600267,333500.0
2023-03-10,196.41661071777344,199.0234040873192,195.4437704608921,197.8522285325221,266800.0
2023-03-13,197.5500030517578,198.26781197562505,192.05305122286973,194.32928101092028,814300.0
2023-03-14,196.78497314453125,199.8545730676624,195.29267360633045,199.061188596094,359900.0
2023-03-15,194.02703857421875,195.50989834406144,191.4958062283017,194.80152914716268,339600.0
2023-03-16,193.866455078125,196.49214212327325,191.8452424373604,193.0447515128021,333000.0
2023-03-17,188.30340576171875,193.3847784218966,187.72726494184056,193.3847784218966,753700.0
2023-03-20,192.0435943603516,193.62089455241048,189.8995931024409,189.8995931024409,376100.0
2023-03-21,194.1214599609375,195.1131795472814,192.60082710502505,193.92312469075213,374300.0
2023-03-22,188.34120178222656,194.6598571987096,188.1239581896656,193.99870109864804,524800.0
2023-03-23,185.80995178222656,188.40730540647408,184.8843534350736,187.65170874251328,412600.0
2023-03-24,188.92677307128903,189.72959720370977,185.12047066914857,185.5171556625941,275500.0
2023-03-27,193.507568359375,193.5547814403712,189.77681260500228,190.89132090557595,548100.0
2023-03-28,195.33990478515625,196.9077510532435,193.214797106006,193.214797106006,450000.0
2023-03-29,197.1910858154297,197.22887357508657,195.1415394141761,196.21825997547543,395500.0
2023-03-30,195.48155212402344,198.3433623420136,194.9904121438705,197.3044151554992,504900.0
2023-03-31,195.5287933349609,197.143867042449,194.7354088769547,196.59605979765283,573400.0
2023-04-03,197.39889526367188,200.4118280762173,195.8971559307872,195.8971559307872,562000.0
2023-04-04,196.7660369873047,198.0505467940881,195.6987563238713,197.14382805502697,554600.0
2023-04-05,196.13327026367188,198.28671150846884,195.7554647047023,195.9349205437368,321100.0
2023-04-06,194.6881866455078,198.0694705351185,194.5748377786565,197.1627516593461,381100.0
2023-04-10,198.0411376953125,199.38232943794088,194.78264215667664,194.78264215667664,373500.0
2023-04-11,197.5594177246093,199.4767356016007,196.9455036028992,199.2028392242332,224700.0
2023-04-12,198.8439178466797,200.5912339716798,197.814424931079,197.899425760043,217400.0
2023-04-13,199.71286010742188,200.6290186361057,197.04939976693743,198.32445550876923,255600.0
2023-04-14,198.296127319336,199.72231971319263,196.9832837853993,198.8250406262735,197000.0
2023-04-17,199.6467742919922,200.3456893259967,198.3622642691905,198.76838901470043,240000.0
2023-04-18,200.2606658935547,202.1213165493129,199.15561182688407,199.71285872676128,222700.0
2023-04-19,199.316162109375,200.47788333025417,199.0044779941527,200.47788333025417,187700.0
2023-04-20,199.94900512695312,199.9584592729481,198.2394764715913,199.3539848133979,150000.0
2023-04-21,197.12496948242188,200.89348406191027,196.2182506472612,200.89348406191027,197900.0
2023-04-24,197.691650390625,198.1261231225341,196.095456344938,197.1060698670926,219300.0
2023-04-25,194.9243011474609,197.36109270661933,194.565389506496,197.0116207992245,190800.0
2023-04-26,188.76622009277344,194.03648853339303,188.6717651038352,193.63980352110656,352300.0
2023-04-27,190.20184326171875,190.97631936919265,188.36007194794792,188.6906499816522,260100.0
2023-04-28,190.46630859375,191.2313450023271,189.9468349793433,190.1073969307404,234500.0
2023-05-01,190.9385528564453,193.677574561316,190.7590970266861,190.82520398870875,348600.0
2023-05-02,185.80995178222656,190.2585165125877,185.1299162258426,190.2585165125877,404900.0
2023-05-03,185.9138336181641,187.897272922115,185.2999194778875,186.7072035750218,333200.0
2023-05-04,182.031967163086,189.99404344362304,178.04620915621513,189.99404344362304,601800.0
2023-05-05,186.5466461181641,187.5572596729529,181.85251880961783,181.95641352635496,444200.0
2023-05-08,183.4487152099609,189.1912294915645,183.325941024499,186.9338937193976,338300.0
2023-05-09,183.68484497070312,185.1960383043773,182.64591216413385,183.67540523664795,456000.0
2023-05-10,187.33058166503903,187.5478252500636,183.70373503374643,184.1854208730907,360500.0
2023-05-11,185.8382568359375,187.29278271259275,184.28929039818087,185.95160568578683,329900.0
2023-05-12,184.4309997558593,187.13224808037685,183.3920525495805,187.13224808037685,266500.0
2023-05-15,186.46163940429688,186.5466402393648,184.0720754064548,184.73321703221623,237600.0
2023-05-16,185.5643920898437,186.6033393216132,185.044918473959,185.79107541635923,223400.0
2023-05-17,189.5406951904297,189.8146060097532,186.59388402297128,186.59388402297128,410400.0
2023-05-18,189.96571350097656,190.40962597087,186.41441374182943,188.7473105391648,391600.0
2023-05-19,189.5028839111328,192.48748224128195,188.71895378197183,191.4390954916576,1175100.0
2023-05-22,192.0058135986328,193.04476078661224,188.6812114207133,189.5406883724337,399100.0
2023-05-23,191.13687133789065,192.5725034378478,189.82402782892515,191.42966159781864,314700.0
2023-05-24,190.83465576171875,192.57251798612185,190.4285166133441,191.45802408519188,277300.0
2023-05-25,188.23077392578125,191.1292519462064,184.857119171594,189.5992289760381,396900.0
2023-05-26,191.29080200195312,192.2316284269632,187.63206157295903,188.28778776304483,372900.0
2023-05-30,192.0130615234375,192.5167323310564,189.8843294963384,190.62558142078885,286400.0
2023-05-31,191.37632751464844,192.5737310083429,188.29727131554927,191.80397058376795,479700.0
2023-06-01,191.2147674560547,192.92533967300068,190.359466846783,192.29813662715983,376300.0
2023-06-02,197.1732940673828,197.5724285583145,191.20525824922527,192.3741531512966,375700.0
2023-06-05,197.4013671875,198.63679169287656,195.92836160419705,198.26616579134344,415600.0
2023-06-06,199.4540863037109,199.663158828202,197.1447905107596,197.42039270249748,302200.0
2023-06-07,203.8730926513672,204.40527199596863,198.09511855135187,199.34004119693023,380000.0
2023-06-08,205.7547149658203,207.50332274935928,203.12232701872017,203.5404575422289,394700.0
2023-06-09,204.61436462402344,206.8476329867829,203.68305067948592,206.22991336477665,359900.0
2023-06-12,203.5975036621093,205.53615904810056,202.514134431538,204.4718003656583,261300.0
2023-06-13,205.80224609375,206.11585488028376,201.39274153598924,202.656674705668,323000.0
2023-06-14,204.6238555908203,208.08303580688155,204.02514658200988,207.4273096545272,241400.0
2023-06-15,207.7314300537109,208.2351008812628,205.1845673408677,205.1845673408677,248600.0
2023-06-16,210.1927490234375,210.73444090520124,207.7219142228869,207.7219142228869,420000.0
2023-06-20,207.61737060546875,210.5158628945996,207.0851912672938,210.5158628945996,333200.0
2023-06-21,208.7672576904297,208.85279790722527,206.5245060222683,207.6173732843503,211400.0
2023-06-22,207.12319946289065,208.7577585860858,205.48864033969545,208.0640258363761,237600.0
2023-06-23,206.1824188232422,207.0472031350584,205.13705602768192,206.74310682231464,499400.0
2023-06-26,207.721908569336,207.8929600005217,201.4687722929769,204.8519248283348,259700.0
2023-06-27,210.1927490234375,210.33530638743844,206.153870223676,207.0186689292287,178900.0
2023-06-28,209.47048950195312,210.21174132786507,207.79792388209,210.21174132786507,238400.0
2023-06-29,215.6856231689453,215.7996574519124,209.05234869424785,209.05234869424785,299300.0
2023-06-30,216.29383850097656,216.9020455348656,213.66143586175085,214.77331366585423,305000.0
2023-07-03,217.3866729736328,218.57457829042863,214.29811914996367,214.7352746868954,151600.0
2023-07-05,216.369873046875,217.11113949023687,214.4882346158204,216.5029323963201,239700.0
2023-07-06,214.67828369140625,216.293846828726,214.1556168537088,215.5430824059385,266100.0
2023-07-07,213.1102294921875,215.9231958694033,212.4450053660616,214.0415432687637,504100.0
2023-07-10,216.5504302978516,216.61695997050887,213.49989689834845,213.49989689834845,212200.0
2023-07-11,219.4964141845703,220.4752470956639,215.4575357356196,216.91153081717795,222500.0
2023-07-12,218.1849670410156,220.4942627837332,217.3296809145567,220.4942627837332,190000.0
2023-07-13,216.9400634765625,218.2895224504318,215.7236493451648,217.2631703081649,212600.0
2023-07-14,217.006591796875,217.0445983941444,214.5832615733464,216.13228055087708,233800.0
2023-07-17,221.5015869140625,223.2311695787988,217.0825702718516,217.55773241612383,282100.0
2023-07-18,218.19448852539065,223.6018221927401,216.52190829716056,221.51111140825213,272400.0
2023-07-19,218.08042907714844,218.90722112711785,216.0467355360632,218.05192050654247,308400.0
2023-07-20,221.30203247070312,221.78670718225592,218.4795679181045,219.59146019707904,213200.0
2023-07-21,220.066650390625,221.99580795648995,219.0402981953548,221.37808833391384,202000.0
2023-07-24,219.7340240478516,221.3590707632225,219.0877958709692,220.1996882561816,148900.0
2023-07-25,220.0856170654297,220.4182363947919,215.086916106392,217.5292421935176,163000.0
2023-07-26,222.8130798339844,223.90594716542088,219.5629574118817,220.4372686779916,246400.0
2023-07-27,219.1352996826172,222.081311119802,216.7975097815527,222.081311119802,288100.0
2023-07-28,219.0022735595703,221.13100561548367,216.97809227731065,221.13100561548367,220600.0
2023-07-31,218.26101684570312,219.6865035347731,216.10377626268647,219.6865035347731,305400.0
2023-08-01,218.54611206054688,220.1711587282878,217.26316826955127,218.1944966589141,220300.0
2023-08-02,216.50294494628903,219.0783163445031,216.31286843652123,218.48911976646767,331400.0
2023-08-03,215.02040100097656,223.77289540969352,207.65538664486056,218.08044683545265,589500.0
2023-08-04,215.5715789794922,216.99706555015663,214.56423745635053,216.1607899559104,360100.0
2023-08-07,219.08778381347656,220.9789346158141,216.293842219663,216.293842219663,232300.0
2023-08-08,214.7923126220703,218.67913571482768,213.64241378370704,216.9970575631322,217300.0
2023-08-09,216.35086059570312,217.4627384252512,213.77547504121856,215.1914636450702,187700.0
2023-08-10,213.52838134765625,216.17977991406164,212.8726552234918,215.45753862555523,186000.0
2023-08-11,215.609619140625,215.96123455222505,212.2644729654445,214.1746199187536,190900.0
2023-08-14,216.3793792724609,216.9400672253659,214.26015978047067,215.8661959420594,212800.0
2023-08-15,211.71327209472656,216.7880009925784,211.5612167080764,215.4860611837856,258900.0
2023-08-16,212.6160888671875,214.2791566838548,211.33315953766737,211.33315953766737,182200.0
2023-08-17,209.365966796875,213.92752682908343,209.0808665759621,213.49988374811383,369900.0
2023-08-18,208.5391845703125,211.5422130956674,207.94047556978688,208.8622913797901,464200.0
2023-08-21,208.98585510253903,209.91716901143823,207.49383874264103,208.70075486489228,239600.0
2023-08-22,209.6605834960937,210.6109079822525,208.6437438363203,209.3564872009394,133200.0
2023-08-23,209.28042602539065,210.04068839286603,207.987984350922,210.04068839286603,166300.0
2023-08-24,208.448974609375,211.23008174696048,208.0571317653347,208.50631461915413,142600.0
2023-08-25,208.8695068359375,209.9112226646684,207.45506632615096,209.9112226646684,121100.0
2023-08-28,209.26133728027344,210.7331177176933,208.45853336785925,208.88861262136817,160500.0
2023-08-29,209.31866455078125,209.77739919930025,206.95807032709925,208.6878952947479,158900.0
2023-08-30,211.0293884277344,211.6028177220498,209.5289379541724,209.72962799914384,189500.0
2023-08-31,210.56109619140625,212.74965592529148,210.5419779933404,211.3447673171568,161000.0
2023-09-01,211.07716369628903,212.26224402655063,210.5133008272816,211.8608347953837,127800.0
2023-09-05,207.50282287597656,211.00070933831825,207.50282287597656,211.00070933831825,182800.0
2023-09-06,199.9336395263672,207.3212408737636,199.8380777013331,206.76694437299363,326000.0
2023-09-07,200.1056671142578,201.319402871647,198.9397049762512,200.2490171382292,420600.0
2023-09-08,201.50099182128903,201.64435642997285,199.51312216075303,200.10566962740427,170300.0
2023-09-11,201.74948120117188,202.53315230020723,199.1403941133433,201.26206195603967,141600.0
2023-09-12,201.9884033203125,203.507971866804,200.73641661735164,200.73641661735164,127900.0
2023-09-13,200.23947143554688,203.28817509018523,199.8094067676097,202.6860758053258,211500.0
2023-09-14,203.4984130859375,203.5557676791009,200.1152212348966,200.2968076559674,179300.0
2023-09-15,202.27511596679688,204.7026167359772,202.217775955116,203.2021517100704,344600.0
2023-09-18,202.8772125244141,204.36811113969733,201.22384568391783,202.64783789786577,178300.0
2023-09-19,199.66603088378903,203.30726722721548,199.3506462563309,203.1925872110167,261300.0
2023-09-20,196.47398376464844,200.9084577243235,196.40707736441763,200.9084577243235,539200.0
2023-09-21,193.53042602539065,196.04393696573413,190.730215009118,195.59475406956065,566500.0
2023-09-22,192.17330932617188,194.3905390295945,191.17936720370733,193.26281327158472,241100.0
2023-09-25,192.4122314453125,193.39660715538065,190.73019465341912,191.6667821616281,174400.0
2023-09-26,191.5329742431641,193.3488091585262,191.17935323365043,191.78145246416707,214400.0
2023-09-27,194.1898803710937,194.2089985719374,191.590359207104,192.2784686083316,210600.0
2023-09-28,195.97702026367188,197.67817534507628,194.9257526803626,195.48004918664768,340800.0
2023-09-29,195.5182647705078,197.6877206919117,195.0595301390398,196.5982168278558,189400.0
2023-10-02,193.0621337890625,195.9005813343183,192.81365551755064,195.2889301727465,260400.0
2023-10-03,193.2628326416016,193.81714376874177,191.55211105246107,192.5173832664956,230700.0
2023-10-04,192.71804809570312,194.4956612766278,190.78753308616908,192.7276144857429,251100.0
2023-10-05,191.41827392578125,193.6546361796001,191.39917031290588,192.7467041661492,167200.0
2023-10-06,193.5495147705078,194.7441468481254,190.2905549628684,190.75885598714245,238800.0
2023-10-09,211.6314697265625,211.9659579673668,199.5609022295696,199.5609022295696,665200.0
2023-10-10,209.6244964599609,212.99813660297647,208.8790471389096,212.59674193648053,324400.0
2023-10-11,210.5419921875,211.36389976479288,208.89817703291425,209.8156464411541,222700.0
2023-10-12,209.11795043945312,211.18227813837865,207.70351016407568,211.0102435386794,220800.0
2023-10-13,214.871322631836,215.3396236928845,210.1788039625643,211.97553541492528,266000.0
2023-10-16,215.18670654296875,215.92258945836863,212.74010219747177,215.34917476778088,254300.0
2023-10-17,213.0841522216797,216.05639757291044,211.88952008023503,214.4985925939348,278100.0
2023-10-18,213.1319274902344,215.21537354414983,212.03287174476552,213.6958049483726,259900.0
2023-10-19,211.52633666992188,214.8139664921169,211.210952050395,212.701850555132,285800.0
2023-10-20,209.38555908203125,213.16059369431204,209.30910087580108,212.5776126318547,406600.0
2023-10-23,206.7573699951172,210.76177925703297,206.54711357208737,209.6627235226685,177800.0
2023-10-24,204.83642578125,209.15622007872165,203.16394063192524,208.4872143526612,176300.0
2023-10-25,205.53407287597656,208.27694366676133,205.2186882337224,206.1648421604849,213500.0
2023-10-26,208.37252807617188,208.84082915379176,205.05622788430136,205.868583622784,294900.0
2023-10-27,203.67999267578125,208.487191146122,203.58443085620465,207.26388902541373,297800.0
2023-10-30,207.72265625,208.65924382727897,204.15786320576723,204.67395249124647,270800.0
2023-10-31,210.083236694336,211.51679526290027,207.67485421593256,208.0093424655172,291300.0
2023-11-01,211.201400756836,211.92773181444667,208.84080659096207,211.92773181444667,327500.0
2023-11-02,223.4917907714844,223.8071608293904,215.3300556716636,218.72281392940928,505400.0
2023-11-03,223.59689331054688,225.81412276621884,222.35447308774883,224.85841714605272,342500.0
2023-11-06,224.16075134277344,225.01132874325288,222.6220647438264,223.6255585401676,348400.0
2023-11-07,221.95309448242188,224.0843140858612,220.74889598111423,224.0843140858612,216600.0
2023-11-08,218.3978729248047,222.8705686476512,217.41349721017195,222.71765223415764,195100.0
2023-11-09,218.03469848632807,219.81231167712045,216.33354350172075,219.0286260009088,216200.0
2023-11-10,219.7454071044922,220.4335163829639,217.4995074336544,218.6367995628761,197400.0
2023-11-13,223.0234832763672,224.29457361040025,220.0130161472285,220.0512379588401,307400.0
2023-11-14,225.47007751464844,226.37799497489465,222.9278969596301,223.63512439774448,268200.0
2023-11-15,224.4952850341797,226.69341127555964,223.7880720801353,224.8966943003671,329100.0
2023-11-16,224.17990112304688,227.1330283425104,223.0139389604197,224.59084758905024,184600.0
2023-11-17,226.2633209228516,227.33370662351564,224.0460767338629,226.06261631252133,721500.0
2023-11-20,228.9488525390625,229.8089964089676,225.8619272465989,227.1712393740858,216200.0
2023-11-21,228.6812744140625,228.9202008554499,227.0087893243508,228.54747619020208,142400.0
2023-11-22,228.77735900878903,230.11304611792,227.970184352028,227.970184352028,188300.0
2023-11-24,229.0271759033203,231.0451270431117,228.90226545209828,229.0271759033203,100100.0
2023-11-27,227.21104431152344,228.4218209593787,225.0297372783482,228.4218209593787,239900.0
2023-11-28,227.4320526123047,228.54673075188333,226.5960513389073,228.04705958247763,194000.0
2023-11-29,224.61656188964844,228.91190437451203,224.03039615767943,227.7972261526408,257600.0
2023-11-30,227.7587738037109,227.8740802768373,224.6357630809065,224.8952026454408,332100.0
2023-12-01,229.4115600585937,230.11303218240016,226.47111313691025,227.78759219537383,228400.0
2023-12-04,233.1207427978516,233.1687773862049,228.4602440469025,228.4602440469025,308500.0
2023-12-05,231.0835876464844,232.6210758252332,230.497421927876,232.37124022778048,231000.0
2023-12-06,234.0720672607422,234.139339149365,231.47756881345748,231.47756881345748,183600.0
2023-12-07,235.60955810546875,235.7344832357188,233.9471594561305,234.65823564352573,206900.0
2023-12-08,237.24313354492188,237.5890676576402,235.3308846075936,235.9747182400041,236000.0
2023-12-11,240.5967712402344,240.7793496132618,237.05095026428845,237.5890667347436,415600.0
2023-12-12,244.5365447998047,246.0836368816612,240.0105896921405,240.5198795082883,432900.0
2023-12-13,247.5250244140625,248.45712418210343,243.34500342974795,244.5365427651275,345000.0
2023-12-14,245.8338165283203,247.7460654506336,242.4033020489188,247.7268281534556,466400.0
2023-12-15,243.6429138183593,246.97731524014503,243.6429138183593,244.70954280590075,1256500.0
2023-12-18,245.05545043945312,245.33411263915167,243.5371849939291,243.76779794193533,261400.0
2023-12-19,246.9676818847656,247.08298835067453,244.50769819899057,245.70885609411488,203400.0
2023-12-20,242.566650390625,247.0926349658449,242.50899715114488,246.0259913851683,206700.0
2023-12-21,244.0945281982422,244.6999018596049,242.43211496942973,244.06570157925225,108500.0
2023-12-22,246.0836181640625,246.86196613849808,244.9112868787784,245.4301953034501,133600.0
2023-12-26,247.75564575195312,248.0247039763153,245.85303021008747,246.16053370225768,79200.0
2023-12-27,248.2168731689453,248.60123782850323,246.785102348906,247.0445418959502,108300.0
2023-12-28,248.37063598632807,249.1970185750144,247.64994122055265,247.7364210734283,117400.0
2023-12-29,249.4949645996093,249.8408840553068,247.82293258829188,248.370667718295,168200.0
2024-01-02,249.9465484619141,251.2053890080961,248.8799342483484,248.95679545624887,173100.0
2024-01-03,246.28543090820312,249.84087040947367,246.23739631702944,249.84087040947367,276000.0
2024-01-04,246.30465698242188,248.93758588195672,245.9683268840885,247.46736969223272,223600.0
2024-01-05,242.6339111328125,244.94012858152087,238.9343387019959,244.94012858152087,637100.0
2024-01-08,245.38218688964844,245.44944411881124,240.231620362572,241.0387950879723,265600.0
2024-01-09,243.34500122070312,244.27710098028265,242.6531330556014,244.27710098028265,128000.0
2024-01-10,242.9413909912109,245.0265992751261,242.5089624318723,243.22965714734133,155100.0
2024-01-11,240.8369903564453,242.42251306479625,239.05927063641383,242.42251306479625,190500.0
2024-01-12,244.728744506836,244.8248430181452,241.90363302277817,243.37384933785003,204800.0
2024-01-16,245.209213256836,246.1221051470967,242.4225323170412,244.0465004217268,214200.0
2024-01-17,244.85366821289065,248.284182703127,243.75821263818665,243.75821263818665,205600.0
2024-01-18,250.02346801757807,250.12915585635272,244.43086875767165,245.67047215191164,308000.0
2024-01-19,246.2181854248047,250.945926955926,245.3821694747249,250.945926955926,287500.0
2024-01-22,246.737060546875,249.1874404557652,245.92988589193416,247.06377200303103,234700.0
2024-01-23,245.8145751953125,248.0343127895708,244.5941945858341,246.9484612869392,175600.0
2024-01-24,243.7293701171875,247.82291127927667,243.1047738257848,245.99715699473563,280700.0
2024-01-25,244.45968627929688,244.6903139089032,241.9228410039248,244.2290733122648,261100.0
2024-01-26,245.6608428955078,246.6794225940341,244.1617999684258,245.4878831712633,387200.0
2024-01-29,248.4859619140625,248.4859619140625,245.72810775310285,246.3142587990948,374100.0
2024-01-30,250.1483764648437,250.43664266513213,247.4001116131216,248.4859631761205,306700.0
2024-01-31,248.80308532714844,252.72365227689625,247.8998121326945,251.0035857480768,443800.0
2024-02-01,257.345703125,258.0183633514918,244.2578899292853,253.6845757975696,778000.0
2024-02-02,258.0086975097656,258.80625339230136,253.06952252047523,255.6832430872484,324200.0
2024-02-05,255.53916931152344,257.3072704985681,252.7332804392032,255.8658807925389,247600.0
2024-02-06,255.8177947998047,257.07660587746955,254.6646715366089,255.3949848916424,392800.0
2024-02-07,264.0048828125,265.0715262567343,255.8946624780673,256.2021659327244,472900.0
2024-02-08,261.4969482421875,264.62957819718923,259.6135404044358,263.8319927340336,260600.0
2024-02-09,263.19775390625,263.60135592616075,260.4206916608439,262.06386771124403,197000.0
2024-02-12,264.9658203125,265.92674665505655,263.27460989069885,263.27460989069885,160300.0
2024-02-13,264.3604431152344,266.2822958809739,262.7076778888385,263.6974308901885,312900.0
2024-02-14,269.3572692871094,269.7416339713052,265.68652350397605,266.1093334541352,264500.0
2024-02-15,273.8543701171875,273.9792952251378,270.35661372029347,270.3662030419601,300900.0
2024-02-16,273.95050048828125,276.102966213766,272.2688793089597,273.51810120868623,263200.0
2024-02-20,273.6718139648437,276.7467900285524,273.45081967145546,274.3540927904769,255800.0
2024-02-21,276.8717346191406,277.4002324210983,274.0466085928952,274.70965016998224,234900.0
2024-02-22,277.3157653808594,277.7501244358439,274.61295916492963,277.47021397531745,199900.0
2024-02-23,278.13623046875,279.4489991921008,277.3543253385126,277.8852478477342,181400.0
2024-02-26,278.31964111328125,279.8158453237382,276.99720998540755,278.7154101189612,218700.0
2024-02-27,279.4393615722656,279.6227674333137,275.8678373192413,277.798400523489,201800.0
2024-02-28,281.71746826171875,282.65379268314206,279.7869048738818,279.93169123635766,257800.0
2024-02-29,281.4953918457031,282.6923315026357,279.9895550327705,282.1517762086626,314800.0
2024-03-01,282.3062744140625,282.73100071371283,277.7018913641076,280.6556509747291,184300.0
2024-03-04,286.1383972167969,287.83730213824543,282.4317196720446,282.4317196720446,226200.0
2024-03-05,281.2154846191406,289.10184850655764,279.0243059215041,287.20990475790944,395600.0
2024-03-06,283.7831115722656,285.4723542735411,280.3177543657585,281.7753389231509,268600.0
2024-03-07,281.71746826171875,284.17892479798707,281.321699232245,283.0688567415927,273100.0
2024-03-08,283.1364440917969,283.2040208828262,280.8487311051622,281.15759887061245,207700.0
2024-03-11,278.51275634765625,282.2001398905724,277.2675345784182,282.2001398905724,225200.0
2024-03-12,280.08612060546875,280.59771868978555,275.92575914706697,277.8080406460934,202500.0
2024-03-13,279.8351745605469,281.30242167961603,278.1169742169485,280.3081826514337,231100.0
2024-03-14,276.9102783203125,279.9316139008757,275.52027070843644,278.5802257943438,243500.0
2024-03-15,278.9856872558594,279.5262426142588,274.81569298507213,274.8929025542473,692900.0
2024-03-18,280.50115966796875,281.9394197385259,278.75400243413407,279.3717967606892,228000.0
2024-03-19,280.5977478027344,282.8275462372432,279.2270347877513,281.4568332222601,289200.0
2024-03-20,282.0552978515625,284.1016901487624,280.5977131958153,280.5977131958153,216800.0
2024-03-21,283.7251892089844,284.57464165719443,281.73671164069907,282.61512135609564,229800.0
2024-03-22,282.3930969238281,284.55534756034274,280.9837941527283,284.55534756034274,216800.0
2024-03-25,280.7038879394531,283.87967276985376,280.44327250265815,283.87967276985376,193400.0
2024-03-26,279.8061828613281,284.0244588935492,279.5166101540127,280.72321219792303,401900.0
2024-03-27,279.6903381347656,282.6923497122382,278.8312233876858,281.4761149514823,754200.0
2024-03-28,281.3505859375,282.99157618879855,279.52618985371333,279.74821519252845,435000.0
2024-04-01,277.614990234375,281.8332660550842,277.315755299134,281.8332660550842,310200.0
2024-04-02,277.489501953125,279.0339584004106,276.6400494342151,277.75011737949467,285000.0
2024-04-03,276.4469909667969,278.81191303576105,274.92182965591945,277.29641396674185,251100.0
2024-04-04,276.273193359375,279.2173194332952,274.3715877396741,278.5705679053951,331200.0
2024-04-05,276.147705078125,277.8948916092442,275.0665945641887,275.4237439884656,199300.0
2024-04-08,275.7616271972656,277.5763612315512,275.2596913942303,277.0261436759966,358500.0
2024-04-09,265.9350891113281,275.0666450844628,264.02382087869444,273.724918936719,542700.0
2024-04-10,265.5971984863281,267.62429552529,263.6376782222108,263.6376782222108,417800.0
2024-04-11,266.7169494628906,267.82701738182726,263.5604893195374,265.41381344585375,300700.0
2024-04-12,266.1473999023437,269.8540770981923,265.790250482715,265.790250482715,402100.0
2024-04-15,265.4524230957031,270.94487740658224,265.3462562663311,269.8058522610502,340100.0
2024-04-16,264.4871826171875,266.5046178109427,263.24196099091563,266.5046178109427,245400.0
2024-04-17,261.8036804199219,266.60113121785463,261.3403346404916,266.5818361904831,285200.0
2024-04-18,259.5062866210937,264.07207892677525,259.23600896723434,262.4310885195937,274100.0
2024-04-19,262.2284240722656,263.1550862345068,260.43298483373565,260.7708393125081,346600.0
2024-04-22,264.96014404296875,265.98334020968645,261.78438870384366,263.3867302796036,308200.0
2024-04-23,264.9408264160156,268.20348274625127,264.47748067024764,266.6493641430673,243500.0
2024-04-24,266.2632751464844,266.8327877600894,263.319178026073,265.2014594863492,518200.0
2024-04-25,266.3984680175781,267.43129710213645,263.72461871644043,265.16290855567945,336000.0
2024-04-26,267.35406494140625,269.25567100694843,263.66668189726926,265.42350160412724,259200.0
2024-04-29,268.8791809082031,270.9159404252041,268.0297578354572,268.6475227481867,318200.0
2024-04-30,267.3154296875,269.7962104997751,266.2053617255345,268.1552199764821,357000.0
2024-05-01,267.4409484863281,269.5162982733142,266.7845639927989,268.63788838135895,583100.0
2024-05-02,236.67739868164065,254.0717625690785,233.7815538715954,253.19335277506465,1496800.0
2024-05-03,237.6812896728516,239.84352580869032,235.19086132048324,237.7681762128977,531000.0
2024-05-06,238.02877807617188,241.05976160744945,236.6677275317089,238.42454705361624,388500.0
2024-05-07,239.9400634765625,241.6582636113665,238.4245642371858,238.4245642371858,450500.0
2024-05-08,238.34732055664065,240.7894817202917,238.03843811714552,239.57323225954548,349000.0
2024-05-09,242.25672912597656,242.4401349902517,238.37629289303248,238.37629289303248,223500.0
2024-05-10,243.2799072265625,243.54053736850284,240.6253829710634,242.9130955252411,180400.0
2024-05-13,245.11395263671875,247.0831353732257,244.33207688773425,244.4672157242373,276000.0
2024-05-14,242.7779693603516,245.8379102578957,240.9535877296697,245.43249375430293,297300.0
2024-05-15,242.89382934570312,244.13903620903,241.85132338315933,243.1641070327668,189000.0
2024-05-16,247.2665405273437,248.3379889736005,243.1254741759597,243.1254741759597,290300.0
2024-05-17,246.7259979248047,248.90751444260124,245.6738297224632,248.06772411258515,272700.0
2024-05-20,246.71632385253903,248.3283571072769,245.4324975401776,248.06771221869408,190000.0
2024-05-21,244.9498748779297,248.9750977335238,244.4479390070516,247.48858514967185,311000.0
2024-05-22,245.654525756836,245.9730704601909,243.6660332393144,244.29347513223613,213100.0
2024-05-23,244.1004180908203,245.0946569701493,242.0540110632162,245.0946569701493,184900.0
2024-05-24,247.3051605224609,247.5271564398354,243.1447844066496,245.7896613232509,226900.0
2024-05-28,243.97491455078125,248.8978564036544,243.1737290876416,248.8978564036544,259700.0
2024-05-29,239.67941284179688,243.7721972048245,239.6021885499814,243.7721972048245,235400.0
2024-05-30,242.498046875,243.8590974780041,239.49602048328865,240.1041526099561,189200.0
2024-05-31,245.5836181640625,245.74856784562743,241.58596099058943,242.2457745224933,347000.0
2024-06-03,242.9443817138672,248.10638410165137,242.40101459995765,247.6018225791739,196500.0
2024-06-04,243.02200317382807,244.43863672217384,241.47921074015963,241.9158587680835,202200.0
2024-06-05,244.0893402099609,244.4677576635524,241.00378478923807,242.96378554597084,188600.0
2024-06-06,243.1869659423828,245.88440621405675,242.99289356145573,243.53627550015,221900.0
2024-06-07,241.80914306640625,243.0414168388328,241.2075453228641,242.7697332665148,217300.0
2024-06-10,240.5768585205078,241.67330533079647,240.14022525808176,241.65389513083588,170300.0
2024-06-11,237.2875213623047,239.12139281987743,236.6762259412325,238.98555103804404,255900.0
2024-06-12,236.0649261474609,239.44159004301923,234.92967381910108,237.8211863877204,222700.0
2024-06-13,233.1249084472656,235.80295322640416,232.03817422132155,234.958779856368,281200.0
2024-06-14,231.3783721923828,232.9308475205403,227.62329093787488,231.2619258086797,303000.0
2024-06-17,234.84234619140625,236.17165606709844,231.01935143039955,231.22312149877644,313100.0
2024-06-18,238.62652587890625,238.92733214000967,234.5027395771584,234.5803655665744,269800.0
2024-06-20,240.0140686035156,241.1493209486576,236.47246978676435,237.66593792309664,306400.0
2024-06-21,241.51803588867188,242.25546057179696,236.9479038979148,240.0819773082508,877700.0
2024-06-24,243.7400360107422,245.9135193953004,241.33368945309712,242.1584526728313,338400.0
2024-06-25,244.050537109375,244.5162782557103,241.518046492358,243.5071699710432,239300.0
2024-06-26,242.1487274169922,244.49685805769704,241.41130273164768,243.51685770939983,209300.0
2024-06-27,240.55743408203125,243.37132068399703,240.11110314886528,243.01229863137507,387000.0
2024-06-28,239.01466369628903,243.05112644497345,238.1996129890482,241.6150678019558,367500.0
2024-07-01,239.46096801757807,241.7120771175373,238.41305425658183,240.59623506900184,170900.0
2024-07-02,240.1305084228516,241.4016025929199,237.24870821493047,238.8788244523937,192500.0
2024-07-03,238.8108825683593,241.64416451886405,238.8108825683593,239.84911350660403,118200.0
2024-07-05,235.8514709472656,238.4906805195831,234.6579880342552,238.4906805195831,309200.0
2024-07-08,235.7835388183593,239.04375624362908,235.77384112210208,236.49185559186327,201300.0
2024-07-09,234.7453155517578,236.48216560524065,233.85263888076096,235.8514747981632,333600.0
2024-07-10,239.3542633056641,239.6162491806564,235.2207791271963,235.3566209131841,194100.0
2024-07-11,244.2251892089844,244.6909303643243,240.0917049933481,240.0917049933481,195100.0
2024-07-12,243.48776245117188,246.5733179373597,243.39072625869727,246.5733179373597,228700.0
2024-07-15,247.93174743652344,249.98879920668136,243.72062251061664,244.3998462379734,270400.0
2024-07-16,259.51715087890625,261.05992861277366,248.65946133766693,248.65946133766693,449900.0
2024-07-17,259.2066650390625,260.8464492809015,258.2848656738306,260.1866505833076,266900.0
2024-07-18,259.2745666503906,263.1460944168313,258.7118041340328,258.7118041340328,240700.0
2024-07-19,255.5971527099609,260.6815294310246,254.9761447625972,260.6815294310246,367500.0
2024-07-22,258.2266540527344,258.30426523729204,255.0537453737089,256.3442645058696,208700.0
2024-07-23,258.7699890136719,263.34010572568786,258.5856291605646,259.28424817989634,282400.0
2024-07-24,257.4212951660156,260.27398748068185,255.9949490086825,259.44925387246826,329800.0
2024-07-25,265.8143920898437,267.832608339617,259.9925768627148,259.9925768627148,316800.0
2024-07-26,267.8326416015625,269.42395217468425,265.2807408722802,266.3869001162239,297100.0
2024-07-29,269.1231384277344,270.43305297439906,268.09461995080665,268.773843674644,309200.0
2024-07-30,271.451904296875,272.51921362293973,268.482780278328,269.74416199710794,307500.0
2024-07-31,271.66534423828125,274.4501080816936,269.0649106543776,271.1510850227168,301900.0
2024-08-01,259.07080078125,277.32219078199245,253.02580476962447,274.78971514507623,623600.0
2024-08-02,255.5292205810547,260.9726044851068,252.9676072535325,257.8288332297735,344800.0
2024-08-05,248.4266052246093,253.2296155526029,245.1954953772287,250.95911073194995,392700.0
2024-08-06,248.93115234375,252.9288244456705,248.2713535972221,249.00879314409988,316000.0
2024-08-07,245.9135131835937,251.53157398271307,245.73885100254623,249.8238317931101,306800.0
2024-08-08,248.9408569335937,251.531578156892,246.35015051593965,246.35015051593965,200900.0
2024-08-09,251.7256317138672,253.394553604372,249.474522259458,249.474522259458,185000.0
2024-08-12,255.8979034423828,257.4406809511904,250.44477821082347,252.1428076817561,374700.0
2024-08-13,254.9664001464844,257.90641580088,252.78321932555835,257.13018557573145,176900.0
2024-08-14,258.7117919921875,260.1769584222082,254.6850420463665,254.78204861921915,298600.0
2024-08-15,261.6227111816406,263.0199493821615,257.85793211975323,260.5844802278268,278200.0
2024-08-16,262.5347900390625,263.4274518774753,260.2157525370014,261.89438674909525,208500.0
2024-08-19,262.85498046875,264.8635140495429,261.03080675931216,262.1757863843825,185600.0
2024-08-20,267.0564270019531,267.308685572264,260.8561784375383,262.5444956866102,305900.0
2024-08-21,263.37896728515625,267.7453294356246,260.8561743426279,267.7453294356246,226500.0
2024-08-22,264.029052734375,264.8053126589453,260.914389367374,263.4760027015236,177000.0
2024-08-23,266.3578186035156,267.26990556161496,264.0387808069275,264.8926519686622,157100.0
2024-08-26,268.6185913085937,269.7344334722025,266.0472951199419,267.61918072918235,126400.0
2024-08-27,268.6864929199219,270.42334284181425,266.4450963128514,268.54095345412867,184500.0
2024-08-28,271.7332458496094,272.2475050707208,269.00669776637704,269.00669776637704,214800.0
2024-08-29,274.4598083496094,276.95349340296,270.4427705571699,273.74179382502143,187600.0
2024-08-30,275.6393127441406,277.3062126968706,272.19833076119755,274.6255600834501,384000.0
2024-09-03,268.5039367675781,275.8245354380469,267.5388815575561,275.2201748558575,211000.0
2024-09-04,267.3536682128906,269.9953510230761,265.9792208932469,268.06527036714897,252400.0
2024-09-05,264.0978698730469,267.66557812617987,262.6649381135755,267.66557812617987,280600.0
2024-09-06,262.4212341308594,269.2544701635259,261.50493604167417,264.6144951372696,203900.0
2024-09-09,260.98834228515625,263.95169038260457,260.73491898101366,262.77221150175603,287400.0
2024-09-10,254.2915496826172,261.8753576449992,253.31676701522616,261.77787342865884,473300.0
2024-09-11,251.12353515625,254.8082128766713,247.12693468054684,254.4377906603945,374600.0
2024-09-12,251.7668914794922,253.27779286678992,249.27144997969185,251.05528935140487,322200.0
2024-09-13,254.95440673828125,255.4125558034056,250.51915729242387,252.51744995528105,350600.0
2024-09-16,258.5221252441406,260.8518702997048,255.4905651654538,258.0054915756695,360700.0
2024-09-17,258.7170715332031,261.4952080871366,255.77323858456143,256.065661485815,387400.0
2024-09-18,262.23602294921875,263.7956811694824,258.288165038307,261.212513045799,373200.0
2024-09-19,261.27099609375,265.5015492833488,261.046785371875,265.1408844575544,360200.0
2024-09-20,260.7641296386719,263.2595709712362,259.72110500998093,261.2320062960232,2262400.0
2024-09-23,261.3684997558594,263.5227612729152,260.8615936944286,261.115046725144,272900.0
2024-09-24,250.8311004638672,260.5301708265391,249.8563177290454,260.5301708265391,563500.0
2024-09-25,250.53863525390625,255.49054795781768,250.12924318465784,252.3809888095444,390100.0
2024-09-26,253.7944183349609,254.3695663262449,250.57764721209395,250.7823432567833,398000.0
2024-09-27,256.43609619140625,257.29390974101284,250.09025119202795,253.7749286679233,233400.0
2024-09-30,257.71307373046875,258.4636457547791,254.9056945905926,256.4361106804293,245900.0
2024-10-01,257.97625732421875,260.7933938434347,253.04385882680447,257.527865573911,349300.0
2024-10-02,254.9251708984375,260.07202256446993,254.5742633918484,258.4539093978533,239000.0
2024-10-03,250.95782470703125,254.4475337769756,250.37294912183168,254.4475337769756,275700.0
2024-10-04,251.786361694336,253.0730820090164,249.3981619074293,252.302995339896,247600.0
2024-10-07,249.9148101806641,252.35176709443448,249.21296539957785,250.6946244938669,184900.0
2024-10-08,251.4062042236328,252.87813558777543,248.9400052365367,251.49393109495168,267900.0
2024-10-09,251.57192993164065,253.2388299249347,249.9245743809277,250.71414606279964,167900.0
2024-10-10,246.47381591796875,247.3413719410503,241.0247692262504,242.84762302117747,351600.0
2024-10-11,252.8488922119141,253.05358824411263,246.6590014053737,246.6590014053737,227800.0
2024-10-14,254.26231384277344,255.27609617202,251.45493492978724,253.19980427812365,179700.0
2024-10-15,252.79039001464844,255.91946396845148,249.6905881005707,254.8471970254664,302400.0
2024-10-16,254.0868682861328,255.13962053842604,252.5954519090461,252.7124210761889,246700.0
2024-10-17,255.2663726806641,255.3638569124064,252.0203589745227,254.6717694386545,170300.0
2024-10-18,254.93492126464844,256.28012616575626,254.33056074339885,256.28012616575626,205200.0
2024-10-21,254.65220642089844,256.8162250636872,253.2192747554301,256.1923796453365,185700.0
2024-10-22,250.6263732910156,254.11611212134747,249.0569873756377,254.11611212134747,175700.0
2024-10-23,249.5443878173828,250.7823512195373,246.68828145571388,250.5191705822945,196100.0
2024-10-24,248.2771453857422,251.0650244428584,247.6435425939444,248.7157946165256,172400.0
2024-10-25,247.4291229248047,251.95211457697545,246.1814021155166,250.75312100907715,274100.0
2024-10-28,248.72555541992188,249.5833689491129,246.8344746163891,247.78975749044048,241000.0
2024-10-29,247.36085510253903,251.6109083125422,246.8637212751456,248.4818641432944,320200.0
2024-10-30,244.1733245849609,251.61090649318365,243.8126448705937,249.2909337747856,726900.0
2024-10-31,180.2958221435547,211.80079256737403,179.64270461859985,209.5782891099884,2606200.0
2024-11-01,184.4581451416016,186.72939085124955,180.34456053429128,180.45178723728773,1492500.0
2024-11-04,186.2224884033203,188.27928058297496,183.54183586402647,184.4288917286084,849600.0
2024-11-05,188.36700439453125,189.0395919279901,183.15191127424387,186.1834859067431,624400.0
2024-11-06,198.08560180664065,204.2559632955841,194.9662852234228,200.8052390334544,963200.0
2024-11-07,192.83151245117188,199.2650690664369,191.82747262983813,198.14407495988405,795800.0
2024-11-08,197.5494537353516,198.1538142135206,194.0109879863236,194.0109879863236,431700.0
2024-11-11,201.4193725585937,202.98877344468423,199.25535357593472,200.5908012378981,505200.0
2024-11-12,199.4405517578125,202.9400181755954,198.8459336997878,202.1796888389742,477500.0
2024-11-13,198.85568237304688,202.2479222017482,197.0620856704236,198.86542484597257,420900.0
2024-11-14,190.40431213378903,199.118872106008,189.7512094906054,198.62172339513387,541100.0
2024-11-15,188.678955078125,191.8567565034242,187.41173447212253,190.0826446802197,493400.0
2024-11-18,191.3498687744141,192.119940650543,187.8601445261477,189.1078653343093,520300.0
2024-11-19,186.7781219482422,191.9737157523962,186.58316837447745,191.5448089657112,584100.0
2024-11-20,185.45242309570312,187.48971552736128,184.3021865597829,186.9048547862849,521700.0
2024-11-21,190.37506103515625,190.6674988149652,185.2087098385436,187.0607909873277,564200.0
2024-11-22,193.9330444335937,195.707156354636,190.53106181696705,191.0574380097784,659000.0
2024-11-25,193.86480712890625,197.23754727189663,193.04597827644164,195.18075497842943,939600.0
2024-11-26,192.98748779296875,194.43017699552087,191.53507099140555,193.02648743304024,573800.0
2024-11-27,194.3424224853516,196.3699722898421,193.4456241846352,193.4456241846352,595600.0
2024-11-29,194.2442779541016,196.3543576823982,193.24321694335345,194.51907666679216,271700.0
2024-12-02,191.2214813232422,194.34243102195632,190.9466826045387,194.34243102195632,537800.0
2024-12-03,188.30665588378903,191.3490898100308,187.1289448390985,191.2803826361813,471300.0
2024-12-04,189.3175048828125,191.20186031558265,186.96208305496,187.9533202038949,558700.0
2024-12-05,185.3721923828125,190.13211091670567,185.097393641596,189.6413967394749,685100.0
2024-12-06,184.45944213867188,187.78648340719167,184.2729683695,186.4713731067472,608900.0
2024-12-09,189.6610107421875,190.4755979928768,184.3907457920897,184.4103635749448,824400.0
2024-12-10,187.4331817626953,189.8278693285804,185.02868530447432,189.4941872842608,536100.0
2024-12-11,187.9631500244141,188.76791343384843,184.26316118330504,187.7079690851193,696100.0
2024-12-12,187.3056030273437,189.8278660516881,186.4713829555374,187.55096011018,511100.0
2024-12-13,188.57164001464844,189.778792675676,186.7658154692172,186.7658154692172,523700.0
2024-12-16,194.5877990722656,195.4710785786034,188.5225642090806,188.57163862063445,752800.0
2024-12-17,189.8965606689453,194.3031640011008,189.61193808544337,192.801579951446,481100.0
2024-12-18,190.82891845703125,202.2919936571925,190.62281192765047,192.35994418817813,988200.0
2024-12-19,184.1257476806641,191.85940679294424,183.90983227572383,190.81908030759303,716200.0
2024-12-20,186.9130249023437,194.26392858150177,186.84433270555584,187.58040396269985,2470400.0
2024-12-23,186.873779296875,190.0339798424364,185.0777635849261,186.66767275024776,606800.0
2024-12-24,188.8856964111328,188.89550530294483,186.27509355003727,186.47137621412853,142000.0
2024-12-26,188.2673797607422,190.7307592347832,188.120156540527,188.54217846798952,359500.0
2024-12-27,186.88357543945312,188.8366231512628,185.57827400095613,187.0111659108228,332400.0
2024-12-30,184.9109039306641,186.75597889484632,182.89897298223647,184.76368070493115,366100.0
2024-12-31,185.46051025390625,187.2859675224676,183.85096841310863,185.38199419150047,342700.0
2025-01-02,184.1257476806641,187.4429798334676,183.6154008166775,186.31432840302435,328600.0
2025-01-03,184.5870361328125,185.4310650683279,183.81169939096307,184.37112070916385,403700.0
2025-01-06,183.232666015625,186.7756228820685,182.84010067421727,185.77456179344853,493000.0
2025-01-07,185.5390167236328,187.5509476644615,183.86076779922064,184.3809235822837,469800.0
2025-01-08,186.1376953125,187.2074485673585,182.79102120928192,185.4605073881964,342100.0
2025-01-10,186.4910125732422,186.86394514959267,183.53690376140423,184.5183320762139,370200.0
2025-01-13,191.5159149169922,192.2421772389672,185.52919638891987,187.01116268338427,464000.0
2025-01-14,193.76336669921875,193.8811482691459,189.5530462156273,191.5060937687346,429500.0
2025-01-15,195.00979614257807,196.727295631712,193.03713069191943,196.6487795723028,346300.0
2025-01-16,197.2867126464844,198.5625723771611,192.99786097509104,194.50926887887024,411100.0
2025-01-17,198.78829956054688,200.2800747276401,196.85488466597536,198.73922515184773,640700.0
2025-01-21,204.7357635498047,205.35406818690424,200.70209253360923,200.98670015878065,549100.0
2025-01-22,201.35964965820312,203.82302938745727,201.05540927047383,203.65618836758668,590100.0
2025-01-23,200.3487701416016,203.322496656629,196.1580671581356,202.49810048869028,482200.0
2025-01-24,198.95513916015625,200.40764879983604,198.09147749447305,199.92675853404987,337900.0
2025-01-27,199.2201385498047,202.76309535702217,197.89520433773816,199.5734533413286,414300.0
2025-01-28,192.1342315673828,199.42623699292147,190.1909926592216,199.42623699292147,495100.0
2025-01-29,189.3076934814453,193.38061470593308,188.37533964425725,191.68274803607216,559700.0
2025-01-30,191.8692321777344,192.1734725539204,187.3350382350252,189.68065126723545,469300.0
2025-01-31,193.59654235839844,194.5387201218633,190.6228157875924,192.48753855527696,388500.0
2025-02-03,192.9095458984375,194.22465623756432,188.05147876705487,191.4275945439356,549600.0
2025-02-04,192.12440490722656,193.87134614039084,191.14297657509348,192.0164471916756,395500.0
2025-02-05,191.9477386474609,194.19520274744983,190.5148468154065,193.6946797318384,645700.0
2025-02-06,156.78318786621094,171.74997105844704,155.92934994507982,168.01073122746857,2389500.0
2025-02-07,165.36087036132812,166.80357125374127,158.95214434554822,159.0110276512943,1683000.0
2025-02-10,165.1449432373047,169.78709487517074,164.38923925775202,166.09692988059112,801300.0
2025-02-11,164.6542205810547,165.08605140419664,162.47544868277046,164.38923076223458,567300.0
2025-02-12,160.45372009277344,164.80144032599932,159.83541546418803,163.13301519096424,721300.0
2025-02-13,157.8332977294922,162.6520990366409,157.70570726536624,161.93566061008588,787100.0
2025-02-14,158.2749481201172,160.35557135009407,156.44949086019545,158.97175383563243,848000.0
2025-02-18,166.55819702148438,168.27569648089474,161.63142295051898,161.93566331583517,1212100.0
2025-02-19,170.54278564453125,171.2788568080725,167.6671931784189,167.82422528740517,1098800.0
2025-02-20,174.58627319335938,176.54912972034094,170.55260243139597,171.10219986288573,903800.0
2025-02-21,167.12741088867188,174.9788369255666,167.0390859398544,174.23295684320803,830200.0
2025-02-24,165.67491149902344,169.52210869770195,165.62583708818008,168.4817970796164,820600.0
2025-02-25,172.2210235595703,172.64304549046562,165.69453174624906,165.86137275019158,1143000.0
2025-02-26,169.97357177734375,173.35949645918015,168.88418575184082,172.5252764036895,727900.0
2025-02-27,171.04331970214844,172.6136109427146,169.37489461867634,170.39557344225935,769500.0
2025-02-28,173.66441345214844,173.8325569308473,169.68826766805276,171.2708176087588,2520900.0
2025-03-03,170.79605102539062,177.0075500037522,168.9959151042792,176.68114849827427,1292300.0
2025-03-04,170.42019653320312,173.7336387156228,165.87037685630168,168.194744209302,921700.0
2025-03-05,191.4779052734375,193.1197980880443,179.03515283522745,184.46526168205,1782600.0
2025-03-06,191.814208984375,193.2879584602049,185.3455672769525,189.81625812866403,1177900.0
2025-03-07,193.8319549560547,195.68154829720345,188.4117463608449,189.81625225157413,929100.0
2025-03-10,194.88040161132807,202.041418648924,191.0427275794493,191.2306570943344,1039600.0
2025-03-11,192.88243103027344,194.7518104835832,188.27328320644847,194.7518104835832,946900.0
2025-03-12,189.63821411132807,193.713275015886,185.95879824679847,192.2494110062541,498700.0
2025-03-13,193.37696838378903,195.9782797507896,189.47996670483468,189.47996670483468,755100.0
2025-03-14,194.01988220214844,196.01783297277208,192.7043907983332,194.2572541237116,790800.0
2025-03-17,204.8702087402344,206.5219871663548,194.46497811000003,194.46497811000003,1200800.0
2025-03-18,206.29449462890625,207.70888598918825,202.20954837491152,204.1877282414752,681700.0
2025-03-19,205.1669158935547,208.9452466512757,204.454785032501,205.81971886619465,518800.0
2025-03-20,199.50933837890625,204.158058077066,198.58947688697512,204.01958608919955,651200.0
2025-03-21,199.2719573974609,201.2995948537542,196.838789431446,199.32141491440763,1446100.0
2025-03-24,203.6437225341797,204.4745544428213,199.044460454193,200.08299279383783,525500.0
2025-03-25,203.9998016357422,205.37463605883107,201.9820647838181,203.24809870900867,557400.0
2025-03-26,201.0523223876953,204.88998120775645,200.23137590168105,204.11849223869527,438200.0
2025-03-27,200.93360900878903,202.64474541810097,198.55979926373243,201.3490400518725,350500.0
2025-03-28,203.0799560546875,203.58438649664063,200.5874451514472,200.6566736000377,560200.0
2025-03-31,201.8139038085937,204.42510063474785,200.0829964213848,201.78423231791248,666700.0
2025-04-01,199.9939880371093,203.0502724088297,198.66861110528643,202.1897689682501,549800.0
2025-04-02,202.69419860839844,203.18874358925217,196.77944486323605,197.8179923414919,500100.0
2025-04-03,197.04649353027344,204.67236830219687,195.0781991716184,200.29070723514144,690700.0
2025-04-04,182.93218994140625,193.79239376475687,182.58601750160247,192.0219293299599,855800.0
2025-04-07,181.31007385253903,188.02600297334791,175.48433473000586,179.30222248874625,826300.0
2025-04-08,185.4939117431641,193.5352173963163,182.44752815641465,190.88446372952257,822800.0
2025-04-09,197.8971099853516,200.3302626997328,180.795737077772,180.88476663937263,1009100.0
2025-04-10,198.69827270507807,201.54685649389623,193.1890497186456,194.7122415493076,836700.0
2025-04-11,213.38626098632807,216.3930876491372,205.0976827743136,206.3835026659526,1474100.0
2025-04-14,217.55032348632807,219.0537443809067,211.08168209175057,214.32589580109973,1152000.0
2025-04-15,215.6018218994141,219.0933081964888,215.03804847899224,216.27441090975,722800.0
2025-04-16,213.247802734375,216.1260430656513,211.31906522657096,213.88081970900507,614800.0
2025-04-17,217.08546447753903,217.98553998105103,211.24983963534189,211.714713133098,793500.0
2025-04-21,215.483139038086,219.12298284233145,213.0104141409686,215.93812705977416,478000.0
2025-04-22,214.85011291503903,217.2140372122824,209.18263191814123,212.88181854755385,871300.0
2025-04-23,215.5523681640625,218.83615408205705,213.1093298429689,216.61070166766325,793400.0
2025-04-24,219.4790496826172,219.82523719544136,214.64240052304447,217.37229839206697,824400.0
2025-04-25,223.5837860107422,223.920072971278,219.9340416838218,219.9340416838218,570300.0
2025-04-28,225.85870361328125,229.8150635445509,223.0694626174248,229.46887601363863,679100.0
2025-04-29,227.85665893554688,229.31062244589987,224.5728879768484,224.5728879768484,503800.0
2025-04-30,227.82696533203125,228.45009680236865,223.92994868751583,227.51046441010607,748800.0
2025-05-01,224.9981842041016,235.40341500935497,219.59776137028945,235.26494301598325,1063300.0
2025-05-02,227.51046752929688,230.3095938128064,221.08138305198003,227.6588249803092,669000.0
2025-05-05,230.635986328125,231.87234876043289,226.44225461681827,229.08312296115005,604200.0
2025-05-06,230.35903930664065,231.2294432770244,226.94668205702584,228.6281319242824,504600.0
2025-05-07,227.6984100341797,231.6646554050302,227.6489525169126,229.08312996376668,429000.0
2025-05-08,230.4084930419922,232.07017194980065,226.9862503824233,228.9545296572777,522300.0
2025-05-09,229.1029052734375,232.70319201428484,227.70828485023767,232.4361335073857,329300.0
2025-05-12,227.2335357666016,233.0296036104506,225.1959977452475,232.43614358989075,530100.0
2025-05-13,223.26727294921875,227.22363279815448,222.2781829869848,226.87746036676168,478900.0
2025-05-14,220.6758575439453,223.2277114051591,217.31295777836635,222.97053836118025,522300.0
2025-05-15,225.6707763671875,226.5411652980298,221.87267441719683,224.8795013545272,385700.0
2025-05-16,227.54014587402344,227.9258903505902,224.5432045347781,226.51148387496875,311300.0
2025-05-19,226.8477783203125,229.7359190645759,225.2652284174464,227.04559328509217,518400.0
2025-05-20,225.53228759765625,227.490681411788,224.23658221829857,225.9378029943618,420400.0
2025-05-21,220.9429168701172,225.52239305531447,220.4384713387969,225.52239305531447,453200.0
2025-05-22,222.04080200195312,223.6431228459005,218.33171479480487,220.1219651386848,551600.0
2025-05-23,222.2880706787109,223.16836009045167,218.9350565045172,219.7757738683627,256700.0
2025-05-27,225.354248046875,225.5322920838728,222.49577872727272,224.5234161203912,366200.0
2025-05-28,223.13868713378903,226.73897376056007,222.79249963239576,226.1553992502988,315800.0
2025-05-29,221.23963928222656,222.6837172923408,219.78569089787013,222.0605857759628,1057900.0
2025-05-30,221.966049194336,222.8516837790568,218.74194877461125,220.65253073769583,590900.0
2025-06-02,221.70733642578125,222.4138459061867,218.8514012944684,221.80683689053728,446300.0
2025-06-03,226.842025756836,227.90677027568685,221.09035855782545,223.09051066168857,491400.0
2025-06-04,223.68756103515625,227.8669752215913,223.6477638871513,227.8669752215913,463400.0
2025-06-05,223.6776123046875,224.78216914928453,221.6675147205472,224.3542852826168,484300.0
2025-06-06,225.3792419433593,226.91168271782416,223.89654380924284,224.87173339299315,313000.0
2025-06-09,226.9514923095703,227.97643970524496,223.08055531120408,225.89667807250885,483400.0
2025-06-10,222.2048797607422,226.51364609788504,221.22969019590647,226.4141304512064,443400.0
2025-06-11,225.0408935546875,225.17026085861937,213.99534004788748,221.6774803080616,548100.0
2025-06-12,227.996322631836,228.17544775404795,222.3939441485604,223.7074625809749,329200.0
2025-06-13,231.588623046875,234.73312917142167,228.87201597829244,232.0065614278911,455900.0
2025-06-16,228.13563537597656,233.58877076020525,225.6379506279725,233.58877076020525,546600.0
2025-06-17,232.9320068359375,233.32009355750705,225.88672735025145,228.8720144958495,544700.0
2025-06-18,233.0613708496093,238.1164436496211,231.986665670282,235.2804300116885,524300.0
2025-06-20,233.3897399902344,234.6236641307666,229.5884822924577,233.64847459128856,1555700.0
2025-06-23,235.9372100830078,238.50454377445536,234.0564797094389,234.6535280533278,495700.0
2025-06-24,230.49403381347656,233.1011798239327,228.59339728367624,232.67329593902232,379700.0
2025-06-25,233.96690368652344,234.92220227033727,227.5684454170353,230.30495868047456,612700.0
2025-06-26,238.65380859375,240.6738516926995,235.0316607766038,235.56900578501285,292700.0
2025-06-27,237.4795837402344,238.3154756715913,235.4993530065537,237.1512155197202,516000.0
2025-06-30,240.2758178710937,240.85296002354352,236.00684875346025,238.0368525137764,315900.0
2025-07-01,245.10202026367188,246.5349605059344,238.3751787752233,238.50453089156963,521400.0
2025-07-02,248.9231872558593,249.3411408184133,241.43011772993745,243.41036367077905,446100.0
2025-07-03,250.8437347412109,251.83883047637096,246.42550724766755,247.05242241968423,304200.0
2025-07-07,252.28662109375,255.3614632782329,251.1323063941917,252.3960822322246,403200.0
2025-07-08,246.7339782714844,251.60995636112995,245.1318735709367,251.43083123766303,560200.0
2025-07-09,247.69923400878903,248.97295536302445,245.79859746878165,247.63953069280245,290300.0
2025-07-10,256.8441467285156,257.1825060036855,248.7739348583098,250.34618794868905,656200.0
2025-07-11,256.913818359375,257.85917148711684,252.6249580242969,255.9286832657693,367300.0
2025-07-14,257.23223876953125,258.32685011447313,253.72949764967268,256.23714306829515,374700.0
2025-07-15,252.4358825683593,258.2571987793648,251.9682015351052,256.2570466041593,340600.0
2025-07-16,252.57521057128903,254.5255897384125,249.78893943429927,252.5851560625656,415900.0
2025-07-17,254.0977020263672,254.913687817432,252.34632381489388,252.75431671042628,322800.0
2025-07-18,253.24191284179688,256.3465914158634,250.60490009849,253.76931235366715,542800.0
2025-07-21,251.68955993652344,254.2469632939632,250.86364382860447,254.2469632939632,334200.0
2025-07-22,252.7145233154297,254.1773000984845,249.6794782415649,249.6794782415649,365200.0
2025-07-23,264.25762939453125,264.2974417282177,255.90879170262903,255.90879170262903,587200.0
2025-07-24,262.0385437011719,266.68565409523484,261.4614015429961,263.4217413344573,371700.0
2025-07-25,263.5212707519531,264.5163665281923,260.16780284489323,261.7997441266107,327600.0
2025-07-28,261.2026672363281,263.8993985169945,259.7199843232489,263.70036722475464,315600.0
2025-07-29,259.5607604980469,262.9341495204425,258.7547354050324,262.7251575571343,281000.0
2025-07-30,257.25213623046875,260.7150802904388,255.1923111566418,259.9090551815692,540300.0
2025-07-31,277.49237060546875,291.70236626658766,276.2087190253208,277.30333036211834,2038700.0
2025-08-01,268.50665283203125,277.4923655695478,266.03883499157587,275.5121348924901,770100.0
2025-08-04,264.3670959472656,271.6810252683335,263.5112978281636,269.0440276574529,417500.0
2025-08-05,269.5913391113281,270.1485902712194,263.24262371694834,264.06853978210165,591200.0
2025-08-06,266.1781616210937,271.591485117046,265.78012938096174,270.6660533259586,403400.0
2025-08-07,265.1432800292969,267.1036199106593,257.72980439659267,267.1036199106593,476200.0
2025-08-08,263.3918762207031,270.6660231637974,262.79481274308336,266.27764759997046,468900.0
2025-08-11,265.34228515625,268.6858227871758,262.44655277600884,262.44655277600884,391200.0
2025-08-12,266.6856689453125,267.1135528422614,263.4914199956623,264.9143996722579,347100.0
2025-08-13,268.108642578125,270.138646425859,264.4068851465689,268.5265961580368,337800.0
2025-08-14,266.1482849121094,270.33765963454505,265.8298773707207,267.74044409069484,236900.0
2025-08-15,264.9442443847656,265.690566199934,264.028742929611,265.1333150073746,346600.0
2025-08-18,266.2876281738281,268.2977106518524,264.71535988633843,265.5512366703063,328100.0
2025-08-19,264.098388671875,266.54631555346384,261.79972006942387,264.6556398259292,629400.0
2025-08-20,265.7801208496094,266.6159976374295,261.3718539550211,263.70037437135835,433400.0
2025-08-21,265.1731262207031,266.227925285587,263.25256834483366,265.2129081857805,242300.0
2025-08-22,268.65594482421875,270.2978466361149,266.64583209865543,266.64583209865543,359000.0
2025-08-25,269.3923034667969,270.2978441789477,268.4071684621967,269.20323285833075,342600.0
2025-08-26,270.4073181152344,272.35772771308484,267.8200933760561,268.7753768238744,432700.0
2025-08-27,275.0345153808594,275.55195421294064,269.97941221365977,270.2281861389142,393200.0
2025-08-28,273.91998291015625,275.94998664490345,271.7009389305394,275.0444459120893,448100.0
2025-08-29,270.7900085449219,276.19000244140625,270.3699951171875,274.69000244140625,363900.0
2025-09-02,269.7099914550781,272.260009765625,267.510009765625,269.6400146484375,453600.0
2025-09-03,269.3299865722656,270.32000732421875,266.6000061035156,270.2900085449219,456400.0
2025-09-04,269.9800109863281,270.5299987792969,267.1700134277344,268.5,385600.0
2025-09-05,271.1300048828125,271.3299865722656,266.0,270.1400146484375,362700.0
2025-09-08,269.94000244140625,271.0199890136719,265.44000244140625,270.8699951171875,399600.0
2025-09-09,267.07000732421875,269.7099914550781,264.0,269.29998779296875,431800.0
2025-09-10,271.92999267578125,273.7099914550781,267.17999267578125,267.5199890136719,408500.0
2025-09-11,276.07000732421875,276.92999267578125,272.19000244140625,272.19000244140625,295200.0
2025-09-12,274.7099914550781,277.739990234375,274.0599975585937,277.510009765625,217100.0
2025-09-15,273.0199890136719,276.5899963378906,270.8099975585937,273.1300048828125,504600.0
2025-09-16,273.19000244140625,276.9100036621094,270.2900085449219,274.2900085449219,609400.0
2025-09-17,272.4599914550781,274.8699951171875,271.42999267578125,272.8599853515625,353700.0
2025-09-18,274.69000244140625,275.8999938964844,270.67999267578125,272.20001220703125,454600.0
2025-09-19,275.1300048828125,277.0,271.3500061035156,276.0599975585937,1344100.0
2025-09-22,276.1600036621094,276.8599853515625,273.67999267578125,273.8800048828125,497100.0
2025-09-23,276.010009765625,280.79998779296875,275.010009765625,277.0,427300.0
2025-09-24,277.510009765625,280.9700012207031,276.4100036621094,276.5199890136719,600600.0
2025-09-25,271.25,281.1000061035156,270.20001220703125,278.9200134277344,699800.0
2025-09-26,278.7699890136719,279.3500061035156,273.25,273.29998779296875,369000.0
2025-09-29,279.5299987792969,282.25,278.8099975585937,281.3800048828125,308000.0
2025-09-30,287.9100036621094,288.1099853515625,279.6400146484375,279.6400146484375,425800.0
2025-10-01,286.010009765625,291.5199890136719,283.75,284.5400085449219,468500.0
2025-10-02,282.2200012207031,287.1300048828125,281.4100036621094,285.5799865722656,378500.0
2025-10-03,284.239990234375,286.3699951171875,279.0,283.3399963378906,387400.0
2025-10-06,288.489990234375,290.6700134277344,285.70001220703125,285.9599914550781,335500.0
2025-10-07,285.3800048828125,291.3399963378906,284.17999267578125,289.57000732421875,442800.0
2025-10-08,290.8299865722656,290.8299865722656,285.3599853515625,286.739990234375,264900.0
2025-10-09,286.1400146484375,291.489990234375,284.7099914550781,290.8299865722656,333600.0
2025-10-10,282.989990234375,287.2200012207031,281.29998779296875,286.1300048828125,421900.0
2025-10-13,287.8999938964844,288.2300109863281,283.1600036621094,283.510009765625,334400.0
2025-10-14,291.94000244140625,296.0299987792969,284.0199890136719,288.2099914550781,642700.0
2025-10-15,284.9599914550781,295.489990234375,278.6400146484375,293.0,562800.0
2025-10-16,282.6600036621094,287.57000732421875,282.510009765625,286.6499938964844,354300.0
